okres;rok;miesiac;kraj;kod_kraju;typ_kraju;kod_cn;towar;wartosc;jednostka;status;flaga_gus;tajnosc_gus;brak_wartosci_gus;wartosc_opisowa_gus;precyzja_gus;id_kraju_gus;id_cn_gus;id_okresu_gus
2018;2018;;Afganistan;AF;kraj_lub_terytorium;27111100;27111100 - Gaz ziemny skroplony [TJ];;TJ;brak_rekordu_w_api;;;;;;6649873;8212945000062;282
2018;2018;;Afganistan;AF;kraj_lub_terytorium;27112100;27112100 - Gaz ziemny w stanie gazowym [TJ];;TJ;brak_rekordu_w_api;;;;;;6649873;8212898000062;282
2018;2018;;Albania;AL;kraj_lub_terytorium;27111100;27111100 - Gaz ziemny skroplony [TJ];;TJ;brak_rekordu_w_api;;;;;;6649925;8212945000062;282
2018;2018;;Albania;AL;kraj_lub_terytorium;27112100;27112100 - Gaz ziemny w stanie gazowym [TJ];;TJ;brak_rekordu_w_api;;;;;;6649925;8212898000062;282
2018;2018;;Algieria;DZ;kraj_lub_terytorium;27111100;27111100 - Gaz ziemny skroplony [TJ];;TJ;brak_rekordu_w_api;;;;;;6649763;8212945000062;282
2018;2018;;Algieria;DZ;kraj_lub_terytorium;27112100;27112100 - Gaz ziemny w stanie gazowym [TJ];;TJ;brak_rekordu_w_api;;;;;;6649763;8212898000062;282
2018;2018;;Andora;AD;kraj_lub_terytorium;27111100;27111100 - Gaz ziemny skroplony [TJ];;TJ;brak_rekordu_w_api;;;;;;6649924;8212945000062;282
2018;2018;;Andora;AD;kraj_lub_terytorium;27112100;27112100 - Gaz ziemny w stanie gazowym [TJ];;TJ;brak_rekordu_w_api;;;;;;6649924;8212898000062;282
2018;2018;;Angola;AO;kraj_lub_terytorium;27111100;27111100 - Gaz ziemny skroplony [TJ];;TJ;brak_rekordu_w_api;;;;;;6649760;8212945000062;282
2018;2018;;Angola;AO;kraj_lub_terytorium;27112100;27112100 - Gaz ziemny w stanie gazowym [TJ];;TJ;brak_rekordu_w_api;;;;;;6649760;8212898000062;282
2018;2018;;Anguilla;AI;kraj_lub_terytorium;27111100;27111100 - Gaz ziemny skroplony [TJ];;TJ;brak_rekordu_w_api;;;;;;6649790;8212945000062;282
2018;2018;;Anguilla;AI;kraj_lub_terytorium;27112100;27112100 - Gaz ziemny w stanie gazowym [TJ];;TJ;brak_rekordu_w_api;;;;;;6649790;8212898000062;282
2018;2018;;Antarktyda;AQ;kraj_lub_terytorium;27111100;27111100 - Gaz ziemny skroplony [TJ];;TJ;brak_rekordu_w_api;;;;;;6649670;8212945000062;282
2018;2018;;Antarktyda;AQ;kraj_lub_terytorium;27112100;27112100 - Gaz ziemny w stanie gazowym [TJ];;TJ;brak_rekordu_w_api;;;;;;6649670;8212898000062;282
2018;2018;;Antigua i Barbuda;AG;kraj_lub_terytorium;27111100;27111100 - Gaz ziemny skroplony [TJ];;TJ;brak_rekordu_w_api;;;;;;6649818;8212945000062;282
2018;2018;;Antigua i Barbuda;AG;kraj_lub_terytorium;27112100;27112100 - Gaz ziemny w stanie gazowym [TJ];;TJ;brak_rekordu_w_api;;;;;;6649818;8212898000062;282
2018;2018;;Arabia Saudyjska;SA;kraj_lub_terytorium;27111100;27111100 - Gaz ziemny skroplony [TJ];;TJ;brak_rekordu_w_api;;;;;;6649830;8212945000062;282
2018;2018;;Arabia Saudyjska;SA;kraj_lub_terytorium;27112100;27112100 - Gaz ziemny w stanie gazowym [TJ];;TJ;brak_rekordu_w_api;;;;;;6649830;8212898000062;282
2018;2018;;Argentyna;AR;kraj_lub_terytorium;27111100;27111100 - Gaz ziemny skroplony [TJ];;TJ;brak_rekordu_w_api;;;;;;6649781;8212945000062;282
2018;2018;;Argentyna;AR;kraj_lub_terytorium;27112100;27112100 - Gaz ziemny w stanie gazowym [TJ];;TJ;brak_rekordu_w_api;;;;;;6649781;8212898000062;282
2018;2018;;Armenia;AM;kraj_lub_terytorium;27111100;27111100 - Gaz ziemny skroplony [TJ];;TJ;brak_rekordu_w_api;;;;;;6649869;8212945000062;282
2018;2018;;Armenia;AM;kraj_lub_terytorium;27112100;27112100 - Gaz ziemny w stanie gazowym [TJ];;TJ;brak_rekordu_w_api;;;;;;6649869;8212898000062;282
2018;2018;;Aruba;AW;kraj_lub_terytorium;27111100;27111100 - Gaz ziemny skroplony [TJ];;TJ;brak_rekordu_w_api;;;;;;6649770;8212945000062;282
2018;2018;;Aruba;AW;kraj_lub_terytorium;27112100;27112100 - Gaz ziemny w stanie gazowym [TJ];;TJ;brak_rekordu_w_api;;;;;;6649770;8212898000062;282
2018;2018;;Australia;AU;kraj_lub_terytorium;27111100;27111100 - Gaz ziemny skroplony [TJ];;TJ;brak_rekordu_w_api;;;;;;6649699;8212945000062;282
2018;2018;;Australia;AU;kraj_lub_terytorium;27112100;27112100 - Gaz ziemny w stanie gazowym [TJ];;TJ;brak_rekordu_w_api;;;;;;6649699;8212898000062;282
2018;2018;;Austria;AT;kraj_lub_terytorium;27111100;27111100 - Gaz ziemny skroplony [TJ];;TJ;brak_rekordu_w_api;;;;;;6649923;8212945000062;282
2018;2018;;Austria;AT;kraj_lub_terytorium;27112100;27112100 - Gaz ziemny w stanie gazowym [TJ];;TJ;brak_rekordu_w_api;;;;;;6649923;8212898000062;282
2018;2018;;Azerbejdżan;AZ;kraj_lub_terytorium;27111100;27111100 - Gaz ziemny skroplony [TJ];;TJ;brak_rekordu_w_api;;;;;;6649872;8212945000062;282
2018;2018;;Azerbejdżan;AZ;kraj_lub_terytorium;27112100;27112100 - Gaz ziemny w stanie gazowym [TJ];;TJ;brak_rekordu_w_api;;;;;;6649872;8212898000062;282
2018;2018;;Bahamy;BS;kraj_lub_terytorium;27111100;27111100 - Gaz ziemny skroplony [TJ];;TJ;brak_rekordu_w_api;;;;;;7473138;8212945000062;282
2018;2018;;Bahamy;BS;kraj_lub_terytorium;27112100;27112100 - Gaz ziemny w stanie gazowym [TJ];;TJ;brak_rekordu_w_api;;;;;;7473138;8212898000062;282
2018;2018;;Bahrajn;BH;kraj_lub_terytorium;27111100;27111100 - Gaz ziemny skroplony [TJ];;TJ;brak_rekordu_w_api;;;;;;6649871;8212945000062;282
2018;2018;;Bahrajn;BH;kraj_lub_terytorium;27112100;27112100 - Gaz ziemny w stanie gazowym [TJ];;TJ;brak_rekordu_w_api;;;;;;6649871;8212898000062;282
2018;2018;;Bangladesz;BD;kraj_lub_terytorium;27111100;27111100 - Gaz ziemny skroplony [TJ];;TJ;brak_rekordu_w_api;;;;;;6649870;8212945000062;282
2018;2018;;Bangladesz;BD;kraj_lub_terytorium;27112100;27112100 - Gaz ziemny w stanie gazowym [TJ];;TJ;brak_rekordu_w_api;;;;;;6649870;8212898000062;282
2018;2018;;Barbados;BB;kraj_lub_terytorium;27111100;27111100 - Gaz ziemny skroplony [TJ];;TJ;brak_rekordu_w_api;;;;;;6649817;8212945000062;282
2018;2018;;Barbados;BB;kraj_lub_terytorium;27112100;27112100 - Gaz ziemny w stanie gazowym [TJ];;TJ;brak_rekordu_w_api;;;;;;6649817;8212898000062;282
2018;2018;;Belgia;BE;kraj_lub_terytorium;27111100;27111100 - Gaz ziemny skroplony [TJ];;TJ;brak_rekordu_w_api;;;;;;6649922;8212945000062;282
2018;2018;;Belgia;BE;kraj_lub_terytorium;27112100;27112100 - Gaz ziemny w stanie gazowym [TJ];;TJ;brak_rekordu_w_api;;;;;;6649922;8212898000062;282
2018;2018;;Belize;BZ;kraj_lub_terytorium;27111100;27111100 - Gaz ziemny skroplony [TJ];;TJ;brak_rekordu_w_api;;;;;;6649815;8212945000062;282
2018;2018;;Belize;BZ;kraj_lub_terytorium;27112100;27112100 - Gaz ziemny w stanie gazowym [TJ];;TJ;brak_rekordu_w_api;;;;;;6649815;8212898000062;282
2018;2018;;Benin;BJ;kraj_lub_terytorium;27111100;27111100 - Gaz ziemny skroplony [TJ];;TJ;brak_rekordu_w_api;;;;;;6649747;8212945000062;282
2018;2018;;Benin;BJ;kraj_lub_terytorium;27112100;27112100 - Gaz ziemny w stanie gazowym [TJ];;TJ;brak_rekordu_w_api;;;;;;6649747;8212898000062;282
2018;2018;;Bermudy;BM;kraj_lub_terytorium;27111100;27111100 - Gaz ziemny skroplony [TJ];;TJ;brak_rekordu_w_api;;;;;;6649816;8212945000062;282
2018;2018;;Bermudy;BM;kraj_lub_terytorium;27112100;27112100 - Gaz ziemny w stanie gazowym [TJ];;TJ;brak_rekordu_w_api;;;;;;6649816;8212898000062;282
2018;2018;;Bhutan;BT;kraj_lub_terytorium;27111100;27111100 - Gaz ziemny skroplony [TJ];;TJ;brak_rekordu_w_api;;;;;;6649868;8212945000062;282
2018;2018;;Bhutan;BT;kraj_lub_terytorium;27112100;27112100 - Gaz ziemny w stanie gazowym [TJ];;TJ;brak_rekordu_w_api;;;;;;6649868;8212898000062;282
2018;2018;;Białoruś;BY;kraj_lub_terytorium;27111100;27111100 - Gaz ziemny skroplony [TJ];;TJ;brak_rekordu_w_api;;;;;;6649919;8212945000062;282
2018;2018;;Białoruś;BY;kraj_lub_terytorium;27112100;27112100 - Gaz ziemny w stanie gazowym [TJ];;TJ;brak_rekordu_w_api;;;;;;6649919;8212898000062;282
2018;2018;;Boliwia;BO;kraj_lub_terytorium;27111100;27111100 - Gaz ziemny skroplony [TJ];;TJ;brak_rekordu_w_api;;;;;;6649780;8212945000062;282
2018;2018;;Boliwia;BO;kraj_lub_terytorium;27112100;27112100 - Gaz ziemny w stanie gazowym [TJ];;TJ;brak_rekordu_w_api;;;;;;6649780;8212898000062;282
2018;2018;;Bonaire, Sint Eustatius i Saba;BQ;kraj_lub_terytorium;27111100;27111100 - Gaz ziemny skroplony [TJ];;TJ;brak_rekordu_w_api;;;;;;6649769;8212945000062;282
2018;2018;;Bonaire, Sint Eustatius i Saba;BQ;kraj_lub_terytorium;27112100;27112100 - Gaz ziemny w stanie gazowym [TJ];;TJ;brak_rekordu_w_api;;;;;;6649769;8212898000062;282
2018;2018;;Botswana;BW;kraj_lub_terytorium;27111100;27111100 - Gaz ziemny skroplony [TJ];;TJ;brak_rekordu_w_api;;;;;;6649759;8212945000062;282
2018;2018;;Botswana;BW;kraj_lub_terytorium;27112100;27112100 - Gaz ziemny w stanie gazowym [TJ];;TJ;brak_rekordu_w_api;;;;;;6649759;8212898000062;282
2018;2018;;Bośnia i Hercegowina;BA;kraj_lub_terytorium;27111100;27111100 - Gaz ziemny skroplony [TJ];;TJ;brak_rekordu_w_api;;;;;;6649921;8212945000062;282
2018;2018;;Bośnia i Hercegowina;BA;kraj_lub_terytorium;27112100;27112100 - Gaz ziemny w stanie gazowym [TJ];;TJ;brak_rekordu_w_api;;;;;;6649921;8212898000062;282
2018;2018;;Brazylia;BR;kraj_lub_terytorium;27111100;27111100 - Gaz ziemny skroplony [TJ];;TJ;brak_rekordu_w_api;;;;;;6649779;8212945000062;282
2018;2018;;Brazylia;BR;kraj_lub_terytorium;27112100;27112100 - Gaz ziemny w stanie gazowym [TJ];;TJ;brak_rekordu_w_api;;;;;;6649779;8212898000062;282
2018;2018;;Brunei;BN;kraj_lub_terytorium;27111100;27111100 - Gaz ziemny skroplony [TJ];;TJ;brak_rekordu_w_api;;;;;;6649866;8212945000062;282
2018;2018;;Brunei;BN;kraj_lub_terytorium;27112100;27112100 - Gaz ziemny w stanie gazowym [TJ];;TJ;brak_rekordu_w_api;;;;;;6649866;8212898000062;282
2018;2018;;Brytyjskie Terytorium Oceanu Indyjskiego;IO;kraj_lub_terytorium;27111100;27111100 - Gaz ziemny skroplony [TJ];;TJ;brak_rekordu_w_api;;;;;;6649867;8212945000062;282
2018;2018;;Brytyjskie Terytorium Oceanu Indyjskiego;IO;kraj_lub_terytorium;27112100;27112100 - Gaz ziemny w stanie gazowym [TJ];;TJ;brak_rekordu_w_api;;;;;;6649867;8212898000062;282
2018;2018;;Brytyjskie Wyspy Dziewicze;VG;kraj_lub_terytorium;27111100;27111100 - Gaz ziemny skroplony [TJ];;TJ;brak_rekordu_w_api;;;;;;6649814;8212945000062;282
2018;2018;;Brytyjskie Wyspy Dziewicze;VG;kraj_lub_terytorium;27112100;27112100 - Gaz ziemny w stanie gazowym [TJ];;TJ;brak_rekordu_w_api;;;;;;6649814;8212898000062;282
2018;2018;;Burkina Faso;BF;kraj_lub_terytorium;27111100;27111100 - Gaz ziemny skroplony [TJ];;TJ;brak_rekordu_w_api;;;;;;6649702;8212945000062;282
2018;2018;;Burkina Faso;BF;kraj_lub_terytorium;27112100;27112100 - Gaz ziemny w stanie gazowym [TJ];;TJ;brak_rekordu_w_api;;;;;;6649702;8212898000062;282
2018;2018;;Burundi;BI;kraj_lub_terytorium;27111100;27111100 - Gaz ziemny skroplony [TJ];;TJ;brak_rekordu_w_api;;;;;;6649757;8212945000062;282
2018;2018;;Burundi;BI;kraj_lub_terytorium;27112100;27112100 - Gaz ziemny w stanie gazowym [TJ];;TJ;brak_rekordu_w_api;;;;;;6649757;8212898000062;282
2018;2018;;Bułgaria;BG;kraj_lub_terytorium;27111100;27111100 - Gaz ziemny skroplony [TJ];;TJ;brak_rekordu_w_api;;;;;;6649920;8212945000062;282
2018;2018;;Bułgaria;BG;kraj_lub_terytorium;27112100;27112100 - Gaz ziemny w stanie gazowym [TJ];;TJ;brak_rekordu_w_api;;;;;;6649920;8212898000062;282
2018;2018;;Ceuta;XC;kraj_lub_terytorium;27111100;27111100 - Gaz ziemny skroplony [TJ];;TJ;brak_rekordu_w_api;;;;;;6649762;8212945000062;282
2018;2018;;Ceuta;XC;kraj_lub_terytorium;27112100;27112100 - Gaz ziemny w stanie gazowym [TJ];;TJ;brak_rekordu_w_api;;;;;;6649762;8212898000062;282
2018;2018;;Chile;CL;kraj_lub_terytorium;27111100;27111100 - Gaz ziemny skroplony [TJ];;TJ;brak_rekordu_w_api;;;;;;6649778;8212945000062;282
2018;2018;;Chile;CL;kraj_lub_terytorium;27112100;27112100 - Gaz ziemny w stanie gazowym [TJ];;TJ;brak_rekordu_w_api;;;;;;6649778;8212898000062;282
2018;2018;;Chiny;CN;kraj_lub_terytorium;27111100;27111100 - Gaz ziemny skroplony [TJ];;TJ;brak_rekordu_w_api;;;;;;6649862;8212945000062;282
2018;2018;;Chiny;CN;kraj_lub_terytorium;27112100;27112100 - Gaz ziemny w stanie gazowym [TJ];;TJ;brak_rekordu_w_api;;;;;;6649862;8212898000062;282
2018;2018;;Chorwacja;HR;kraj_lub_terytorium;27111100;27111100 - Gaz ziemny skroplony [TJ];;TJ;brak_rekordu_w_api;;;;;;6649918;8212945000062;282
2018;2018;;Chorwacja;HR;kraj_lub_terytorium;27112100;27112100 - Gaz ziemny w stanie gazowym [TJ];;TJ;brak_rekordu_w_api;;;;;;6649918;8212898000062;282
2018;2018;;Curaçao;CW;kraj_lub_terytorium;27111100;27111100 - Gaz ziemny skroplony [TJ];;TJ;brak_rekordu_w_api;;;;;;7463815;8212945000062;282
2018;2018;;Curaçao;CW;kraj_lub_terytorium;27112100;27112100 - Gaz ziemny w stanie gazowym [TJ];;TJ;brak_rekordu_w_api;;;;;;7463815;8212898000062;282
2018;2018;;Cypr;CY;kraj_lub_terytorium;27111100;27111100 - Gaz ziemny skroplony [TJ];;TJ;brak_rekordu_w_api;;;;;;6649917;8212945000062;282
2018;2018;;Cypr;CY;kraj_lub_terytorium;27112100;27112100 - Gaz ziemny w stanie gazowym [TJ];;TJ;brak_rekordu_w_api;;;;;;6649917;8212898000062;282
2018;2018;;Czad;TD;kraj_lub_terytorium;27111100;27111100 - Gaz ziemny skroplony [TJ];;TJ;brak_rekordu_w_api;;;;;;6649753;8212945000062;282
2018;2018;;Czad;TD;kraj_lub_terytorium;27112100;27112100 - Gaz ziemny w stanie gazowym [TJ];;TJ;brak_rekordu_w_api;;;;;;6649753;8212898000062;282
2018;2018;;Czarnogóra;ME;kraj_lub_terytorium;27111100;27111100 - Gaz ziemny skroplony [TJ];;TJ;brak_rekordu_w_api;;;;;;6649895;8212945000062;282
2018;2018;;Czarnogóra;ME;kraj_lub_terytorium;27112100;27112100 - Gaz ziemny w stanie gazowym [TJ];;TJ;brak_rekordu_w_api;;;;;;6649895;8212898000062;282
2018;2018;;Czechy;CZ;kraj_lub_terytorium;27111100;27111100 - Gaz ziemny skroplony [TJ];;TJ;brak_rekordu_w_api;;;;;;7439975;8212945000062;282
2018;2018;;Czechy;CZ;kraj_lub_terytorium;27112100;27112100 - Gaz ziemny w stanie gazowym [TJ];;TJ;brak_rekordu_w_api;;;;;;7439975;8212898000062;282
2018;2018;;Dania;DK;kraj_lub_terytorium;27111100;27111100 - Gaz ziemny skroplony [TJ];;TJ;brak_rekordu_w_api;;;;;;6649916;8212945000062;282
2018;2018;;Dania;DK;kraj_lub_terytorium;27112100;27112100 - Gaz ziemny w stanie gazowym [TJ];;TJ;brak_rekordu_w_api;;;;;;6649916;8212898000062;282
2018;2018;;Demokratyczna Republika Konga;CD;kraj_lub_terytorium;27111100;27111100 - Gaz ziemny skroplony [TJ];;TJ;brak_rekordu_w_api;;;;;;6649750;8212945000062;282
2018;2018;;Demokratyczna Republika Konga;CD;kraj_lub_terytorium;27112100;27112100 - Gaz ziemny w stanie gazowym [TJ];;TJ;brak_rekordu_w_api;;;;;;6649750;8212898000062;282
2018;2018;;Dominika;DM;kraj_lub_terytorium;27111100;27111100 - Gaz ziemny skroplony [TJ];;TJ;brak_rekordu_w_api;;;;;;6649809;8212945000062;282
2018;2018;;Dominika;DM;kraj_lub_terytorium;27112100;27112100 - Gaz ziemny w stanie gazowym [TJ];;TJ;brak_rekordu_w_api;;;;;;6649809;8212898000062;282
2018;2018;;Dominikana;DO;kraj_lub_terytorium;27111100;27111100 - Gaz ziemny skroplony [TJ];;TJ;brak_rekordu_w_api;;;;;;6649941;8212945000062;282
2018;2018;;Dominikana;DO;kraj_lub_terytorium;27112100;27112100 - Gaz ziemny w stanie gazowym [TJ];;TJ;brak_rekordu_w_api;;;;;;6649941;8212898000062;282
2018;2018;;Dżibuti;DJ;kraj_lub_terytorium;27111100;27111100 - Gaz ziemny skroplony [TJ];;TJ;brak_rekordu_w_api;;;;;;6649743;8212945000062;282
2018;2018;;Dżibuti;DJ;kraj_lub_terytorium;27112100;27112100 - Gaz ziemny w stanie gazowym [TJ];;TJ;brak_rekordu_w_api;;;;;;6649743;8212898000062;282
2018;2018;;Egipt;EG;kraj_lub_terytorium;27111100;27111100 - Gaz ziemny skroplony [TJ];;TJ;brak_rekordu_w_api;;;;;;6649704;8212945000062;282
2018;2018;;Egipt;EG;kraj_lub_terytorium;27112100;27112100 - Gaz ziemny w stanie gazowym [TJ];;TJ;brak_rekordu_w_api;;;;;;6649704;8212898000062;282
2018;2018;;Ekwador;EC;kraj_lub_terytorium;27111100;27111100 - Gaz ziemny skroplony [TJ];;TJ;brak_rekordu_w_api;;;;;;6649776;8212945000062;282
2018;2018;;Ekwador;EC;kraj_lub_terytorium;27112100;27112100 - Gaz ziemny w stanie gazowym [TJ];;TJ;brak_rekordu_w_api;;;;;;6649776;8212898000062;282
2018;2018;;Erytrea;ER;kraj_lub_terytorium;27111100;27111100 - Gaz ziemny skroplony [TJ];;TJ;brak_rekordu_w_api;;;;;;6649744;8212945000062;282
2018;2018;;Erytrea;ER;kraj_lub_terytorium;27112100;27112100 - Gaz ziemny w stanie gazowym [TJ];;TJ;brak_rekordu_w_api;;;;;;6649744;8212898000062;282
2018;2018;;Estonia;EE;kraj_lub_terytorium;27111100;27111100 - Gaz ziemny skroplony [TJ];;TJ;brak_rekordu_w_api;;;;;;6649915;8212945000062;282
2018;2018;;Estonia;EE;kraj_lub_terytorium;27112100;27112100 - Gaz ziemny w stanie gazowym [TJ];;TJ;brak_rekordu_w_api;;;;;;6649915;8212898000062;282
2018;2018;;Eswatini;SZ;kraj_lub_terytorium;27111100;27111100 - Gaz ziemny skroplony [TJ];;TJ;brak_rekordu_w_api;;;;;;7437348;8212945000062;282
2018;2018;;Eswatini;SZ;kraj_lub_terytorium;27112100;27112100 - Gaz ziemny w stanie gazowym [TJ];;TJ;brak_rekordu_w_api;;;;;;7437348;8212898000062;282
2018;2018;;Etiopia;ET;kraj_lub_terytorium;27111100;27111100 - Gaz ziemny skroplony [TJ];;TJ;brak_rekordu_w_api;;;;;;6649745;8212945000062;282
2018;2018;;Etiopia;ET;kraj_lub_terytorium;27112100;27112100 - Gaz ziemny w stanie gazowym [TJ];;TJ;brak_rekordu_w_api;;;;;;6649745;8212898000062;282
2018;2018;;Falklandy;FK;kraj_lub_terytorium;27111100;27111100 - Gaz ziemny skroplony [TJ];;TJ;brak_rekordu_w_api;;;;;;6649775;8212945000062;282
2018;2018;;Falklandy;FK;kraj_lub_terytorium;27112100;27112100 - Gaz ziemny w stanie gazowym [TJ];;TJ;brak_rekordu_w_api;;;;;;6649775;8212898000062;282
2018;2018;;Fidżi;FJ;kraj_lub_terytorium;27111100;27111100 - Gaz ziemny skroplony [TJ];;TJ;brak_rekordu_w_api;;;;;;6649696;8212945000062;282
2018;2018;;Fidżi;FJ;kraj_lub_terytorium;27112100;27112100 - Gaz ziemny w stanie gazowym [TJ];;TJ;brak_rekordu_w_api;;;;;;6649696;8212898000062;282
2018;2018;;Filipiny;PH;kraj_lub_terytorium;27111100;27111100 - Gaz ziemny skroplony [TJ];;TJ;brak_rekordu_w_api;;;;;;6649833;8212945000062;282
2018;2018;;Filipiny;PH;kraj_lub_terytorium;27112100;27112100 - Gaz ziemny w stanie gazowym [TJ];;TJ;brak_rekordu_w_api;;;;;;6649833;8212898000062;282
2018;2018;;Finlandia;FI;kraj_lub_terytorium;27111100;27111100 - Gaz ziemny skroplony [TJ];;TJ;brak_rekordu_w_api;;;;;;6649913;8212945000062;282
2018;2018;;Finlandia;FI;kraj_lub_terytorium;27112100;27112100 - Gaz ziemny w stanie gazowym [TJ];;TJ;brak_rekordu_w_api;;;;;;6649913;8212898000062;282
2018;2018;;Francja;FR;kraj_lub_terytorium;27111100;27111100 - Gaz ziemny skroplony [TJ];;TJ;brak_rekordu_w_api;;;;;;6649911;8212945000062;282
2018;2018;;Francja;FR;kraj_lub_terytorium;27112100;27112100 - Gaz ziemny w stanie gazowym [TJ];;TJ;brak_rekordu_w_api;;;;;;6649911;8212898000062;282
2018;2018;;Francuskie Terytoria Południowe;TF;kraj_lub_terytorium;27111100;27111100 - Gaz ziemny skroplony [TJ];;TJ;brak_rekordu_w_api;;;;;;7548413;8212945000062;282
2018;2018;;Francuskie Terytoria Południowe;TF;kraj_lub_terytorium;27112100;27112100 - Gaz ziemny w stanie gazowym [TJ];;TJ;brak_rekordu_w_api;;;;;;7548413;8212898000062;282
2018;2018;;Gabon;GA;kraj_lub_terytorium;27111100;27111100 - Gaz ziemny skroplony [TJ];;TJ;brak_rekordu_w_api;;;;;;6649742;8212945000062;282
2018;2018;;Gabon;GA;kraj_lub_terytorium;27112100;27112100 - Gaz ziemny w stanie gazowym [TJ];;TJ;brak_rekordu_w_api;;;;;;6649742;8212898000062;282
2018;2018;;Gambia;GM;kraj_lub_terytorium;27111100;27111100 - Gaz ziemny skroplony [TJ];;TJ;brak_rekordu_w_api;;;;;;7475101;8212945000062;282
2018;2018;;Gambia;GM;kraj_lub_terytorium;27112100;27112100 - Gaz ziemny w stanie gazowym [TJ];;TJ;brak_rekordu_w_api;;;;;;7475101;8212898000062;282
2018;2018;;Georgia Południowa i Sandwich Południowy;GS;kraj_lub_terytorium;27111100;27111100 - Gaz ziemny skroplony [TJ];;TJ;brak_rekordu_w_api;;;;;;6649774;8212945000062;282
2018;2018;;Georgia Południowa i Sandwich Południowy;GS;kraj_lub_terytorium;27112100;27112100 - Gaz ziemny w stanie gazowym [TJ];;TJ;brak_rekordu_w_api;;;;;;6649774;8212898000062;282
2018;2018;;Ghana;GH;kraj_lub_terytorium;27111100;27111100 - Gaz ziemny skroplony [TJ];;TJ;brak_rekordu_w_api;;;;;;6649740;8212945000062;282
2018;2018;;Ghana;GH;kraj_lub_terytorium;27112100;27112100 - Gaz ziemny w stanie gazowym [TJ];;TJ;brak_rekordu_w_api;;;;;;6649740;8212898000062;282
2018;2018;;Gibraltar;GI;kraj_lub_terytorium;27111100;27111100 - Gaz ziemny skroplony [TJ];;TJ;brak_rekordu_w_api;;;;;;6649909;8212945000062;282
2018;2018;;Gibraltar;GI;kraj_lub_terytorium;27112100;27112100 - Gaz ziemny w stanie gazowym [TJ];;TJ;brak_rekordu_w_api;;;;;;6649909;8212898000062;282
2018;2018;;Grecja;GR;kraj_lub_terytorium;27111100;27111100 - Gaz ziemny skroplony [TJ];;TJ;brak_rekordu_w_api;;;;;;6649908;8212945000062;282
2018;2018;;Grecja;GR;kraj_lub_terytorium;27112100;27112100 - Gaz ziemny w stanie gazowym [TJ];;TJ;brak_rekordu_w_api;;;;;;6649908;8212898000062;282
2018;2018;;Grenada;GD;kraj_lub_terytorium;27111100;27111100 - Gaz ziemny skroplony [TJ];;TJ;brak_rekordu_w_api;;;;;;6649806;8212945000062;282
2018;2018;;Grenada;GD;kraj_lub_terytorium;27112100;27112100 - Gaz ziemny w stanie gazowym [TJ];;TJ;brak_rekordu_w_api;;;;;;6649806;8212898000062;282
2018;2018;;Grenlandia;GL;kraj_lub_terytorium;27111100;27111100 - Gaz ziemny skroplony [TJ];;TJ;brak_rekordu_w_api;;;;;;6649807;8212945000062;282
2018;2018;;Grenlandia;GL;kraj_lub_terytorium;27112100;27112100 - Gaz ziemny w stanie gazowym [TJ];;TJ;brak_rekordu_w_api;;;;;;6649807;8212898000062;282
2018;2018;;Gruzja;GE;kraj_lub_terytorium;27111100;27111100 - Gaz ziemny skroplony [TJ];;TJ;brak_rekordu_w_api;;;;;;6649858;8212945000062;282
2018;2018;;Gruzja;GE;kraj_lub_terytorium;27112100;27112100 - Gaz ziemny w stanie gazowym [TJ];;TJ;brak_rekordu_w_api;;;;;;6649858;8212898000062;282
2018;2018;;Guam;GU;kraj_lub_terytorium;27111100;27111100 - Gaz ziemny skroplony [TJ];;TJ;brak_rekordu_w_api;;;;;;6649692;8212945000062;282
2018;2018;;Guam;GU;kraj_lub_terytorium;27112100;27112100 - Gaz ziemny w stanie gazowym [TJ];;TJ;brak_rekordu_w_api;;;;;;6649692;8212898000062;282
2018;2018;;Gujana;GY;kraj_lub_terytorium;27111100;27111100 - Gaz ziemny skroplony [TJ];;TJ;brak_rekordu_w_api;;;;;;6649772;8212945000062;282
2018;2018;;Gujana;GY;kraj_lub_terytorium;27112100;27112100 - Gaz ziemny w stanie gazowym [TJ];;TJ;brak_rekordu_w_api;;;;;;6649772;8212898000062;282
2018;2018;;Gwatemala;GT;kraj_lub_terytorium;27111100;27111100 - Gaz ziemny skroplony [TJ];;TJ;brak_rekordu_w_api;;;;;;6649804;8212945000062;282
2018;2018;;Gwatemala;GT;kraj_lub_terytorium;27112100;27112100 - Gaz ziemny w stanie gazowym [TJ];;TJ;brak_rekordu_w_api;;;;;;6649804;8212898000062;282
2018;2018;;Gwinea;GN;kraj_lub_terytorium;27111100;27111100 - Gaz ziemny skroplony [TJ];;TJ;brak_rekordu_w_api;;;;;;6649739;8212945000062;282
2018;2018;;Gwinea;GN;kraj_lub_terytorium;27112100;27112100 - Gaz ziemny w stanie gazowym [TJ];;TJ;brak_rekordu_w_api;;;;;;6649739;8212898000062;282
2018;2018;;Gwinea Bissau;GW;kraj_lub_terytorium;27111100;27111100 - Gaz ziemny skroplony [TJ];;TJ;brak_rekordu_w_api;;;;;;6649723;8212945000062;282
2018;2018;;Gwinea Bissau;GW;kraj_lub_terytorium;27112100;27112100 - Gaz ziemny w stanie gazowym [TJ];;TJ;brak_rekordu_w_api;;;;;;6649723;8212898000062;282
2018;2018;;Gwinea Równikowa;GQ;kraj_lub_terytorium;27111100;27111100 - Gaz ziemny skroplony [TJ];;TJ;brak_rekordu_w_api;;;;;;6649746;8212945000062;282
2018;2018;;Gwinea Równikowa;GQ;kraj_lub_terytorium;27112100;27112100 - Gaz ziemny w stanie gazowym [TJ];;TJ;brak_rekordu_w_api;;;;;;6649746;8212898000062;282
2018;2018;;Haiti;HT;kraj_lub_terytorium;27111100;27111100 - Gaz ziemny skroplony [TJ];;TJ;brak_rekordu_w_api;;;;;;6649803;8212945000062;282
2018;2018;;Haiti;HT;kraj_lub_terytorium;27112100;27112100 - Gaz ziemny w stanie gazowym [TJ];;TJ;brak_rekordu_w_api;;;;;;6649803;8212898000062;282
2018;2018;;Hiszpania;ES;kraj_lub_terytorium;27111100;27111100 - Gaz ziemny skroplony [TJ];;TJ;brak_rekordu_w_api;;;;;;6649884;8212945000062;282
2018;2018;;Hiszpania;ES;kraj_lub_terytorium;27112100;27112100 - Gaz ziemny w stanie gazowym [TJ];;TJ;brak_rekordu_w_api;;;;;;6649884;8212898000062;282
2018;2018;;Holandia;NL;kraj_lub_terytorium;27111100;27111100 - Gaz ziemny skroplony [TJ];;TJ;brak_rekordu_w_api;;;;;;6649894;8212945000062;282
2018;2018;;Holandia;NL;kraj_lub_terytorium;27112100;27112100 - Gaz ziemny w stanie gazowym [TJ];;TJ;brak_rekordu_w_api;;;;;;6649894;8212898000062;282
2018;2018;;Honduras;HN;kraj_lub_terytorium;27111100;27111100 - Gaz ziemny skroplony [TJ];;TJ;brak_rekordu_w_api;;;;;;6649802;8212945000062;282
2018;2018;;Honduras;HN;kraj_lub_terytorium;27112100;27112100 - Gaz ziemny w stanie gazowym [TJ];;TJ;brak_rekordu_w_api;;;;;;6649802;8212898000062;282
2018;2018;;Hongkong;HK;kraj_lub_terytorium;27111100;27111100 - Gaz ziemny skroplony [TJ];;TJ;brak_rekordu_w_api;;;;;;7475865;8212945000062;282
2018;2018;;Hongkong;HK;kraj_lub_terytorium;27112100;27112100 - Gaz ziemny w stanie gazowym [TJ];;TJ;brak_rekordu_w_api;;;;;;7475865;8212898000062;282
2018;2018;;Indie;IN;kraj_lub_terytorium;27111100;27111100 - Gaz ziemny skroplony [TJ];;TJ;brak_rekordu_w_api;;;;;;6649855;8212945000062;282
2018;2018;;Indie;IN;kraj_lub_terytorium;27112100;27112100 - Gaz ziemny w stanie gazowym [TJ];;TJ;brak_rekordu_w_api;;;;;;6649855;8212898000062;282
2018;2018;;Indonezja;ID;kraj_lub_terytorium;27111100;27111100 - Gaz ziemny skroplony [TJ];;TJ;brak_rekordu_w_api;;;;;;6649854;8212945000062;282
2018;2018;;Indonezja;ID;kraj_lub_terytorium;27112100;27112100 - Gaz ziemny w stanie gazowym [TJ];;TJ;brak_rekordu_w_api;;;;;;6649854;8212898000062;282
2018;2018;;Irak;IQ;kraj_lub_terytorium;27111100;27111100 - Gaz ziemny skroplony [TJ];;TJ;brak_rekordu_w_api;;;;;;6649852;8212945000062;282
2018;2018;;Irak;IQ;kraj_lub_terytorium;27112100;27112100 - Gaz ziemny w stanie gazowym [TJ];;TJ;brak_rekordu_w_api;;;;;;6649852;8212898000062;282
2018;2018;;Iran;IR;kraj_lub_terytorium;27111100;27111100 - Gaz ziemny skroplony [TJ];;TJ;brak_rekordu_w_api;;;;;;6649853;8212945000062;282
2018;2018;;Iran;IR;kraj_lub_terytorium;27112100;27112100 - Gaz ziemny w stanie gazowym [TJ];;TJ;brak_rekordu_w_api;;;;;;6649853;8212898000062;282
2018;2018;;Irlandia;IE;kraj_lub_terytorium;27111100;27111100 - Gaz ziemny skroplony [TJ];;TJ;brak_rekordu_w_api;;;;;;6649904;8212945000062;282
2018;2018;;Irlandia;IE;kraj_lub_terytorium;27112100;27112100 - Gaz ziemny w stanie gazowym [TJ];;TJ;brak_rekordu_w_api;;;;;;6649904;8212898000062;282
2018;2018;;Islandia;IS;kraj_lub_terytorium;27111100;27111100 - Gaz ziemny skroplony [TJ];;TJ;brak_rekordu_w_api;;;;;;6649905;8212945000062;282
2018;2018;;Islandia;IS;kraj_lub_terytorium;27112100;27112100 - Gaz ziemny w stanie gazowym [TJ];;TJ;brak_rekordu_w_api;;;;;;6649905;8212898000062;282
2018;2018;;Izrael;IL;kraj_lub_terytorium;27111100;27111100 - Gaz ziemny skroplony [TJ];;TJ;brak_rekordu_w_api;;;;;;6649851;8212945000062;282
2018;2018;;Izrael;IL;kraj_lub_terytorium;27112100;27112100 - Gaz ziemny w stanie gazowym [TJ];;TJ;brak_rekordu_w_api;;;;;;6649851;8212898000062;282
2018;2018;;Jamajka;JM;kraj_lub_terytorium;27111100;27111100 - Gaz ziemny skroplony [TJ];;TJ;brak_rekordu_w_api;;;;;;6649801;8212945000062;282
2018;2018;;Jamajka;JM;kraj_lub_terytorium;27112100;27112100 - Gaz ziemny w stanie gazowym [TJ];;TJ;brak_rekordu_w_api;;;;;;6649801;8212898000062;282
2018;2018;;Japonia;JP;kraj_lub_terytorium;27111100;27111100 - Gaz ziemny skroplony [TJ];;TJ;brak_rekordu_w_api;;;;;;6649850;8212945000062;282
2018;2018;;Japonia;JP;kraj_lub_terytorium;27112100;27112100 - Gaz ziemny w stanie gazowym [TJ];;TJ;brak_rekordu_w_api;;;;;;6649850;8212898000062;282
2018;2018;;Jemen;YE;kraj_lub_terytorium;27111100;27111100 - Gaz ziemny skroplony [TJ];;TJ;brak_rekordu_w_api;;;;;;6649819;8212945000062;282
2018;2018;;Jemen;YE;kraj_lub_terytorium;27112100;27112100 - Gaz ziemny w stanie gazowym [TJ];;TJ;brak_rekordu_w_api;;;;;;6649819;8212898000062;282
2018;2018;;Jordania;JO;kraj_lub_terytorium;27111100;27111100 - Gaz ziemny skroplony [TJ];;TJ;brak_rekordu_w_api;;;;;;6649848;8212945000062;282
2018;2018;;Jordania;JO;kraj_lub_terytorium;27112100;27112100 - Gaz ziemny w stanie gazowym [TJ];;TJ;brak_rekordu_w_api;;;;;;6649848;8212898000062;282
2018;2018;;Kajmany;KY;kraj_lub_terytorium;27111100;27111100 - Gaz ziemny skroplony [TJ];;TJ;brak_rekordu_w_api;;;;;;6649812;8212945000062;282
2018;2018;;Kajmany;KY;kraj_lub_terytorium;27112100;27112100 - Gaz ziemny w stanie gazowym [TJ];;TJ;brak_rekordu_w_api;;;;;;6649812;8212898000062;282
2018;2018;;Kambodża;KH;kraj_lub_terytorium;27111100;27111100 - Gaz ziemny skroplony [TJ];;TJ;brak_rekordu_w_api;;;;;;6649864;8212945000062;282
2018;2018;;Kambodża;KH;kraj_lub_terytorium;27112100;27112100 - Gaz ziemny w stanie gazowym [TJ];;TJ;brak_rekordu_w_api;;;;;;6649864;8212898000062;282
2018;2018;;Kamerun;CM;kraj_lub_terytorium;27111100;27111100 - Gaz ziemny skroplony [TJ];;TJ;brak_rekordu_w_api;;;;;;6649756;8212945000062;282
2018;2018;;Kamerun;CM;kraj_lub_terytorium;27112100;27112100 - Gaz ziemny w stanie gazowym [TJ];;TJ;brak_rekordu_w_api;;;;;;6649756;8212898000062;282
2018;2018;;Kanada;CA;kraj_lub_terytorium;27111100;27111100 - Gaz ziemny skroplony [TJ];;TJ;brak_rekordu_w_api;;;;;;6649813;8212945000062;282
2018;2018;;Kanada;CA;kraj_lub_terytorium;27112100;27112100 - Gaz ziemny w stanie gazowym [TJ];;TJ;brak_rekordu_w_api;;;;;;6649813;8212898000062;282
2018;2018;;Katar;QA;kraj_lub_terytorium;27111100;27111100 - Gaz ziemny skroplony [TJ];;TJ;brak_rekordu_w_api;;;;;;6649831;8212945000062;282
2018;2018;;Katar;QA;kraj_lub_terytorium;27112100;27112100 - Gaz ziemny w stanie gazowym [TJ];;TJ;brak_rekordu_w_api;;;;;;6649831;8212898000062;282
2018;2018;;Kazachstan;KZ;kraj_lub_terytorium;27111100;27111100 - Gaz ziemny skroplony [TJ];;TJ;brak_rekordu_w_api;;;;;;6649849;8212945000062;282
2018;2018;;Kazachstan;KZ;kraj_lub_terytorium;27112100;27112100 - Gaz ziemny w stanie gazowym [TJ];;TJ;brak_rekordu_w_api;;;;;;6649849;8212898000062;282
2018;2018;;Kenia;KE;kraj_lub_terytorium;27111100;27111100 - Gaz ziemny skroplony [TJ];;TJ;brak_rekordu_w_api;;;;;;6649737;8212945000062;282
2018;2018;;Kenia;KE;kraj_lub_terytorium;27112100;27112100 - Gaz ziemny w stanie gazowym [TJ];;TJ;brak_rekordu_w_api;;;;;;6649737;8212898000062;282
2018;2018;;Kirgistan;KG;kraj_lub_terytorium;27111100;27111100 - Gaz ziemny skroplony [TJ];;TJ;brak_rekordu_w_api;;;;;;6649844;8212945000062;282
2018;2018;;Kirgistan;KG;kraj_lub_terytorium;27112100;27112100 - Gaz ziemny w stanie gazowym [TJ];;TJ;brak_rekordu_w_api;;;;;;6649844;8212898000062;282
2018;2018;;Kiribati;KI;kraj_lub_terytorium;27111100;27111100 - Gaz ziemny skroplony [TJ];;TJ;brak_rekordu_w_api;;;;;;6649694;8212945000062;282
2018;2018;;Kiribati;KI;kraj_lub_terytorium;27112100;27112100 - Gaz ziemny w stanie gazowym [TJ];;TJ;brak_rekordu_w_api;;;;;;6649694;8212898000062;282
2018;2018;;Kolumbia;CO;kraj_lub_terytorium;27111100;27111100 - Gaz ziemny skroplony [TJ];;TJ;brak_rekordu_w_api;;;;;;6649777;8212945000062;282
2018;2018;;Kolumbia;CO;kraj_lub_terytorium;27112100;27112100 - Gaz ziemny w stanie gazowym [TJ];;TJ;brak_rekordu_w_api;;;;;;6649777;8212898000062;282
2018;2018;;Komory;KM;kraj_lub_terytorium;27111100;27111100 - Gaz ziemny skroplony [TJ];;TJ;brak_rekordu_w_api;;;;;;6649752;8212945000062;282
2018;2018;;Komory;KM;kraj_lub_terytorium;27112100;27112100 - Gaz ziemny w stanie gazowym [TJ];;TJ;brak_rekordu_w_api;;;;;;6649752;8212898000062;282
2018;2018;;Kongo;CG;kraj_lub_terytorium;27111100;27111100 - Gaz ziemny skroplony [TJ];;TJ;brak_rekordu_w_api;;;;;;6649749;8212945000062;282
2018;2018;;Kongo;CG;kraj_lub_terytorium;27112100;27112100 - Gaz ziemny w stanie gazowym [TJ];;TJ;brak_rekordu_w_api;;;;;;6649749;8212898000062;282
2018;2018;;Korea Południowa;KR;kraj_lub_terytorium;27111100;27111100 - Gaz ziemny skroplony [TJ];;TJ;brak_rekordu_w_api;;;;;;6649846;8212945000062;282
2018;2018;;Korea Południowa;KR;kraj_lub_terytorium;27112100;27112100 - Gaz ziemny w stanie gazowym [TJ];;TJ;brak_rekordu_w_api;;;;;;6649846;8212898000062;282
2018;2018;;Korea Północna;KP;kraj_lub_terytorium;27111100;27111100 - Gaz ziemny skroplony [TJ];;TJ;brak_rekordu_w_api;;;;;;6649847;8212945000062;282
2018;2018;;Korea Północna;KP;kraj_lub_terytorium;27112100;27112100 - Gaz ziemny w stanie gazowym [TJ];;TJ;brak_rekordu_w_api;;;;;;6649847;8212898000062;282
2018;2018;;Kosowo;XK;kraj_lub_terytorium;27111100;27111100 - Gaz ziemny skroplony [TJ];;TJ;brak_rekordu_w_api;;;;;;6649893;8212945000062;282
2018;2018;;Kosowo;XK;kraj_lub_terytorium;27112100;27112100 - Gaz ziemny w stanie gazowym [TJ];;TJ;brak_rekordu_w_api;;;;;;6649893;8212898000062;282
2018;2018;;Kostaryka;CR;kraj_lub_terytorium;27111100;27111100 - Gaz ziemny skroplony [TJ];;TJ;brak_rekordu_w_api;;;;;;6649811;8212945000062;282
2018;2018;;Kostaryka;CR;kraj_lub_terytorium;27112100;27112100 - Gaz ziemny w stanie gazowym [TJ];;TJ;brak_rekordu_w_api;;;;;;6649811;8212898000062;282
2018;2018;;Kuba;CU;kraj_lub_terytorium;27111100;27111100 - Gaz ziemny skroplony [TJ];;TJ;brak_rekordu_w_api;;;;;;6649810;8212945000062;282
2018;2018;;Kuba;CU;kraj_lub_terytorium;27112100;27112100 - Gaz ziemny w stanie gazowym [TJ];;TJ;brak_rekordu_w_api;;;;;;6649810;8212898000062;282
2018;2018;;Kuwejt;KW;kraj_lub_terytorium;27111100;27111100 - Gaz ziemny skroplony [TJ];;TJ;brak_rekordu_w_api;;;;;;6649845;8212945000062;282
2018;2018;;Kuwejt;KW;kraj_lub_terytorium;27112100;27112100 - Gaz ziemny w stanie gazowym [TJ];;TJ;brak_rekordu_w_api;;;;;;6649845;8212898000062;282
2018;2018;;Laos;LA;kraj_lub_terytorium;27111100;27111100 - Gaz ziemny skroplony [TJ];;TJ;brak_rekordu_w_api;;;;;;6649843;8212945000062;282
2018;2018;;Laos;LA;kraj_lub_terytorium;27112100;27112100 - Gaz ziemny w stanie gazowym [TJ];;TJ;brak_rekordu_w_api;;;;;;6649843;8212898000062;282
2018;2018;;Lesotho;LS;kraj_lub_terytorium;27111100;27111100 - Gaz ziemny skroplony [TJ];;TJ;brak_rekordu_w_api;;;;;;6649736;8212945000062;282
2018;2018;;Lesotho;LS;kraj_lub_terytorium;27112100;27112100 - Gaz ziemny w stanie gazowym [TJ];;TJ;brak_rekordu_w_api;;;;;;6649736;8212898000062;282
2018;2018;;Liban;LB;kraj_lub_terytorium;27111100;27111100 - Gaz ziemny skroplony [TJ];;TJ;brak_rekordu_w_api;;;;;;6649841;8212945000062;282
2018;2018;;Liban;LB;kraj_lub_terytorium;27112100;27112100 - Gaz ziemny w stanie gazowym [TJ];;TJ;brak_rekordu_w_api;;;;;;6649841;8212898000062;282
2018;2018;;Liberia;LR;kraj_lub_terytorium;27111100;27111100 - Gaz ziemny skroplony [TJ];;TJ;brak_rekordu_w_api;;;;;;6649735;8212945000062;282
2018;2018;;Liberia;LR;kraj_lub_terytorium;27112100;27112100 - Gaz ziemny w stanie gazowym [TJ];;TJ;brak_rekordu_w_api;;;;;;6649735;8212898000062;282
2018;2018;;Libia;LY;kraj_lub_terytorium;27111100;27111100 - Gaz ziemny skroplony [TJ];;TJ;brak_rekordu_w_api;;;;;;6649734;8212945000062;282
2018;2018;;Libia;LY;kraj_lub_terytorium;27112100;27112100 - Gaz ziemny w stanie gazowym [TJ];;TJ;brak_rekordu_w_api;;;;;;6649734;8212898000062;282
2018;2018;;Liechtenstein;LI;kraj_lub_terytorium;27111100;27111100 - Gaz ziemny skroplony [TJ];;TJ;brak_rekordu_w_api;;;;;;6649901;8212945000062;282
2018;2018;;Liechtenstein;LI;kraj_lub_terytorium;27112100;27112100 - Gaz ziemny w stanie gazowym [TJ];;TJ;brak_rekordu_w_api;;;;;;6649901;8212898000062;282
2018;2018;;Litwa;LT;kraj_lub_terytorium;27111100;27111100 - Gaz ziemny skroplony [TJ];;TJ;brak_rekordu_w_api;;;;;;6649900;8212945000062;282
2018;2018;;Litwa;LT;kraj_lub_terytorium;27112100;27112100 - Gaz ziemny w stanie gazowym [TJ];;TJ;brak_rekordu_w_api;;;;;;6649900;8212898000062;282
2018;2018;;Luksemburg;LU;kraj_lub_terytorium;27111100;27111100 - Gaz ziemny skroplony [TJ];;TJ;brak_rekordu_w_api;;;;;;6649899;8212945000062;282
2018;2018;;Luksemburg;LU;kraj_lub_terytorium;27112100;27112100 - Gaz ziemny w stanie gazowym [TJ];;TJ;brak_rekordu_w_api;;;;;;6649899;8212898000062;282
2018;2018;;Madagaskar;MG;kraj_lub_terytorium;27111100;27111100 - Gaz ziemny skroplony [TJ];;TJ;brak_rekordu_w_api;;;;;;6649733;8212945000062;282
2018;2018;;Madagaskar;MG;kraj_lub_terytorium;27112100;27112100 - Gaz ziemny w stanie gazowym [TJ];;TJ;brak_rekordu_w_api;;;;;;6649733;8212898000062;282
2018;2018;;Majotta;YT;kraj_lub_terytorium;27111100;27111100 - Gaz ziemny skroplony [TJ];;TJ;brak_rekordu_w_api;;;;;;6649751;8212945000062;282
2018;2018;;Majotta;YT;kraj_lub_terytorium;27112100;27112100 - Gaz ziemny w stanie gazowym [TJ];;TJ;brak_rekordu_w_api;;;;;;6649751;8212898000062;282
2018;2018;;Makau;MO;kraj_lub_terytorium;27111100;27111100 - Gaz ziemny skroplony [TJ];;TJ;brak_rekordu_w_api;;;;;;7548214;8212945000062;282
2018;2018;;Makau;MO;kraj_lub_terytorium;27112100;27112100 - Gaz ziemny w stanie gazowym [TJ];;TJ;brak_rekordu_w_api;;;;;;7548214;8212898000062;282
2018;2018;;Malawi;MW;kraj_lub_terytorium;27111100;27111100 - Gaz ziemny skroplony [TJ];;TJ;brak_rekordu_w_api;;;;;;6649732;8212945000062;282
2018;2018;;Malawi;MW;kraj_lub_terytorium;27112100;27112100 - Gaz ziemny w stanie gazowym [TJ];;TJ;brak_rekordu_w_api;;;;;;6649732;8212898000062;282
2018;2018;;Malediwy;MV;kraj_lub_terytorium;27111100;27111100 - Gaz ziemny skroplony [TJ];;TJ;brak_rekordu_w_api;;;;;;6649838;8212945000062;282
2018;2018;;Malediwy;MV;kraj_lub_terytorium;27112100;27112100 - Gaz ziemny w stanie gazowym [TJ];;TJ;brak_rekordu_w_api;;;;;;6649838;8212898000062;282
2018;2018;;Malezja;MY;kraj_lub_terytorium;27111100;27111100 - Gaz ziemny skroplony [TJ];;TJ;brak_rekordu_w_api;;;;;;6649839;8212945000062;282
2018;2018;;Malezja;MY;kraj_lub_terytorium;27112100;27112100 - Gaz ziemny w stanie gazowym [TJ];;TJ;brak_rekordu_w_api;;;;;;6649839;8212898000062;282
2018;2018;;Mali;ML;kraj_lub_terytorium;27111100;27111100 - Gaz ziemny skroplony [TJ];;TJ;brak_rekordu_w_api;;;;;;6649731;8212945000062;282
2018;2018;;Mali;ML;kraj_lub_terytorium;27112100;27112100 - Gaz ziemny w stanie gazowym [TJ];;TJ;brak_rekordu_w_api;;;;;;6649731;8212898000062;282
2018;2018;;Malta;MT;kraj_lub_terytorium;27111100;27111100 - Gaz ziemny skroplony [TJ];;TJ;brak_rekordu_w_api;;;;;;6649898;8212945000062;282
2018;2018;;Malta;MT;kraj_lub_terytorium;27112100;27112100 - Gaz ziemny w stanie gazowym [TJ];;TJ;brak_rekordu_w_api;;;;;;6649898;8212898000062;282
2018;2018;;Mariany Północne;MP;kraj_lub_terytorium;27111100;27111100 - Gaz ziemny skroplony [TJ];;TJ;brak_rekordu_w_api;;;;;;6649684;8212945000062;282
2018;2018;;Mariany Północne;MP;kraj_lub_terytorium;27112100;27112100 - Gaz ziemny w stanie gazowym [TJ];;TJ;brak_rekordu_w_api;;;;;;6649684;8212898000062;282
2018;2018;;Maroko;MA;kraj_lub_terytorium;27111100;27111100 - Gaz ziemny skroplony [TJ];;TJ;brak_rekordu_w_api;;;;;;6649728;8212945000062;282
2018;2018;;Maroko;MA;kraj_lub_terytorium;27112100;27112100 - Gaz ziemny w stanie gazowym [TJ];;TJ;brak_rekordu_w_api;;;;;;6649728;8212898000062;282
2018;2018;;Mauretania;MR;kraj_lub_terytorium;27111100;27111100 - Gaz ziemny skroplony [TJ];;TJ;brak_rekordu_w_api;;;;;;6649730;8212945000062;282
2018;2018;;Mauretania;MR;kraj_lub_terytorium;27112100;27112100 - Gaz ziemny w stanie gazowym [TJ];;TJ;brak_rekordu_w_api;;;;;;6649730;8212898000062;282
2018;2018;;Mauritius;MU;kraj_lub_terytorium;27111100;27111100 - Gaz ziemny skroplony [TJ];;TJ;brak_rekordu_w_api;;;;;;6649729;8212945000062;282
2018;2018;;Mauritius;MU;kraj_lub_terytorium;27112100;27112100 - Gaz ziemny w stanie gazowym [TJ];;TJ;brak_rekordu_w_api;;;;;;6649729;8212898000062;282
2018;2018;;Małe Oddalone Wyspy Stanów Zjednoczonych;UM;kraj_lub_terytorium;27111100;27111100 - Gaz ziemny skroplony [TJ];;TJ;brak_rekordu_w_api;;;;;;7548583;8212945000062;282
2018;2018;;Małe Oddalone Wyspy Stanów Zjednoczonych;UM;kraj_lub_terytorium;27112100;27112100 - Gaz ziemny w stanie gazowym [TJ];;TJ;brak_rekordu_w_api;;;;;;7548583;8212898000062;282
2018;2018;;Meksyk;MX;kraj_lub_terytorium;27111100;27111100 - Gaz ziemny skroplony [TJ];;TJ;brak_rekordu_w_api;;;;;;6649799;8212945000062;282
2018;2018;;Meksyk;MX;kraj_lub_terytorium;27112100;27112100 - Gaz ziemny w stanie gazowym [TJ];;TJ;brak_rekordu_w_api;;;;;;6649799;8212898000062;282
2018;2018;;Melilla;XL;kraj_lub_terytorium;27111100;27111100 - Gaz ziemny skroplony [TJ];;TJ;brak_rekordu_w_api;;;;;;6649761;8212945000062;282
2018;2018;;Melilla;XL;kraj_lub_terytorium;27112100;27112100 - Gaz ziemny w stanie gazowym [TJ];;TJ;brak_rekordu_w_api;;;;;;6649761;8212898000062;282
2018;2018;;Mikronezja;FM;kraj_lub_terytorium;27111100;27111100 - Gaz ziemny skroplony [TJ];;TJ;brak_rekordu_w_api;;;;;;6649682;8212945000062;282
2018;2018;;Mikronezja;FM;kraj_lub_terytorium;27112100;27112100 - Gaz ziemny w stanie gazowym [TJ];;TJ;brak_rekordu_w_api;;;;;;6649682;8212898000062;282
2018;2018;;Mjanma (Birma);MM;kraj_lub_terytorium;27111100;27111100 - Gaz ziemny skroplony [TJ];;TJ;brak_rekordu_w_api;;;;;;6649865;8212945000062;282
2018;2018;;Mjanma (Birma);MM;kraj_lub_terytorium;27112100;27112100 - Gaz ziemny w stanie gazowym [TJ];;TJ;brak_rekordu_w_api;;;;;;6649865;8212898000062;282
2018;2018;;Mongolia;MN;kraj_lub_terytorium;27111100;27111100 - Gaz ziemny skroplony [TJ];;TJ;brak_rekordu_w_api;;;;;;6649837;8212945000062;282
2018;2018;;Mongolia;MN;kraj_lub_terytorium;27112100;27112100 - Gaz ziemny w stanie gazowym [TJ];;TJ;brak_rekordu_w_api;;;;;;6649837;8212898000062;282
2018;2018;;Montserrat;MS;kraj_lub_terytorium;27111100;27111100 - Gaz ziemny skroplony [TJ];;TJ;brak_rekordu_w_api;;;;;;6649798;8212945000062;282
2018;2018;;Montserrat;MS;kraj_lub_terytorium;27112100;27112100 - Gaz ziemny w stanie gazowym [TJ];;TJ;brak_rekordu_w_api;;;;;;6649798;8212898000062;282
2018;2018;;Mozambik;MZ;kraj_lub_terytorium;27111100;27111100 - Gaz ziemny skroplony [TJ];;TJ;brak_rekordu_w_api;;;;;;6649727;8212945000062;282
2018;2018;;Mozambik;MZ;kraj_lub_terytorium;27112100;27112100 - Gaz ziemny w stanie gazowym [TJ];;TJ;brak_rekordu_w_api;;;;;;6649727;8212898000062;282
2018;2018;;Mołdawia;MD;kraj_lub_terytorium;27111100;27111100 - Gaz ziemny skroplony [TJ];;TJ;brak_rekordu_w_api;;;;;;6649896;8212945000062;282
2018;2018;;Mołdawia;MD;kraj_lub_terytorium;27112100;27112100 - Gaz ziemny w stanie gazowym [TJ];;TJ;brak_rekordu_w_api;;;;;;6649896;8212898000062;282
2018;2018;;Namibia;NA;kraj_lub_terytorium;27111100;27111100 - Gaz ziemny skroplony [TJ];;TJ;brak_rekordu_w_api;;;;;;6649726;8212945000062;282
2018;2018;;Namibia;NA;kraj_lub_terytorium;27112100;27112100 - Gaz ziemny w stanie gazowym [TJ];;TJ;brak_rekordu_w_api;;;;;;6649726;8212898000062;282
2018;2018;;Nauru;NR;kraj_lub_terytorium;27111100;27111100 - Gaz ziemny skroplony [TJ];;TJ;brak_rekordu_w_api;;;;;;6649690;8212945000062;282
2018;2018;;Nauru;NR;kraj_lub_terytorium;27112100;27112100 - Gaz ziemny w stanie gazowym [TJ];;TJ;brak_rekordu_w_api;;;;;;6649690;8212898000062;282
2018;2018;;Nepal;NP;kraj_lub_terytorium;27111100;27111100 - Gaz ziemny skroplony [TJ];;TJ;brak_rekordu_w_api;;;;;;6649835;8212945000062;282
2018;2018;;Nepal;NP;kraj_lub_terytorium;27112100;27112100 - Gaz ziemny w stanie gazowym [TJ];;TJ;brak_rekordu_w_api;;;;;;6649835;8212898000062;282
2018;2018;;Niemcy;DE;kraj_lub_terytorium;27111100;27111100 - Gaz ziemny skroplony [TJ];;TJ;brak_rekordu_w_api;;;;;;6649910;8212945000062;282
2018;2018;;Niemcy;DE;kraj_lub_terytorium;27112100;27112100 - Gaz ziemny w stanie gazowym [TJ];;TJ;brak_rekordu_w_api;;;;;;6649910;8212898000062;282
2018;2018;;Niew.kr.i teryt, p. handl.i mil;QX;kategoria_specjalna;27111100;27111100 - Gaz ziemny skroplony [TJ];;TJ;brak_rekordu_w_api;;;;;;7276956;8212945000062;282
2018;2018;;Niew.kr.i teryt, p. handl.i mil;QX;kategoria_specjalna;27112100;27112100 - Gaz ziemny w stanie gazowym [TJ];;TJ;brak_rekordu_w_api;;;;;;7276956;8212898000062;282
2018;2018;;Niewyszczególnione kr. i teryt.;QU;kategoria_specjalna;27111100;27111100 - Gaz ziemny skroplony [TJ];;TJ;brak_rekordu_w_api;;;;;;7276957;8212945000062;282
2018;2018;;Niewyszczególnione kr. i teryt.;QU;kategoria_specjalna;27112100;27112100 - Gaz ziemny w stanie gazowym [TJ];;TJ;brak_rekordu_w_api;;;;;;7276957;8212898000062;282
2018;2018;;Nieznany kraj;_no;kategoria_specjalna;27111100;27111100 - Gaz ziemny skroplony [TJ];;TJ;brak_rekordu_w_api;;;;;;7639645;8212945000062;282
2018;2018;;Nieznany kraj;_no;kategoria_specjalna;27112100;27112100 - Gaz ziemny w stanie gazowym [TJ];;TJ;brak_rekordu_w_api;;;;;;7639645;8212898000062;282
2018;2018;;Niger;NE;kraj_lub_terytorium;27111100;27111100 - Gaz ziemny skroplony [TJ];;TJ;brak_rekordu_w_api;;;;;;6649725;8212945000062;282
2018;2018;;Niger;NE;kraj_lub_terytorium;27112100;27112100 - Gaz ziemny w stanie gazowym [TJ];;TJ;brak_rekordu_w_api;;;;;;6649725;8212898000062;282
2018;2018;;Nigeria;NG;kraj_lub_terytorium;27111100;27111100 - Gaz ziemny skroplony [TJ];;TJ;brak_rekordu_w_api;;;;;;6649724;8212945000062;282
2018;2018;;Nigeria;NG;kraj_lub_terytorium;27112100;27112100 - Gaz ziemny w stanie gazowym [TJ];;TJ;brak_rekordu_w_api;;;;;;6649724;8212898000062;282
2018;2018;;Nikaragua;NI;kraj_lub_terytorium;27111100;27111100 - Gaz ziemny skroplony [TJ];;TJ;brak_rekordu_w_api;;;;;;6649795;8212945000062;282
2018;2018;;Nikaragua;NI;kraj_lub_terytorium;27112100;27112100 - Gaz ziemny w stanie gazowym [TJ];;TJ;brak_rekordu_w_api;;;;;;6649795;8212898000062;282
2018;2018;;Niue;NU;kraj_lub_terytorium;27111100;27111100 - Gaz ziemny skroplony [TJ];;TJ;brak_rekordu_w_api;;;;;;6649686;8212945000062;282
2018;2018;;Niue;NU;kraj_lub_terytorium;27112100;27112100 - Gaz ziemny w stanie gazowym [TJ];;TJ;brak_rekordu_w_api;;;;;;6649686;8212898000062;282
2018;2018;;Norfolk;NF;kraj_lub_terytorium;27111100;27111100 - Gaz ziemny skroplony [TJ];;TJ;brak_rekordu_w_api;;;;;;6649685;8212945000062;282
2018;2018;;Norfolk;NF;kraj_lub_terytorium;27112100;27112100 - Gaz ziemny w stanie gazowym [TJ];;TJ;brak_rekordu_w_api;;;;;;6649685;8212898000062;282
2018;2018;;Norwegia;NO;kraj_lub_terytorium;27111100;27111100 - Gaz ziemny skroplony [TJ];;TJ;brak_rekordu_w_api;;;;;;6649892;8212945000062;282
2018;2018;;Norwegia;NO;kraj_lub_terytorium;27112100;27112100 - Gaz ziemny w stanie gazowym [TJ];;TJ;brak_rekordu_w_api;;;;;;6649892;8212898000062;282
2018;2018;;Nowa Kaledonia;NC;kraj_lub_terytorium;27111100;27111100 - Gaz ziemny skroplony [TJ];;TJ;brak_rekordu_w_api;;;;;;6649689;8212945000062;282
2018;2018;;Nowa Kaledonia;NC;kraj_lub_terytorium;27112100;27112100 - Gaz ziemny w stanie gazowym [TJ];;TJ;brak_rekordu_w_api;;;;;;6649689;8212898000062;282
2018;2018;;Nowa Zelandia;NZ;kraj_lub_terytorium;27111100;27111100 - Gaz ziemny skroplony [TJ];;TJ;brak_rekordu_w_api;;;;;;6649687;8212945000062;282
2018;2018;;Nowa Zelandia;NZ;kraj_lub_terytorium;27112100;27112100 - Gaz ziemny w stanie gazowym [TJ];;TJ;brak_rekordu_w_api;;;;;;6649687;8212898000062;282
2018;2018;;Oman;OM;kraj_lub_terytorium;27111100;27111100 - Gaz ziemny skroplony [TJ];;TJ;brak_rekordu_w_api;;;;;;6649836;8212945000062;282
2018;2018;;Oman;OM;kraj_lub_terytorium;27112100;27112100 - Gaz ziemny w stanie gazowym [TJ];;TJ;brak_rekordu_w_api;;;;;;6649836;8212898000062;282
2018;2018;;Pakistan;PK;kraj_lub_terytorium;27111100;27111100 - Gaz ziemny skroplony [TJ];;TJ;brak_rekordu_w_api;;;;;;6649834;8212945000062;282
2018;2018;;Pakistan;PK;kraj_lub_terytorium;27112100;27112100 - Gaz ziemny w stanie gazowym [TJ];;TJ;brak_rekordu_w_api;;;;;;6649834;8212898000062;282
2018;2018;;Palau;PW;kraj_lub_terytorium;27111100;27111100 - Gaz ziemny skroplony [TJ];;TJ;brak_rekordu_w_api;;;;;;6649680;8212945000062;282
2018;2018;;Palau;PW;kraj_lub_terytorium;27112100;27112100 - Gaz ziemny w stanie gazowym [TJ];;TJ;brak_rekordu_w_api;;;;;;6649680;8212898000062;282
2018;2018;;Palestyna;PS;kraj_lub_terytorium;27111100;27111100 - Gaz ziemny skroplony [TJ];;TJ;brak_rekordu_w_api;;;;;;6649857;8212945000062;282
2018;2018;;Palestyna;PS;kraj_lub_terytorium;27112100;27112100 - Gaz ziemny w stanie gazowym [TJ];;TJ;brak_rekordu_w_api;;;;;;6649857;8212898000062;282
2018;2018;;Panama;PA;kraj_lub_terytorium;27111100;27111100 - Gaz ziemny skroplony [TJ];;TJ;brak_rekordu_w_api;;;;;;6649794;8212945000062;282
2018;2018;;Panama;PA;kraj_lub_terytorium;27112100;27112100 - Gaz ziemny w stanie gazowym [TJ];;TJ;brak_rekordu_w_api;;;;;;6649794;8212898000062;282
2018;2018;;Papua-Nowa Gwinea;PG;kraj_lub_terytorium;27111100;27111100 - Gaz ziemny skroplony [TJ];;TJ;brak_rekordu_w_api;;;;;;6649679;8212945000062;282
2018;2018;;Papua-Nowa Gwinea;PG;kraj_lub_terytorium;27112100;27112100 - Gaz ziemny w stanie gazowym [TJ];;TJ;brak_rekordu_w_api;;;;;;6649679;8212898000062;282
2018;2018;;Paragwaj;PY;kraj_lub_terytorium;27111100;27111100 - Gaz ziemny skroplony [TJ];;TJ;brak_rekordu_w_api;;;;;;6649768;8212945000062;282
2018;2018;;Paragwaj;PY;kraj_lub_terytorium;27112100;27112100 - Gaz ziemny w stanie gazowym [TJ];;TJ;brak_rekordu_w_api;;;;;;6649768;8212898000062;282
2018;2018;;Peru;PE;kraj_lub_terytorium;27111100;27111100 - Gaz ziemny skroplony [TJ];;TJ;brak_rekordu_w_api;;;;;;6649767;8212945000062;282
2018;2018;;Peru;PE;kraj_lub_terytorium;27112100;27112100 - Gaz ziemny w stanie gazowym [TJ];;TJ;brak_rekordu_w_api;;;;;;6649767;8212898000062;282
2018;2018;;Pełne morze;QP;kategoria_specjalna;27111100;27111100 - Gaz ziemny skroplony [TJ];;TJ;brak_rekordu_w_api;;;;;;7277327;8212945000062;282
2018;2018;;Pełne morze;QP;kategoria_specjalna;27112100;27112100 - Gaz ziemny w stanie gazowym [TJ];;TJ;brak_rekordu_w_api;;;;;;7277327;8212898000062;282
2018;2018;;Pitcairn;PN;kraj_lub_terytorium;27111100;27111100 - Gaz ziemny skroplony [TJ];;TJ;brak_rekordu_w_api;;;;;;6649678;8212945000062;282
2018;2018;;Pitcairn;PN;kraj_lub_terytorium;27112100;27112100 - Gaz ziemny w stanie gazowym [TJ];;TJ;brak_rekordu_w_api;;;;;;6649678;8212898000062;282
2018;2018;;Polinezja Francuska;PF;kraj_lub_terytorium;27111100;27111100 - Gaz ziemny skroplony [TJ];;TJ;brak_rekordu_w_api;;;;;;6649695;8212945000062;282
2018;2018;;Polinezja Francuska;PF;kraj_lub_terytorium;27112100;27112100 - Gaz ziemny w stanie gazowym [TJ];;TJ;brak_rekordu_w_api;;;;;;6649695;8212898000062;282
2018;2018;;Polska;PL;kraj_lub_terytorium;27111100;27111100 - Gaz ziemny skroplony [TJ];;TJ;brak_rekordu_w_api;;;;;;6649891;8212945000062;282
2018;2018;;Polska;PL;kraj_lub_terytorium;27112100;27112100 - Gaz ziemny w stanie gazowym [TJ];;TJ;brak_rekordu_w_api;;;;;;6649891;8212898000062;282
2018;2018;;Portugalia;PT;kraj_lub_terytorium;27111100;27111100 - Gaz ziemny skroplony [TJ];;TJ;brak_rekordu_w_api;;;;;;6649890;8212945000062;282
2018;2018;;Portugalia;PT;kraj_lub_terytorium;27112100;27112100 - Gaz ziemny w stanie gazowym [TJ];;TJ;brak_rekordu_w_api;;;;;;6649890;8212898000062;282
2018;2018;;Południowa Afryka;ZA;kraj_lub_terytorium;27111100;27111100 - Gaz ziemny skroplony [TJ];;TJ;brak_rekordu_w_api;;;;;;7548785;8212945000062;282
2018;2018;;Południowa Afryka;ZA;kraj_lub_terytorium;27112100;27112100 - Gaz ziemny w stanie gazowym [TJ];;TJ;brak_rekordu_w_api;;;;;;7548785;8212898000062;282
2018;2018;;QQ w ramach handlu z UE;QR;kategoria_specjalna;27111100;27111100 - Gaz ziemny skroplony [TJ];;TJ;brak_rekordu_w_api;;;;;;7277330;8212945000062;282
2018;2018;;QQ w ramach handlu z UE;QR;kategoria_specjalna;27112100;27112100 - Gaz ziemny w stanie gazowym [TJ];;TJ;brak_rekordu_w_api;;;;;;7277330;8212898000062;282
2018;2018;;QQ w ramach handlu z kr.trzecimi;QS;kategoria_specjalna;27111100;27111100 - Gaz ziemny skroplony [TJ];;TJ;brak_rekordu_w_api;;;;;;7277331;8212945000062;282
2018;2018;;QQ w ramach handlu z kr.trzecimi;QS;kategoria_specjalna;27112100;27112100 - Gaz ziemny w stanie gazowym [TJ];;TJ;brak_rekordu_w_api;;;;;;7277331;8212898000062;282
2018;2018;;QU w ramach handlu z UE;QV;kategoria_specjalna;27111100;27111100 - Gaz ziemny skroplony [TJ];;TJ;brak_rekordu_w_api;;;;;;7277396;8212945000062;282
2018;2018;;QU w ramach handlu z UE;QV;kategoria_specjalna;27112100;27112100 - Gaz ziemny w stanie gazowym [TJ];;TJ;brak_rekordu_w_api;;;;;;7277396;8212898000062;282
2018;2018;;QU w ramach handlu z kr.trzecimi;QW;kategoria_specjalna;27111100;27111100 - Gaz ziemny skroplony [TJ];;TJ;brak_rekordu_w_api;;;;;;7277333;8212945000062;282
2018;2018;;QU w ramach handlu z kr.trzecimi;QW;kategoria_specjalna;27112100;27112100 - Gaz ziemny w stanie gazowym [TJ];;TJ;brak_rekordu_w_api;;;;;;7277333;8212898000062;282
2018;2018;;QX w ramach handlu z UE;QY;kategoria_specjalna;27111100;27111100 - Gaz ziemny skroplony [TJ];;TJ;brak_rekordu_w_api;;;;;;7277399;8212945000062;282
2018;2018;;QX w ramach handlu z UE;QY;kategoria_specjalna;27112100;27112100 - Gaz ziemny w stanie gazowym [TJ];;TJ;brak_rekordu_w_api;;;;;;7277399;8212898000062;282
2018;2018;;QX w ramach handlu z kr.trzecimi;QZ;kategoria_specjalna;27111100;27111100 - Gaz ziemny skroplony [TJ];;TJ;brak_rekordu_w_api;;;;;;7277397;8212945000062;282
2018;2018;;QX w ramach handlu z kr.trzecimi;QZ;kategoria_specjalna;27112100;27112100 - Gaz ziemny w stanie gazowym [TJ];;TJ;brak_rekordu_w_api;;;;;;7277397;8212898000062;282
2018;2018;;Republika Zielonego Przylądka;CV;kraj_lub_terytorium;27111100;27111100 - Gaz ziemny skroplony [TJ];;TJ;brak_rekordu_w_api;;;;;;7473154;8212945000062;282
2018;2018;;Republika Zielonego Przylądka;CV;kraj_lub_terytorium;27112100;27112100 - Gaz ziemny w stanie gazowym [TJ];;TJ;brak_rekordu_w_api;;;;;;7473154;8212898000062;282
2018;2018;;Republika Środkowoafrykańska;CF;kraj_lub_terytorium;27111100;27111100 - Gaz ziemny skroplony [TJ];;TJ;brak_rekordu_w_api;;;;;;6649754;8212945000062;282
2018;2018;;Republika Środkowoafrykańska;CF;kraj_lub_terytorium;27112100;27112100 - Gaz ziemny w stanie gazowym [TJ];;TJ;brak_rekordu_w_api;;;;;;6649754;8212898000062;282
2018;2018;;Rosja;RU;kraj_lub_terytorium;27111100;27111100 - Gaz ziemny skroplony [TJ];;TJ;brak_rekordu_w_api;;;;;;6649888;8212945000062;282
2018;2018;;Rosja;RU;kraj_lub_terytorium;27112100;27112100 - Gaz ziemny w stanie gazowym [TJ];;TJ;brak_rekordu_w_api;;;;;;6649888;8212898000062;282
2018;2018;;Rumunia;RO;kraj_lub_terytorium;27111100;27111100 - Gaz ziemny skroplony [TJ];;TJ;brak_rekordu_w_api;;;;;;6649889;8212945000062;282
2018;2018;;Rumunia;RO;kraj_lub_terytorium;27112100;27112100 - Gaz ziemny w stanie gazowym [TJ];;TJ;brak_rekordu_w_api;;;;;;6649889;8212898000062;282
2018;2018;;Rwanda;RW;kraj_lub_terytorium;27111100;27111100 - Gaz ziemny skroplony [TJ];;TJ;brak_rekordu_w_api;;;;;;6649721;8212945000062;282
2018;2018;;Rwanda;RW;kraj_lub_terytorium;27112100;27112100 - Gaz ziemny w stanie gazowym [TJ];;TJ;brak_rekordu_w_api;;;;;;6649721;8212898000062;282
2018;2018;;Sahara Zachodnia;EH;kraj_lub_terytorium;27111100;27111100 - Gaz ziemny skroplony [TJ];;TJ;brak_rekordu_w_api;;;;;;6649711;8212945000062;282
2018;2018;;Sahara Zachodnia;EH;kraj_lub_terytorium;27112100;27112100 - Gaz ziemny w stanie gazowym [TJ];;TJ;brak_rekordu_w_api;;;;;;6649711;8212898000062;282
2018;2018;;Saint  Pierre i Miquelon;PM;kraj_lub_terytorium;27111100;27111100 - Gaz ziemny skroplony [TJ];;TJ;brak_rekordu_w_api;;;;;;6649787;8212945000062;282
2018;2018;;Saint  Pierre i Miquelon;PM;kraj_lub_terytorium;27112100;27112100 - Gaz ziemny w stanie gazowym [TJ];;TJ;brak_rekordu_w_api;;;;;;6649787;8212898000062;282
2018;2018;;Saint Kitts i Nevis;KN;kraj_lub_terytorium;27111100;27111100 - Gaz ziemny skroplony [TJ];;TJ;brak_rekordu_w_api;;;;;;6649791;8212945000062;282
2018;2018;;Saint Kitts i Nevis;KN;kraj_lub_terytorium;27112100;27112100 - Gaz ziemny w stanie gazowym [TJ];;TJ;brak_rekordu_w_api;;;;;;6649791;8212898000062;282
2018;2018;;Saint Lucia;LC;kraj_lub_terytorium;27111100;27111100 - Gaz ziemny skroplony [TJ];;TJ;brak_rekordu_w_api;;;;;;6649789;8212945000062;282
2018;2018;;Saint Lucia;LC;kraj_lub_terytorium;27112100;27112100 - Gaz ziemny w stanie gazowym [TJ];;TJ;brak_rekordu_w_api;;;;;;6649789;8212898000062;282
2018;2018;;Saint Vincent i Grenadyny;VC;kraj_lub_terytorium;27111100;27111100 - Gaz ziemny skroplony [TJ];;TJ;brak_rekordu_w_api;;;;;;6649786;8212945000062;282
2018;2018;;Saint Vincent i Grenadyny;VC;kraj_lub_terytorium;27112100;27112100 - Gaz ziemny w stanie gazowym [TJ];;TJ;brak_rekordu_w_api;;;;;;6649786;8212898000062;282
2018;2018;;Saint-Barthélemy;BL;kraj_lub_terytorium;27111100;27111100 - Gaz ziemny skroplony [TJ];;TJ;brak_rekordu_w_api;;;;;;7463787;8212945000062;282
2018;2018;;Saint-Barthélemy;BL;kraj_lub_terytorium;27112100;27112100 - Gaz ziemny w stanie gazowym [TJ];;TJ;brak_rekordu_w_api;;;;;;7463787;8212898000062;282
2018;2018;;Salwador;SV;kraj_lub_terytorium;27111100;27111100 - Gaz ziemny skroplony [TJ];;TJ;brak_rekordu_w_api;;;;;;6649808;8212945000062;282
2018;2018;;Salwador;SV;kraj_lub_terytorium;27112100;27112100 - Gaz ziemny w stanie gazowym [TJ];;TJ;brak_rekordu_w_api;;;;;;6649808;8212898000062;282
2018;2018;;Samoa;WS;kraj_lub_terytorium;27111100;27111100 - Gaz ziemny skroplony [TJ];;TJ;brak_rekordu_w_api;;;;;;6649672;8212945000062;282
2018;2018;;Samoa;WS;kraj_lub_terytorium;27112100;27112100 - Gaz ziemny w stanie gazowym [TJ];;TJ;brak_rekordu_w_api;;;;;;6649672;8212898000062;282
2018;2018;;Samoa Amerykańskie;AS;kraj_lub_terytorium;27111100;27111100 - Gaz ziemny skroplony [TJ];;TJ;brak_rekordu_w_api;;;;;;6649700;8212945000062;282
2018;2018;;Samoa Amerykańskie;AS;kraj_lub_terytorium;27112100;27112100 - Gaz ziemny w stanie gazowym [TJ];;TJ;brak_rekordu_w_api;;;;;;6649700;8212898000062;282
2018;2018;;San Marino;SM;kraj_lub_terytorium;27111100;27111100 - Gaz ziemny skroplony [TJ];;TJ;brak_rekordu_w_api;;;;;;6649887;8212945000062;282
2018;2018;;San Marino;SM;kraj_lub_terytorium;27112100;27112100 - Gaz ziemny w stanie gazowym [TJ];;TJ;brak_rekordu_w_api;;;;;;6649887;8212898000062;282
2018;2018;;Senegal;SN;kraj_lub_terytorium;27111100;27111100 - Gaz ziemny skroplony [TJ];;TJ;brak_rekordu_w_api;;;;;;6649717;8212945000062;282
2018;2018;;Senegal;SN;kraj_lub_terytorium;27112100;27112100 - Gaz ziemny w stanie gazowym [TJ];;TJ;brak_rekordu_w_api;;;;;;6649717;8212898000062;282
2018;2018;;Serbia;XS;kraj_lub_terytorium;27111100;27111100 - Gaz ziemny skroplony [TJ];;TJ;brak_rekordu_w_api;;;;;;6649951;8212945000062;282
2018;2018;;Serbia;XS;kraj_lub_terytorium;27112100;27112100 - Gaz ziemny w stanie gazowym [TJ];;TJ;brak_rekordu_w_api;;;;;;6649951;8212898000062;282
2018;2018;;Seszele;SC;kraj_lub_terytorium;27111100;27111100 - Gaz ziemny skroplony [TJ];;TJ;brak_rekordu_w_api;;;;;;6649716;8212945000062;282
2018;2018;;Seszele;SC;kraj_lub_terytorium;27112100;27112100 - Gaz ziemny w stanie gazowym [TJ];;TJ;brak_rekordu_w_api;;;;;;6649716;8212898000062;282
2018;2018;;Sierra Leone;SL;kraj_lub_terytorium;27111100;27111100 - Gaz ziemny skroplony [TJ];;TJ;brak_rekordu_w_api;;;;;;6649715;8212945000062;282
2018;2018;;Sierra Leone;SL;kraj_lub_terytorium;27112100;27112100 - Gaz ziemny w stanie gazowym [TJ];;TJ;brak_rekordu_w_api;;;;;;6649715;8212898000062;282
2018;2018;;Singapur;SG;kraj_lub_terytorium;27111100;27111100 - Gaz ziemny skroplony [TJ];;TJ;brak_rekordu_w_api;;;;;;6649829;8212945000062;282
2018;2018;;Singapur;SG;kraj_lub_terytorium;27112100;27112100 - Gaz ziemny w stanie gazowym [TJ];;TJ;brak_rekordu_w_api;;;;;;6649829;8212898000062;282
2018;2018;;Sint Maarten (część niderlandzka);SX;kraj_lub_terytorium;27111100;27111100 - Gaz ziemny skroplony [TJ];;TJ;brak_rekordu_w_api;;;;;;7548327;8212945000062;282
2018;2018;;Sint Maarten (część niderlandzka);SX;kraj_lub_terytorium;27112100;27112100 - Gaz ziemny w stanie gazowym [TJ];;TJ;brak_rekordu_w_api;;;;;;7548327;8212898000062;282
2018;2018;;Somalia;SO;kraj_lub_terytorium;27111100;27111100 - Gaz ziemny skroplony [TJ];;TJ;brak_rekordu_w_api;;;;;;6649714;8212945000062;282
2018;2018;;Somalia;SO;kraj_lub_terytorium;27112100;27112100 - Gaz ziemny w stanie gazowym [TJ];;TJ;brak_rekordu_w_api;;;;;;6649714;8212898000062;282
2018;2018;;Sri Lanka;LK;kraj_lub_terytorium;27111100;27111100 - Gaz ziemny skroplony [TJ];;TJ;brak_rekordu_w_api;;;;;;6649863;8212945000062;282
2018;2018;;Sri Lanka;LK;kraj_lub_terytorium;27112100;27112100 - Gaz ziemny w stanie gazowym [TJ];;TJ;brak_rekordu_w_api;;;;;;6649863;8212898000062;282
2018;2018;;Stany Zjednoczone;US;kraj_lub_terytorium;27111100;27111100 - Gaz ziemny skroplony [TJ];;TJ;brak_rekordu_w_api;;;;;;6649783;8212945000062;282
2018;2018;;Stany Zjednoczone;US;kraj_lub_terytorium;27112100;27112100 - Gaz ziemny w stanie gazowym [TJ];;TJ;brak_rekordu_w_api;;;;;;6649783;8212898000062;282
2018;2018;;Sudan;SD;kraj_lub_terytorium;27111100;27111100 - Gaz ziemny skroplony [TJ];;TJ;brak_rekordu_w_api;;;;;;6649710;8212945000062;282
2018;2018;;Sudan;SD;kraj_lub_terytorium;27112100;27112100 - Gaz ziemny w stanie gazowym [TJ];;TJ;brak_rekordu_w_api;;;;;;6649710;8212898000062;282
2018;2018;;Sudan Południowy;SS;kraj_lub_terytorium;27111100;27111100 - Gaz ziemny skroplony [TJ];;TJ;brak_rekordu_w_api;;;;;;6649709;8212945000062;282
2018;2018;;Sudan Południowy;SS;kraj_lub_terytorium;27112100;27112100 - Gaz ziemny w stanie gazowym [TJ];;TJ;brak_rekordu_w_api;;;;;;6649709;8212898000062;282
2018;2018;;Surinam;SR;kraj_lub_terytorium;27111100;27111100 - Gaz ziemny skroplony [TJ];;TJ;brak_rekordu_w_api;;;;;;6649766;8212945000062;282
2018;2018;;Surinam;SR;kraj_lub_terytorium;27112100;27112100 - Gaz ziemny w stanie gazowym [TJ];;TJ;brak_rekordu_w_api;;;;;;6649766;8212898000062;282
2018;2018;;Syria;SY;kraj_lub_terytorium;27111100;27111100 - Gaz ziemny skroplony [TJ];;TJ;brak_rekordu_w_api;;;;;;6649827;8212945000062;282
2018;2018;;Syria;SY;kraj_lub_terytorium;27112100;27112100 - Gaz ziemny w stanie gazowym [TJ];;TJ;brak_rekordu_w_api;;;;;;6649827;8212898000062;282
2018;2018;;Szwajcaria;CH;kraj_lub_terytorium;27111100;27111100 - Gaz ziemny skroplony [TJ];;TJ;brak_rekordu_w_api;;;;;;6649881;8212945000062;282
2018;2018;;Szwajcaria;CH;kraj_lub_terytorium;27112100;27112100 - Gaz ziemny w stanie gazowym [TJ];;TJ;brak_rekordu_w_api;;;;;;6649881;8212898000062;282
2018;2018;;Szwecja;SE;kraj_lub_terytorium;27111100;27111100 - Gaz ziemny skroplony [TJ];;TJ;brak_rekordu_w_api;;;;;;6649882;8212945000062;282
2018;2018;;Szwecja;SE;kraj_lub_terytorium;27112100;27112100 - Gaz ziemny w stanie gazowym [TJ];;TJ;brak_rekordu_w_api;;;;;;6649882;8212898000062;282
2018;2018;;Słowacja;SK;kraj_lub_terytorium;27111100;27111100 - Gaz ziemny skroplony [TJ];;TJ;brak_rekordu_w_api;;;;;;6649886;8212945000062;282
2018;2018;;Słowacja;SK;kraj_lub_terytorium;27112100;27112100 - Gaz ziemny w stanie gazowym [TJ];;TJ;brak_rekordu_w_api;;;;;;6649886;8212898000062;282
2018;2018;;Słowenia;SI;kraj_lub_terytorium;27111100;27111100 - Gaz ziemny skroplony [TJ];;TJ;brak_rekordu_w_api;;;;;;6649885;8212945000062;282
2018;2018;;Słowenia;SI;kraj_lub_terytorium;27112100;27112100 - Gaz ziemny w stanie gazowym [TJ];;TJ;brak_rekordu_w_api;;;;;;6649885;8212898000062;282
2018;2018;;Tadżykistan;TJ;kraj_lub_terytorium;27111100;27111100 - Gaz ziemny skroplony [TJ];;TJ;brak_rekordu_w_api;;;;;;6649826;8212945000062;282
2018;2018;;Tadżykistan;TJ;kraj_lub_terytorium;27112100;27112100 - Gaz ziemny w stanie gazowym [TJ];;TJ;brak_rekordu_w_api;;;;;;6649826;8212898000062;282
2018;2018;;Tajlandia;TH;kraj_lub_terytorium;27111100;27111100 - Gaz ziemny skroplony [TJ];;TJ;brak_rekordu_w_api;;;;;;6649824;8212945000062;282
2018;2018;;Tajlandia;TH;kraj_lub_terytorium;27112100;27112100 - Gaz ziemny w stanie gazowym [TJ];;TJ;brak_rekordu_w_api;;;;;;6649824;8212898000062;282
2018;2018;;Tajwan;TW;kraj_lub_terytorium;27111100;27111100 - Gaz ziemny skroplony [TJ];;TJ;brak_rekordu_w_api;;;;;;7548478;8212945000062;282
2018;2018;;Tajwan;TW;kraj_lub_terytorium;27112100;27112100 - Gaz ziemny w stanie gazowym [TJ];;TJ;brak_rekordu_w_api;;;;;;7548478;8212898000062;282
2018;2018;;Tanzania;TZ;kraj_lub_terytorium;27111100;27111100 - Gaz ziemny skroplony [TJ];;TJ;brak_rekordu_w_api;;;;;;6649703;8212945000062;282
2018;2018;;Tanzania;TZ;kraj_lub_terytorium;27112100;27112100 - Gaz ziemny w stanie gazowym [TJ];;TJ;brak_rekordu_w_api;;;;;;6649703;8212898000062;282
2018;2018;;Timor Wschodni;TL;kraj_lub_terytorium;27111100;27111100 - Gaz ziemny skroplony [TJ];;TJ;brak_rekordu_w_api;;;;;;6649832;8212945000062;282
2018;2018;;Timor Wschodni;TL;kraj_lub_terytorium;27112100;27112100 - Gaz ziemny w stanie gazowym [TJ];;TJ;brak_rekordu_w_api;;;;;;6649832;8212898000062;282
2018;2018;;Togo;TG;kraj_lub_terytorium;27111100;27111100 - Gaz ziemny skroplony [TJ];;TJ;brak_rekordu_w_api;;;;;;6649707;8212945000062;282
2018;2018;;Togo;TG;kraj_lub_terytorium;27112100;27112100 - Gaz ziemny w stanie gazowym [TJ];;TJ;brak_rekordu_w_api;;;;;;6649707;8212898000062;282
2018;2018;;Tokelau;TK;kraj_lub_terytorium;27111100;27111100 - Gaz ziemny skroplony [TJ];;TJ;brak_rekordu_w_api;;;;;;6649676;8212945000062;282
2018;2018;;Tokelau;TK;kraj_lub_terytorium;27112100;27112100 - Gaz ziemny w stanie gazowym [TJ];;TJ;brak_rekordu_w_api;;;;;;6649676;8212898000062;282
2018;2018;;Tonga;TO;kraj_lub_terytorium;27111100;27111100 - Gaz ziemny skroplony [TJ];;TJ;brak_rekordu_w_api;;;;;;6649675;8212945000062;282
2018;2018;;Tonga;TO;kraj_lub_terytorium;27112100;27112100 - Gaz ziemny w stanie gazowym [TJ];;TJ;brak_rekordu_w_api;;;;;;6649675;8212898000062;282
2018;2018;;Trynidad i Tobago;TT;kraj_lub_terytorium;27111100;27111100 - Gaz ziemny skroplony [TJ];;TJ;brak_rekordu_w_api;;;;;;6649785;8212945000062;282
2018;2018;;Trynidad i Tobago;TT;kraj_lub_terytorium;27112100;27112100 - Gaz ziemny w stanie gazowym [TJ];;TJ;brak_rekordu_w_api;;;;;;6649785;8212898000062;282
2018;2018;;Tunezja;TN;kraj_lub_terytorium;27111100;27111100 - Gaz ziemny skroplony [TJ];;TJ;brak_rekordu_w_api;;;;;;6649706;8212945000062;282
2018;2018;;Tunezja;TN;kraj_lub_terytorium;27112100;27112100 - Gaz ziemny w stanie gazowym [TJ];;TJ;brak_rekordu_w_api;;;;;;6649706;8212898000062;282
2018;2018;;Turcja;TR;kraj_lub_terytorium;27111100;27111100 - Gaz ziemny skroplony [TJ];;TJ;brak_rekordu_w_api;;;;;;6649880;8212945000062;282
2018;2018;;Turcja;TR;kraj_lub_terytorium;27112100;27112100 - Gaz ziemny w stanie gazowym [TJ];;TJ;brak_rekordu_w_api;;;;;;6649880;8212898000062;282
2018;2018;;Turkmenistan;TM;kraj_lub_terytorium;27111100;27111100 - Gaz ziemny skroplony [TJ];;TJ;brak_rekordu_w_api;;;;;;6649822;8212945000062;282
2018;2018;;Turkmenistan;TM;kraj_lub_terytorium;27112100;27112100 - Gaz ziemny w stanie gazowym [TJ];;TJ;brak_rekordu_w_api;;;;;;6649822;8212898000062;282
2018;2018;;Turks i Caicos;TC;kraj_lub_terytorium;27111100;27111100 - Gaz ziemny skroplony [TJ];;TJ;brak_rekordu_w_api;;;;;;6649939;8212945000062;282
2018;2018;;Turks i Caicos;TC;kraj_lub_terytorium;27112100;27112100 - Gaz ziemny w stanie gazowym [TJ];;TJ;brak_rekordu_w_api;;;;;;6649939;8212898000062;282
2018;2018;;Tuvalu;TV;kraj_lub_terytorium;27111100;27111100 - Gaz ziemny skroplony [TJ];;TJ;brak_rekordu_w_api;;;;;;6649674;8212945000062;282
2018;2018;;Tuvalu;TV;kraj_lub_terytorium;27112100;27112100 - Gaz ziemny w stanie gazowym [TJ];;TJ;brak_rekordu_w_api;;;;;;6649674;8212898000062;282
2018;2018;;Uganda;UG;kraj_lub_terytorium;27111100;27111100 - Gaz ziemny skroplony [TJ];;TJ;brak_rekordu_w_api;;;;;;6649705;8212945000062;282
2018;2018;;Uganda;UG;kraj_lub_terytorium;27112100;27112100 - Gaz ziemny w stanie gazowym [TJ];;TJ;brak_rekordu_w_api;;;;;;6649705;8212898000062;282
2018;2018;;Ukraina;UA;kraj_lub_terytorium;27111100;27111100 - Gaz ziemny skroplony [TJ];;TJ;brak_rekordu_w_api;;;;;;6649879;8212945000062;282
2018;2018;;Ukraina;UA;kraj_lub_terytorium;27112100;27112100 - Gaz ziemny w stanie gazowym [TJ];27715,0;TJ;wartosc_opublikowana;Dane ostateczne;Dane jawne;Nie dotyczy;;1;6649879;8212898000062;282
2018;2018;;Urugwaj;UY;kraj_lub_terytorium;27111100;27111100 - Gaz ziemny skroplony [TJ];;TJ;brak_rekordu_w_api;;;;;;6649765;8212945000062;282
2018;2018;;Urugwaj;UY;kraj_lub_terytorium;27112100;27112100 - Gaz ziemny w stanie gazowym [TJ];;TJ;brak_rekordu_w_api;;;;;;6649765;8212898000062;282
2018;2018;;Uzbekistan;UZ;kraj_lub_terytorium;27111100;27111100 - Gaz ziemny skroplony [TJ];;TJ;brak_rekordu_w_api;;;;;;6649820;8212945000062;282
2018;2018;;Uzbekistan;UZ;kraj_lub_terytorium;27112100;27112100 - Gaz ziemny w stanie gazowym [TJ];;TJ;brak_rekordu_w_api;;;;;;6649820;8212898000062;282
2018;2018;;Vanuatu;VU;kraj_lub_terytorium;27111100;27111100 - Gaz ziemny skroplony [TJ];;TJ;brak_rekordu_w_api;;;;;;6649688;8212945000062;282
2018;2018;;Vanuatu;VU;kraj_lub_terytorium;27112100;27112100 - Gaz ziemny w stanie gazowym [TJ];;TJ;brak_rekordu_w_api;;;;;;6649688;8212898000062;282
2018;2018;;Wallis i Futuna;WF;kraj_lub_terytorium;27111100;27111100 - Gaz ziemny skroplony [TJ];;TJ;brak_rekordu_w_api;;;;;;6649673;8212945000062;282
2018;2018;;Wallis i Futuna;WF;kraj_lub_terytorium;27112100;27112100 - Gaz ziemny w stanie gazowym [TJ];;TJ;brak_rekordu_w_api;;;;;;6649673;8212898000062;282
2018;2018;;Watykan;VA;kraj_lub_terytorium;27111100;27111100 - Gaz ziemny skroplony [TJ];;TJ;brak_rekordu_w_api;;;;;;6649907;8212945000062;282
2018;2018;;Watykan;VA;kraj_lub_terytorium;27112100;27112100 - Gaz ziemny w stanie gazowym [TJ];;TJ;brak_rekordu_w_api;;;;;;6649907;8212898000062;282
2018;2018;;Wenezuela;VE;kraj_lub_terytorium;27111100;27111100 - Gaz ziemny skroplony [TJ];;TJ;brak_rekordu_w_api;;;;;;6649764;8212945000062;282
2018;2018;;Wenezuela;VE;kraj_lub_terytorium;27112100;27112100 - Gaz ziemny w stanie gazowym [TJ];;TJ;brak_rekordu_w_api;;;;;;6649764;8212898000062;282
2018;2018;;Wielka Brytania;GB;kraj_lub_terytorium;27111100;27111100 - Gaz ziemny skroplony [TJ];;TJ;brak_rekordu_w_api;;;;;;6649877;8212945000062;282
2018;2018;;Wielka Brytania;GB;kraj_lub_terytorium;27112100;27112100 - Gaz ziemny w stanie gazowym [TJ];;TJ;brak_rekordu_w_api;;;;;;6649877;8212898000062;282
2018;2018;;Wietnam;VN;kraj_lub_terytorium;27111100;27111100 - Gaz ziemny skroplony [TJ];;TJ;brak_rekordu_w_api;;;;;;7548674;8212945000062;282
2018;2018;;Wietnam;VN;kraj_lub_terytorium;27112100;27112100 - Gaz ziemny w stanie gazowym [TJ];;TJ;brak_rekordu_w_api;;;;;;7548674;8212898000062;282
2018;2018;;Wybrzeże Kości Słoniowej;CI;kraj_lub_terytorium;27111100;27111100 - Gaz ziemny skroplony [TJ];;TJ;brak_rekordu_w_api;;;;;;6649738;8212945000062;282
2018;2018;;Wybrzeże Kości Słoniowej;CI;kraj_lub_terytorium;27112100;27112100 - Gaz ziemny w stanie gazowym [TJ];;TJ;brak_rekordu_w_api;;;;;;6649738;8212898000062;282
2018;2018;;Wyspa Bouveta;BV;kraj_lub_terytorium;27111100;27111100 - Gaz ziemny skroplony [TJ];;TJ;brak_rekordu_w_api;;;;;;6649758;8212945000062;282
2018;2018;;Wyspa Bouveta;BV;kraj_lub_terytorium;27112100;27112100 - Gaz ziemny w stanie gazowym [TJ];;TJ;brak_rekordu_w_api;;;;;;6649758;8212898000062;282
2018;2018;;Wyspa Bożego Narodzenia;CX;kraj_lub_terytorium;27111100;27111100 - Gaz ziemny skroplony [TJ];;TJ;brak_rekordu_w_api;;;;;;6649860;8212945000062;282
2018;2018;;Wyspa Bożego Narodzenia;CX;kraj_lub_terytorium;27112100;27112100 - Gaz ziemny w stanie gazowym [TJ];;TJ;brak_rekordu_w_api;;;;;;6649860;8212898000062;282
2018;2018;;Wyspa Świętej Heleny, Wyspa Wniebowstąpienia i Tristan da Cunha;SH;kraj_lub_terytorium;27111100;27111100 - Gaz ziemny skroplony [TJ];;TJ;brak_rekordu_w_api;;;;;;6649720;8212945000062;282
2018;2018;;Wyspa Świętej Heleny, Wyspa Wniebowstąpienia i Tristan da Cunha;SH;kraj_lub_terytorium;27112100;27112100 - Gaz ziemny w stanie gazowym [TJ];;TJ;brak_rekordu_w_api;;;;;;6649720;8212898000062;282
2018;2018;;Wyspy Cooka;CK;kraj_lub_terytorium;27111100;27111100 - Gaz ziemny skroplony [TJ];;TJ;brak_rekordu_w_api;;;;;;6649697;8212945000062;282
2018;2018;;Wyspy Cooka;CK;kraj_lub_terytorium;27112100;27112100 - Gaz ziemny w stanie gazowym [TJ];;TJ;brak_rekordu_w_api;;;;;;6649697;8212898000062;282
2018;2018;;Wyspy Dziewicze Stanów Zjednoczonych;VI;kraj_lub_terytorium;27111100;27111100 - Gaz ziemny skroplony [TJ];;TJ;brak_rekordu_w_api;;;;;;6649782;8212945000062;282
2018;2018;;Wyspy Dziewicze Stanów Zjednoczonych;VI;kraj_lub_terytorium;27112100;27112100 - Gaz ziemny w stanie gazowym [TJ];;TJ;brak_rekordu_w_api;;;;;;6649782;8212898000062;282
2018;2018;;Wyspy Heard i McDonalda;HM;kraj_lub_terytorium;27111100;27111100 - Gaz ziemny skroplony [TJ];;TJ;brak_rekordu_w_api;;;;;;6649691;8212945000062;282
2018;2018;;Wyspy Heard i McDonalda;HM;kraj_lub_terytorium;27112100;27112100 - Gaz ziemny w stanie gazowym [TJ];;TJ;brak_rekordu_w_api;;;;;;6649691;8212898000062;282
2018;2018;;Wyspy Kokosowe (inaczej Wyspy Keelinga);CC;kraj_lub_terytorium;27111100;27111100 - Gaz ziemny skroplony [TJ];;TJ;brak_rekordu_w_api;;;;;;7473122;8212945000062;282
2018;2018;;Wyspy Kokosowe (inaczej Wyspy Keelinga);CC;kraj_lub_terytorium;27112100;27112100 - Gaz ziemny w stanie gazowym [TJ];;TJ;brak_rekordu_w_api;;;;;;7473122;8212898000062;282
2018;2018;;Wyspy Marshalla;MH;kraj_lub_terytorium;27111100;27111100 - Gaz ziemny skroplony [TJ];;TJ;brak_rekordu_w_api;;;;;;6649681;8212945000062;282
2018;2018;;Wyspy Marshalla;MH;kraj_lub_terytorium;27112100;27112100 - Gaz ziemny w stanie gazowym [TJ];;TJ;brak_rekordu_w_api;;;;;;6649681;8212898000062;282
2018;2018;;Wyspy Owcze;FO;kraj_lub_terytorium;27111100;27111100 - Gaz ziemny skroplony [TJ];;TJ;brak_rekordu_w_api;;;;;;6649914;8212945000062;282
2018;2018;;Wyspy Owcze;FO;kraj_lub_terytorium;27112100;27112100 - Gaz ziemny w stanie gazowym [TJ];;TJ;brak_rekordu_w_api;;;;;;6649914;8212898000062;282
2018;2018;;Wyspy Salomona;SB;kraj_lub_terytorium;27111100;27111100 - Gaz ziemny skroplony [TJ];;TJ;brak_rekordu_w_api;;;;;;6649698;8212945000062;282
2018;2018;;Wyspy Salomona;SB;kraj_lub_terytorium;27112100;27112100 - Gaz ziemny w stanie gazowym [TJ];;TJ;brak_rekordu_w_api;;;;;;6649698;8212898000062;282
2018;2018;;Wyspy Świętego Tomasza i Książęca;ST;kraj_lub_terytorium;27111100;27111100 - Gaz ziemny skroplony [TJ];;TJ;brak_rekordu_w_api;;;;;;6649718;8212945000062;282
2018;2018;;Wyspy Świętego Tomasza i Książęca;ST;kraj_lub_terytorium;27112100;27112100 - Gaz ziemny w stanie gazowym [TJ];;TJ;brak_rekordu_w_api;;;;;;6649718;8212898000062;282
2018;2018;;Węgry;HU;kraj_lub_terytorium;27111100;27111100 - Gaz ziemny skroplony [TJ];;TJ;brak_rekordu_w_api;;;;;;6649906;8212945000062;282
2018;2018;;Węgry;HU;kraj_lub_terytorium;27112100;27112100 - Gaz ziemny w stanie gazowym [TJ];;TJ;brak_rekordu_w_api;;;;;;6649906;8212898000062;282
2018;2018;;Włochy;IT;kraj_lub_terytorium;27111100;27111100 - Gaz ziemny skroplony [TJ];;TJ;brak_rekordu_w_api;;;;;;6649903;8212945000062;282
2018;2018;;Włochy;IT;kraj_lub_terytorium;27112100;27112100 - Gaz ziemny w stanie gazowym [TJ];;TJ;brak_rekordu_w_api;;;;;;6649903;8212898000062;282
2018;2018;;Zambia;ZM;kraj_lub_terytorium;27111100;27111100 - Gaz ziemny skroplony [TJ];;TJ;brak_rekordu_w_api;;;;;;6649701;8212945000062;282
2018;2018;;Zambia;ZM;kraj_lub_terytorium;27112100;27112100 - Gaz ziemny w stanie gazowym [TJ];;TJ;brak_rekordu_w_api;;;;;;6649701;8212898000062;282
2018;2018;;Zap. i zaop. statków, niezn.arm.;QQ;kategoria_specjalna;27111100;27111100 - Gaz ziemny skroplony [TJ];;TJ;brak_rekordu_w_api;;;;;;7277329;8212945000062;282
2018;2018;;Zap. i zaop. statków, niezn.arm.;QQ;kategoria_specjalna;27112100;27112100 - Gaz ziemny w stanie gazowym [TJ];;TJ;brak_rekordu_w_api;;;;;;7277329;8212898000062;282
2018;2018;;Zimbabwe;ZW;kraj_lub_terytorium;27111100;27111100 - Gaz ziemny skroplony [TJ];;TJ;brak_rekordu_w_api;;;;;;6649712;8212945000062;282
2018;2018;;Zimbabwe;ZW;kraj_lub_terytorium;27112100;27112100 - Gaz ziemny w stanie gazowym [TJ];;TJ;brak_rekordu_w_api;;;;;;6649712;8212898000062;282
2018;2018;;Zjednoczone Emiraty Arabskie;AE;kraj_lub_terytorium;27111100;27111100 - Gaz ziemny skroplony [TJ];;TJ;brak_rekordu_w_api;;;;;;6649823;8212945000062;282
2018;2018;;Zjednoczone Emiraty Arabskie;AE;kraj_lub_terytorium;27112100;27112100 - Gaz ziemny w stanie gazowym [TJ];;TJ;brak_rekordu_w_api;;;;;;6649823;8212898000062;282
2018;2018;;Łotwa;LV;kraj_lub_terytorium;27111100;27111100 - Gaz ziemny skroplony [TJ];;TJ;brak_rekordu_w_api;;;;;;6649902;8212945000062;282
2018;2018;;Łotwa;LV;kraj_lub_terytorium;27112100;27112100 - Gaz ziemny w stanie gazowym [TJ];;TJ;brak_rekordu_w_api;;;;;;6649902;8212898000062;282
2019;2019;;Afganistan;AF;kraj_lub_terytorium;27111100;27111100 - Gaz ziemny skroplony [TJ];;TJ;brak_rekordu_w_api;;;;;;6649873;8212945000062;282
2019;2019;;Afganistan;AF;kraj_lub_terytorium;27112100;27112100 - Gaz ziemny w stanie gazowym [TJ];;TJ;brak_rekordu_w_api;;;;;;6649873;8212898000062;282
2019;2019;;Albania;AL;kraj_lub_terytorium;27111100;27111100 - Gaz ziemny skroplony [TJ];;TJ;brak_rekordu_w_api;;;;;;6649925;8212945000062;282
2019;2019;;Albania;AL;kraj_lub_terytorium;27112100;27112100 - Gaz ziemny w stanie gazowym [TJ];;TJ;brak_rekordu_w_api;;;;;;6649925;8212898000062;282
2019;2019;;Algieria;DZ;kraj_lub_terytorium;27111100;27111100 - Gaz ziemny skroplony [TJ];;TJ;brak_rekordu_w_api;;;;;;6649763;8212945000062;282
2019;2019;;Algieria;DZ;kraj_lub_terytorium;27112100;27112100 - Gaz ziemny w stanie gazowym [TJ];;TJ;brak_rekordu_w_api;;;;;;6649763;8212898000062;282
2019;2019;;Andora;AD;kraj_lub_terytorium;27111100;27111100 - Gaz ziemny skroplony [TJ];;TJ;brak_rekordu_w_api;;;;;;6649924;8212945000062;282
2019;2019;;Andora;AD;kraj_lub_terytorium;27112100;27112100 - Gaz ziemny w stanie gazowym [TJ];;TJ;brak_rekordu_w_api;;;;;;6649924;8212898000062;282
2019;2019;;Angola;AO;kraj_lub_terytorium;27111100;27111100 - Gaz ziemny skroplony [TJ];;TJ;brak_rekordu_w_api;;;;;;6649760;8212945000062;282
2019;2019;;Angola;AO;kraj_lub_terytorium;27112100;27112100 - Gaz ziemny w stanie gazowym [TJ];;TJ;brak_rekordu_w_api;;;;;;6649760;8212898000062;282
2019;2019;;Anguilla;AI;kraj_lub_terytorium;27111100;27111100 - Gaz ziemny skroplony [TJ];;TJ;brak_rekordu_w_api;;;;;;6649790;8212945000062;282
2019;2019;;Anguilla;AI;kraj_lub_terytorium;27112100;27112100 - Gaz ziemny w stanie gazowym [TJ];;TJ;brak_rekordu_w_api;;;;;;6649790;8212898000062;282
2019;2019;;Antarktyda;AQ;kraj_lub_terytorium;27111100;27111100 - Gaz ziemny skroplony [TJ];;TJ;brak_rekordu_w_api;;;;;;6649670;8212945000062;282
2019;2019;;Antarktyda;AQ;kraj_lub_terytorium;27112100;27112100 - Gaz ziemny w stanie gazowym [TJ];;TJ;brak_rekordu_w_api;;;;;;6649670;8212898000062;282
2019;2019;;Antigua i Barbuda;AG;kraj_lub_terytorium;27111100;27111100 - Gaz ziemny skroplony [TJ];;TJ;brak_rekordu_w_api;;;;;;6649818;8212945000062;282
2019;2019;;Antigua i Barbuda;AG;kraj_lub_terytorium;27112100;27112100 - Gaz ziemny w stanie gazowym [TJ];;TJ;brak_rekordu_w_api;;;;;;6649818;8212898000062;282
2019;2019;;Arabia Saudyjska;SA;kraj_lub_terytorium;27111100;27111100 - Gaz ziemny skroplony [TJ];;TJ;brak_rekordu_w_api;;;;;;6649830;8212945000062;282
2019;2019;;Arabia Saudyjska;SA;kraj_lub_terytorium;27112100;27112100 - Gaz ziemny w stanie gazowym [TJ];;TJ;brak_rekordu_w_api;;;;;;6649830;8212898000062;282
2019;2019;;Argentyna;AR;kraj_lub_terytorium;27111100;27111100 - Gaz ziemny skroplony [TJ];;TJ;brak_rekordu_w_api;;;;;;6649781;8212945000062;282
2019;2019;;Argentyna;AR;kraj_lub_terytorium;27112100;27112100 - Gaz ziemny w stanie gazowym [TJ];;TJ;brak_rekordu_w_api;;;;;;6649781;8212898000062;282
2019;2019;;Armenia;AM;kraj_lub_terytorium;27111100;27111100 - Gaz ziemny skroplony [TJ];;TJ;brak_rekordu_w_api;;;;;;6649869;8212945000062;282
2019;2019;;Armenia;AM;kraj_lub_terytorium;27112100;27112100 - Gaz ziemny w stanie gazowym [TJ];;TJ;brak_rekordu_w_api;;;;;;6649869;8212898000062;282
2019;2019;;Aruba;AW;kraj_lub_terytorium;27111100;27111100 - Gaz ziemny skroplony [TJ];;TJ;brak_rekordu_w_api;;;;;;6649770;8212945000062;282
2019;2019;;Aruba;AW;kraj_lub_terytorium;27112100;27112100 - Gaz ziemny w stanie gazowym [TJ];;TJ;brak_rekordu_w_api;;;;;;6649770;8212898000062;282
2019;2019;;Australia;AU;kraj_lub_terytorium;27111100;27111100 - Gaz ziemny skroplony [TJ];;TJ;brak_rekordu_w_api;;;;;;6649699;8212945000062;282
2019;2019;;Australia;AU;kraj_lub_terytorium;27112100;27112100 - Gaz ziemny w stanie gazowym [TJ];;TJ;brak_rekordu_w_api;;;;;;6649699;8212898000062;282
2019;2019;;Austria;AT;kraj_lub_terytorium;27111100;27111100 - Gaz ziemny skroplony [TJ];;TJ;brak_rekordu_w_api;;;;;;6649923;8212945000062;282
2019;2019;;Austria;AT;kraj_lub_terytorium;27112100;27112100 - Gaz ziemny w stanie gazowym [TJ];;TJ;brak_rekordu_w_api;;;;;;6649923;8212898000062;282
2019;2019;;Azerbejdżan;AZ;kraj_lub_terytorium;27111100;27111100 - Gaz ziemny skroplony [TJ];;TJ;brak_rekordu_w_api;;;;;;6649872;8212945000062;282
2019;2019;;Azerbejdżan;AZ;kraj_lub_terytorium;27112100;27112100 - Gaz ziemny w stanie gazowym [TJ];;TJ;brak_rekordu_w_api;;;;;;6649872;8212898000062;282
2019;2019;;Bahamy;BS;kraj_lub_terytorium;27111100;27111100 - Gaz ziemny skroplony [TJ];;TJ;brak_rekordu_w_api;;;;;;7473138;8212945000062;282
2019;2019;;Bahamy;BS;kraj_lub_terytorium;27112100;27112100 - Gaz ziemny w stanie gazowym [TJ];;TJ;brak_rekordu_w_api;;;;;;7473138;8212898000062;282
2019;2019;;Bahrajn;BH;kraj_lub_terytorium;27111100;27111100 - Gaz ziemny skroplony [TJ];;TJ;brak_rekordu_w_api;;;;;;6649871;8212945000062;282
2019;2019;;Bahrajn;BH;kraj_lub_terytorium;27112100;27112100 - Gaz ziemny w stanie gazowym [TJ];;TJ;brak_rekordu_w_api;;;;;;6649871;8212898000062;282
2019;2019;;Bangladesz;BD;kraj_lub_terytorium;27111100;27111100 - Gaz ziemny skroplony [TJ];;TJ;brak_rekordu_w_api;;;;;;6649870;8212945000062;282
2019;2019;;Bangladesz;BD;kraj_lub_terytorium;27112100;27112100 - Gaz ziemny w stanie gazowym [TJ];;TJ;brak_rekordu_w_api;;;;;;6649870;8212898000062;282
2019;2019;;Barbados;BB;kraj_lub_terytorium;27111100;27111100 - Gaz ziemny skroplony [TJ];;TJ;brak_rekordu_w_api;;;;;;6649817;8212945000062;282
2019;2019;;Barbados;BB;kraj_lub_terytorium;27112100;27112100 - Gaz ziemny w stanie gazowym [TJ];;TJ;brak_rekordu_w_api;;;;;;6649817;8212898000062;282
2019;2019;;Belgia;BE;kraj_lub_terytorium;27111100;27111100 - Gaz ziemny skroplony [TJ];;TJ;brak_rekordu_w_api;;;;;;6649922;8212945000062;282
2019;2019;;Belgia;BE;kraj_lub_terytorium;27112100;27112100 - Gaz ziemny w stanie gazowym [TJ];;TJ;brak_rekordu_w_api;;;;;;6649922;8212898000062;282
2019;2019;;Belize;BZ;kraj_lub_terytorium;27111100;27111100 - Gaz ziemny skroplony [TJ];;TJ;brak_rekordu_w_api;;;;;;6649815;8212945000062;282
2019;2019;;Belize;BZ;kraj_lub_terytorium;27112100;27112100 - Gaz ziemny w stanie gazowym [TJ];;TJ;brak_rekordu_w_api;;;;;;6649815;8212898000062;282
2019;2019;;Benin;BJ;kraj_lub_terytorium;27111100;27111100 - Gaz ziemny skroplony [TJ];;TJ;brak_rekordu_w_api;;;;;;6649747;8212945000062;282
2019;2019;;Benin;BJ;kraj_lub_terytorium;27112100;27112100 - Gaz ziemny w stanie gazowym [TJ];;TJ;brak_rekordu_w_api;;;;;;6649747;8212898000062;282
2019;2019;;Bermudy;BM;kraj_lub_terytorium;27111100;27111100 - Gaz ziemny skroplony [TJ];;TJ;brak_rekordu_w_api;;;;;;6649816;8212945000062;282
2019;2019;;Bermudy;BM;kraj_lub_terytorium;27112100;27112100 - Gaz ziemny w stanie gazowym [TJ];;TJ;brak_rekordu_w_api;;;;;;6649816;8212898000062;282
2019;2019;;Bhutan;BT;kraj_lub_terytorium;27111100;27111100 - Gaz ziemny skroplony [TJ];;TJ;brak_rekordu_w_api;;;;;;6649868;8212945000062;282
2019;2019;;Bhutan;BT;kraj_lub_terytorium;27112100;27112100 - Gaz ziemny w stanie gazowym [TJ];;TJ;brak_rekordu_w_api;;;;;;6649868;8212898000062;282
2019;2019;;Białoruś;BY;kraj_lub_terytorium;27111100;27111100 - Gaz ziemny skroplony [TJ];;TJ;brak_rekordu_w_api;;;;;;6649919;8212945000062;282
2019;2019;;Białoruś;BY;kraj_lub_terytorium;27112100;27112100 - Gaz ziemny w stanie gazowym [TJ];;TJ;brak_rekordu_w_api;;;;;;6649919;8212898000062;282
2019;2019;;Boliwia;BO;kraj_lub_terytorium;27111100;27111100 - Gaz ziemny skroplony [TJ];;TJ;brak_rekordu_w_api;;;;;;6649780;8212945000062;282
2019;2019;;Boliwia;BO;kraj_lub_terytorium;27112100;27112100 - Gaz ziemny w stanie gazowym [TJ];;TJ;brak_rekordu_w_api;;;;;;6649780;8212898000062;282
2019;2019;;Bonaire, Sint Eustatius i Saba;BQ;kraj_lub_terytorium;27111100;27111100 - Gaz ziemny skroplony [TJ];;TJ;brak_rekordu_w_api;;;;;;6649769;8212945000062;282
2019;2019;;Bonaire, Sint Eustatius i Saba;BQ;kraj_lub_terytorium;27112100;27112100 - Gaz ziemny w stanie gazowym [TJ];;TJ;brak_rekordu_w_api;;;;;;6649769;8212898000062;282
2019;2019;;Botswana;BW;kraj_lub_terytorium;27111100;27111100 - Gaz ziemny skroplony [TJ];;TJ;brak_rekordu_w_api;;;;;;6649759;8212945000062;282
2019;2019;;Botswana;BW;kraj_lub_terytorium;27112100;27112100 - Gaz ziemny w stanie gazowym [TJ];;TJ;brak_rekordu_w_api;;;;;;6649759;8212898000062;282
2019;2019;;Bośnia i Hercegowina;BA;kraj_lub_terytorium;27111100;27111100 - Gaz ziemny skroplony [TJ];;TJ;brak_rekordu_w_api;;;;;;6649921;8212945000062;282
2019;2019;;Bośnia i Hercegowina;BA;kraj_lub_terytorium;27112100;27112100 - Gaz ziemny w stanie gazowym [TJ];;TJ;brak_rekordu_w_api;;;;;;6649921;8212898000062;282
2019;2019;;Brazylia;BR;kraj_lub_terytorium;27111100;27111100 - Gaz ziemny skroplony [TJ];;TJ;brak_rekordu_w_api;;;;;;6649779;8212945000062;282
2019;2019;;Brazylia;BR;kraj_lub_terytorium;27112100;27112100 - Gaz ziemny w stanie gazowym [TJ];;TJ;brak_rekordu_w_api;;;;;;6649779;8212898000062;282
2019;2019;;Brunei;BN;kraj_lub_terytorium;27111100;27111100 - Gaz ziemny skroplony [TJ];;TJ;brak_rekordu_w_api;;;;;;6649866;8212945000062;282
2019;2019;;Brunei;BN;kraj_lub_terytorium;27112100;27112100 - Gaz ziemny w stanie gazowym [TJ];;TJ;brak_rekordu_w_api;;;;;;6649866;8212898000062;282
2019;2019;;Brytyjskie Terytorium Oceanu Indyjskiego;IO;kraj_lub_terytorium;27111100;27111100 - Gaz ziemny skroplony [TJ];;TJ;brak_rekordu_w_api;;;;;;6649867;8212945000062;282
2019;2019;;Brytyjskie Terytorium Oceanu Indyjskiego;IO;kraj_lub_terytorium;27112100;27112100 - Gaz ziemny w stanie gazowym [TJ];;TJ;brak_rekordu_w_api;;;;;;6649867;8212898000062;282
2019;2019;;Brytyjskie Wyspy Dziewicze;VG;kraj_lub_terytorium;27111100;27111100 - Gaz ziemny skroplony [TJ];;TJ;brak_rekordu_w_api;;;;;;6649814;8212945000062;282
2019;2019;;Brytyjskie Wyspy Dziewicze;VG;kraj_lub_terytorium;27112100;27112100 - Gaz ziemny w stanie gazowym [TJ];;TJ;brak_rekordu_w_api;;;;;;6649814;8212898000062;282
2019;2019;;Burkina Faso;BF;kraj_lub_terytorium;27111100;27111100 - Gaz ziemny skroplony [TJ];;TJ;brak_rekordu_w_api;;;;;;6649702;8212945000062;282
2019;2019;;Burkina Faso;BF;kraj_lub_terytorium;27112100;27112100 - Gaz ziemny w stanie gazowym [TJ];;TJ;brak_rekordu_w_api;;;;;;6649702;8212898000062;282
2019;2019;;Burundi;BI;kraj_lub_terytorium;27111100;27111100 - Gaz ziemny skroplony [TJ];;TJ;brak_rekordu_w_api;;;;;;6649757;8212945000062;282
2019;2019;;Burundi;BI;kraj_lub_terytorium;27112100;27112100 - Gaz ziemny w stanie gazowym [TJ];;TJ;brak_rekordu_w_api;;;;;;6649757;8212898000062;282
2019;2019;;Bułgaria;BG;kraj_lub_terytorium;27111100;27111100 - Gaz ziemny skroplony [TJ];;TJ;brak_rekordu_w_api;;;;;;6649920;8212945000062;282
2019;2019;;Bułgaria;BG;kraj_lub_terytorium;27112100;27112100 - Gaz ziemny w stanie gazowym [TJ];;TJ;brak_rekordu_w_api;;;;;;6649920;8212898000062;282
2019;2019;;Ceuta;XC;kraj_lub_terytorium;27111100;27111100 - Gaz ziemny skroplony [TJ];;TJ;brak_rekordu_w_api;;;;;;6649762;8212945000062;282
2019;2019;;Ceuta;XC;kraj_lub_terytorium;27112100;27112100 - Gaz ziemny w stanie gazowym [TJ];;TJ;brak_rekordu_w_api;;;;;;6649762;8212898000062;282
2019;2019;;Chile;CL;kraj_lub_terytorium;27111100;27111100 - Gaz ziemny skroplony [TJ];;TJ;brak_rekordu_w_api;;;;;;6649778;8212945000062;282
2019;2019;;Chile;CL;kraj_lub_terytorium;27112100;27112100 - Gaz ziemny w stanie gazowym [TJ];;TJ;brak_rekordu_w_api;;;;;;6649778;8212898000062;282
2019;2019;;Chiny;CN;kraj_lub_terytorium;27111100;27111100 - Gaz ziemny skroplony [TJ];;TJ;brak_rekordu_w_api;;;;;;6649862;8212945000062;282
2019;2019;;Chiny;CN;kraj_lub_terytorium;27112100;27112100 - Gaz ziemny w stanie gazowym [TJ];;TJ;brak_rekordu_w_api;;;;;;6649862;8212898000062;282
2019;2019;;Chorwacja;HR;kraj_lub_terytorium;27111100;27111100 - Gaz ziemny skroplony [TJ];;TJ;brak_rekordu_w_api;;;;;;6649918;8212945000062;282
2019;2019;;Chorwacja;HR;kraj_lub_terytorium;27112100;27112100 - Gaz ziemny w stanie gazowym [TJ];;TJ;brak_rekordu_w_api;;;;;;6649918;8212898000062;282
2019;2019;;Curaçao;CW;kraj_lub_terytorium;27111100;27111100 - Gaz ziemny skroplony [TJ];;TJ;brak_rekordu_w_api;;;;;;7463815;8212945000062;282
2019;2019;;Curaçao;CW;kraj_lub_terytorium;27112100;27112100 - Gaz ziemny w stanie gazowym [TJ];;TJ;brak_rekordu_w_api;;;;;;7463815;8212898000062;282
2019;2019;;Cypr;CY;kraj_lub_terytorium;27111100;27111100 - Gaz ziemny skroplony [TJ];;TJ;brak_rekordu_w_api;;;;;;6649917;8212945000062;282
2019;2019;;Cypr;CY;kraj_lub_terytorium;27112100;27112100 - Gaz ziemny w stanie gazowym [TJ];;TJ;brak_rekordu_w_api;;;;;;6649917;8212898000062;282
2019;2019;;Czad;TD;kraj_lub_terytorium;27111100;27111100 - Gaz ziemny skroplony [TJ];;TJ;brak_rekordu_w_api;;;;;;6649753;8212945000062;282
2019;2019;;Czad;TD;kraj_lub_terytorium;27112100;27112100 - Gaz ziemny w stanie gazowym [TJ];;TJ;brak_rekordu_w_api;;;;;;6649753;8212898000062;282
2019;2019;;Czarnogóra;ME;kraj_lub_terytorium;27111100;27111100 - Gaz ziemny skroplony [TJ];;TJ;brak_rekordu_w_api;;;;;;6649895;8212945000062;282
2019;2019;;Czarnogóra;ME;kraj_lub_terytorium;27112100;27112100 - Gaz ziemny w stanie gazowym [TJ];;TJ;brak_rekordu_w_api;;;;;;6649895;8212898000062;282
2019;2019;;Czechy;CZ;kraj_lub_terytorium;27111100;27111100 - Gaz ziemny skroplony [TJ];;TJ;brak_rekordu_w_api;;;;;;7439975;8212945000062;282
2019;2019;;Czechy;CZ;kraj_lub_terytorium;27112100;27112100 - Gaz ziemny w stanie gazowym [TJ];;TJ;brak_rekordu_w_api;;;;;;7439975;8212898000062;282
2019;2019;;Dania;DK;kraj_lub_terytorium;27111100;27111100 - Gaz ziemny skroplony [TJ];;TJ;brak_rekordu_w_api;;;;;;6649916;8212945000062;282
2019;2019;;Dania;DK;kraj_lub_terytorium;27112100;27112100 - Gaz ziemny w stanie gazowym [TJ];;TJ;brak_rekordu_w_api;;;;;;6649916;8212898000062;282
2019;2019;;Demokratyczna Republika Konga;CD;kraj_lub_terytorium;27111100;27111100 - Gaz ziemny skroplony [TJ];;TJ;brak_rekordu_w_api;;;;;;6649750;8212945000062;282
2019;2019;;Demokratyczna Republika Konga;CD;kraj_lub_terytorium;27112100;27112100 - Gaz ziemny w stanie gazowym [TJ];;TJ;brak_rekordu_w_api;;;;;;6649750;8212898000062;282
2019;2019;;Dominika;DM;kraj_lub_terytorium;27111100;27111100 - Gaz ziemny skroplony [TJ];;TJ;brak_rekordu_w_api;;;;;;6649809;8212945000062;282
2019;2019;;Dominika;DM;kraj_lub_terytorium;27112100;27112100 - Gaz ziemny w stanie gazowym [TJ];;TJ;brak_rekordu_w_api;;;;;;6649809;8212898000062;282
2019;2019;;Dominikana;DO;kraj_lub_terytorium;27111100;27111100 - Gaz ziemny skroplony [TJ];;TJ;brak_rekordu_w_api;;;;;;6649941;8212945000062;282
2019;2019;;Dominikana;DO;kraj_lub_terytorium;27112100;27112100 - Gaz ziemny w stanie gazowym [TJ];;TJ;brak_rekordu_w_api;;;;;;6649941;8212898000062;282
2019;2019;;Dżibuti;DJ;kraj_lub_terytorium;27111100;27111100 - Gaz ziemny skroplony [TJ];;TJ;brak_rekordu_w_api;;;;;;6649743;8212945000062;282
2019;2019;;Dżibuti;DJ;kraj_lub_terytorium;27112100;27112100 - Gaz ziemny w stanie gazowym [TJ];;TJ;brak_rekordu_w_api;;;;;;6649743;8212898000062;282
2019;2019;;Egipt;EG;kraj_lub_terytorium;27111100;27111100 - Gaz ziemny skroplony [TJ];;TJ;brak_rekordu_w_api;;;;;;6649704;8212945000062;282
2019;2019;;Egipt;EG;kraj_lub_terytorium;27112100;27112100 - Gaz ziemny w stanie gazowym [TJ];;TJ;brak_rekordu_w_api;;;;;;6649704;8212898000062;282
2019;2019;;Ekwador;EC;kraj_lub_terytorium;27111100;27111100 - Gaz ziemny skroplony [TJ];;TJ;brak_rekordu_w_api;;;;;;6649776;8212945000062;282
2019;2019;;Ekwador;EC;kraj_lub_terytorium;27112100;27112100 - Gaz ziemny w stanie gazowym [TJ];;TJ;brak_rekordu_w_api;;;;;;6649776;8212898000062;282
2019;2019;;Erytrea;ER;kraj_lub_terytorium;27111100;27111100 - Gaz ziemny skroplony [TJ];;TJ;brak_rekordu_w_api;;;;;;6649744;8212945000062;282
2019;2019;;Erytrea;ER;kraj_lub_terytorium;27112100;27112100 - Gaz ziemny w stanie gazowym [TJ];;TJ;brak_rekordu_w_api;;;;;;6649744;8212898000062;282
2019;2019;;Estonia;EE;kraj_lub_terytorium;27111100;27111100 - Gaz ziemny skroplony [TJ];;TJ;brak_rekordu_w_api;;;;;;6649915;8212945000062;282
2019;2019;;Estonia;EE;kraj_lub_terytorium;27112100;27112100 - Gaz ziemny w stanie gazowym [TJ];;TJ;brak_rekordu_w_api;;;;;;6649915;8212898000062;282
2019;2019;;Eswatini;SZ;kraj_lub_terytorium;27111100;27111100 - Gaz ziemny skroplony [TJ];;TJ;brak_rekordu_w_api;;;;;;7437348;8212945000062;282
2019;2019;;Eswatini;SZ;kraj_lub_terytorium;27112100;27112100 - Gaz ziemny w stanie gazowym [TJ];;TJ;brak_rekordu_w_api;;;;;;7437348;8212898000062;282
2019;2019;;Etiopia;ET;kraj_lub_terytorium;27111100;27111100 - Gaz ziemny skroplony [TJ];;TJ;brak_rekordu_w_api;;;;;;6649745;8212945000062;282
2019;2019;;Etiopia;ET;kraj_lub_terytorium;27112100;27112100 - Gaz ziemny w stanie gazowym [TJ];;TJ;brak_rekordu_w_api;;;;;;6649745;8212898000062;282
2019;2019;;Falklandy;FK;kraj_lub_terytorium;27111100;27111100 - Gaz ziemny skroplony [TJ];;TJ;brak_rekordu_w_api;;;;;;6649775;8212945000062;282
2019;2019;;Falklandy;FK;kraj_lub_terytorium;27112100;27112100 - Gaz ziemny w stanie gazowym [TJ];;TJ;brak_rekordu_w_api;;;;;;6649775;8212898000062;282
2019;2019;;Fidżi;FJ;kraj_lub_terytorium;27111100;27111100 - Gaz ziemny skroplony [TJ];;TJ;brak_rekordu_w_api;;;;;;6649696;8212945000062;282
2019;2019;;Fidżi;FJ;kraj_lub_terytorium;27112100;27112100 - Gaz ziemny w stanie gazowym [TJ];;TJ;brak_rekordu_w_api;;;;;;6649696;8212898000062;282
2019;2019;;Filipiny;PH;kraj_lub_terytorium;27111100;27111100 - Gaz ziemny skroplony [TJ];;TJ;brak_rekordu_w_api;;;;;;6649833;8212945000062;282
2019;2019;;Filipiny;PH;kraj_lub_terytorium;27112100;27112100 - Gaz ziemny w stanie gazowym [TJ];;TJ;brak_rekordu_w_api;;;;;;6649833;8212898000062;282
2019;2019;;Finlandia;FI;kraj_lub_terytorium;27111100;27111100 - Gaz ziemny skroplony [TJ];;TJ;brak_rekordu_w_api;;;;;;6649913;8212945000062;282
2019;2019;;Finlandia;FI;kraj_lub_terytorium;27112100;27112100 - Gaz ziemny w stanie gazowym [TJ];;TJ;brak_rekordu_w_api;;;;;;6649913;8212898000062;282
2019;2019;;Francja;FR;kraj_lub_terytorium;27111100;27111100 - Gaz ziemny skroplony [TJ];;TJ;brak_rekordu_w_api;;;;;;6649911;8212945000062;282
2019;2019;;Francja;FR;kraj_lub_terytorium;27112100;27112100 - Gaz ziemny w stanie gazowym [TJ];;TJ;brak_rekordu_w_api;;;;;;6649911;8212898000062;282
2019;2019;;Francuskie Terytoria Południowe;TF;kraj_lub_terytorium;27111100;27111100 - Gaz ziemny skroplony [TJ];;TJ;brak_rekordu_w_api;;;;;;7548413;8212945000062;282
2019;2019;;Francuskie Terytoria Południowe;TF;kraj_lub_terytorium;27112100;27112100 - Gaz ziemny w stanie gazowym [TJ];;TJ;brak_rekordu_w_api;;;;;;7548413;8212898000062;282
2019;2019;;Gabon;GA;kraj_lub_terytorium;27111100;27111100 - Gaz ziemny skroplony [TJ];;TJ;brak_rekordu_w_api;;;;;;6649742;8212945000062;282
2019;2019;;Gabon;GA;kraj_lub_terytorium;27112100;27112100 - Gaz ziemny w stanie gazowym [TJ];;TJ;brak_rekordu_w_api;;;;;;6649742;8212898000062;282
2019;2019;;Gambia;GM;kraj_lub_terytorium;27111100;27111100 - Gaz ziemny skroplony [TJ];;TJ;brak_rekordu_w_api;;;;;;7475101;8212945000062;282
2019;2019;;Gambia;GM;kraj_lub_terytorium;27112100;27112100 - Gaz ziemny w stanie gazowym [TJ];;TJ;brak_rekordu_w_api;;;;;;7475101;8212898000062;282
2019;2019;;Georgia Południowa i Sandwich Południowy;GS;kraj_lub_terytorium;27111100;27111100 - Gaz ziemny skroplony [TJ];;TJ;brak_rekordu_w_api;;;;;;6649774;8212945000062;282
2019;2019;;Georgia Południowa i Sandwich Południowy;GS;kraj_lub_terytorium;27112100;27112100 - Gaz ziemny w stanie gazowym [TJ];;TJ;brak_rekordu_w_api;;;;;;6649774;8212898000062;282
2019;2019;;Ghana;GH;kraj_lub_terytorium;27111100;27111100 - Gaz ziemny skroplony [TJ];;TJ;brak_rekordu_w_api;;;;;;6649740;8212945000062;282
2019;2019;;Ghana;GH;kraj_lub_terytorium;27112100;27112100 - Gaz ziemny w stanie gazowym [TJ];;TJ;brak_rekordu_w_api;;;;;;6649740;8212898000062;282
2019;2019;;Gibraltar;GI;kraj_lub_terytorium;27111100;27111100 - Gaz ziemny skroplony [TJ];;TJ;brak_rekordu_w_api;;;;;;6649909;8212945000062;282
2019;2019;;Gibraltar;GI;kraj_lub_terytorium;27112100;27112100 - Gaz ziemny w stanie gazowym [TJ];;TJ;brak_rekordu_w_api;;;;;;6649909;8212898000062;282
2019;2019;;Grecja;GR;kraj_lub_terytorium;27111100;27111100 - Gaz ziemny skroplony [TJ];;TJ;brak_rekordu_w_api;;;;;;6649908;8212945000062;282
2019;2019;;Grecja;GR;kraj_lub_terytorium;27112100;27112100 - Gaz ziemny w stanie gazowym [TJ];;TJ;brak_rekordu_w_api;;;;;;6649908;8212898000062;282
2019;2019;;Grenada;GD;kraj_lub_terytorium;27111100;27111100 - Gaz ziemny skroplony [TJ];;TJ;brak_rekordu_w_api;;;;;;6649806;8212945000062;282
2019;2019;;Grenada;GD;kraj_lub_terytorium;27112100;27112100 - Gaz ziemny w stanie gazowym [TJ];;TJ;brak_rekordu_w_api;;;;;;6649806;8212898000062;282
2019;2019;;Grenlandia;GL;kraj_lub_terytorium;27111100;27111100 - Gaz ziemny skroplony [TJ];;TJ;brak_rekordu_w_api;;;;;;6649807;8212945000062;282
2019;2019;;Grenlandia;GL;kraj_lub_terytorium;27112100;27112100 - Gaz ziemny w stanie gazowym [TJ];;TJ;brak_rekordu_w_api;;;;;;6649807;8212898000062;282
2019;2019;;Gruzja;GE;kraj_lub_terytorium;27111100;27111100 - Gaz ziemny skroplony [TJ];;TJ;brak_rekordu_w_api;;;;;;6649858;8212945000062;282
2019;2019;;Gruzja;GE;kraj_lub_terytorium;27112100;27112100 - Gaz ziemny w stanie gazowym [TJ];;TJ;brak_rekordu_w_api;;;;;;6649858;8212898000062;282
2019;2019;;Guam;GU;kraj_lub_terytorium;27111100;27111100 - Gaz ziemny skroplony [TJ];;TJ;brak_rekordu_w_api;;;;;;6649692;8212945000062;282
2019;2019;;Guam;GU;kraj_lub_terytorium;27112100;27112100 - Gaz ziemny w stanie gazowym [TJ];;TJ;brak_rekordu_w_api;;;;;;6649692;8212898000062;282
2019;2019;;Gujana;GY;kraj_lub_terytorium;27111100;27111100 - Gaz ziemny skroplony [TJ];;TJ;brak_rekordu_w_api;;;;;;6649772;8212945000062;282
2019;2019;;Gujana;GY;kraj_lub_terytorium;27112100;27112100 - Gaz ziemny w stanie gazowym [TJ];;TJ;brak_rekordu_w_api;;;;;;6649772;8212898000062;282
2019;2019;;Gwatemala;GT;kraj_lub_terytorium;27111100;27111100 - Gaz ziemny skroplony [TJ];;TJ;brak_rekordu_w_api;;;;;;6649804;8212945000062;282
2019;2019;;Gwatemala;GT;kraj_lub_terytorium;27112100;27112100 - Gaz ziemny w stanie gazowym [TJ];;TJ;brak_rekordu_w_api;;;;;;6649804;8212898000062;282
2019;2019;;Gwinea;GN;kraj_lub_terytorium;27111100;27111100 - Gaz ziemny skroplony [TJ];;TJ;brak_rekordu_w_api;;;;;;6649739;8212945000062;282
2019;2019;;Gwinea;GN;kraj_lub_terytorium;27112100;27112100 - Gaz ziemny w stanie gazowym [TJ];;TJ;brak_rekordu_w_api;;;;;;6649739;8212898000062;282
2019;2019;;Gwinea Bissau;GW;kraj_lub_terytorium;27111100;27111100 - Gaz ziemny skroplony [TJ];;TJ;brak_rekordu_w_api;;;;;;6649723;8212945000062;282
2019;2019;;Gwinea Bissau;GW;kraj_lub_terytorium;27112100;27112100 - Gaz ziemny w stanie gazowym [TJ];;TJ;brak_rekordu_w_api;;;;;;6649723;8212898000062;282
2019;2019;;Gwinea Równikowa;GQ;kraj_lub_terytorium;27111100;27111100 - Gaz ziemny skroplony [TJ];;TJ;brak_rekordu_w_api;;;;;;6649746;8212945000062;282
2019;2019;;Gwinea Równikowa;GQ;kraj_lub_terytorium;27112100;27112100 - Gaz ziemny w stanie gazowym [TJ];;TJ;brak_rekordu_w_api;;;;;;6649746;8212898000062;282
2019;2019;;Haiti;HT;kraj_lub_terytorium;27111100;27111100 - Gaz ziemny skroplony [TJ];;TJ;brak_rekordu_w_api;;;;;;6649803;8212945000062;282
2019;2019;;Haiti;HT;kraj_lub_terytorium;27112100;27112100 - Gaz ziemny w stanie gazowym [TJ];;TJ;brak_rekordu_w_api;;;;;;6649803;8212898000062;282
2019;2019;;Hiszpania;ES;kraj_lub_terytorium;27111100;27111100 - Gaz ziemny skroplony [TJ];;TJ;brak_rekordu_w_api;;;;;;6649884;8212945000062;282
2019;2019;;Hiszpania;ES;kraj_lub_terytorium;27112100;27112100 - Gaz ziemny w stanie gazowym [TJ];;TJ;brak_rekordu_w_api;;;;;;6649884;8212898000062;282
2019;2019;;Holandia;NL;kraj_lub_terytorium;27111100;27111100 - Gaz ziemny skroplony [TJ];;TJ;brak_rekordu_w_api;;;;;;6649894;8212945000062;282
2019;2019;;Holandia;NL;kraj_lub_terytorium;27112100;27112100 - Gaz ziemny w stanie gazowym [TJ];;TJ;brak_rekordu_w_api;;;;;;6649894;8212898000062;282
2019;2019;;Honduras;HN;kraj_lub_terytorium;27111100;27111100 - Gaz ziemny skroplony [TJ];;TJ;brak_rekordu_w_api;;;;;;6649802;8212945000062;282
2019;2019;;Honduras;HN;kraj_lub_terytorium;27112100;27112100 - Gaz ziemny w stanie gazowym [TJ];;TJ;brak_rekordu_w_api;;;;;;6649802;8212898000062;282
2019;2019;;Hongkong;HK;kraj_lub_terytorium;27111100;27111100 - Gaz ziemny skroplony [TJ];;TJ;brak_rekordu_w_api;;;;;;7475865;8212945000062;282
2019;2019;;Hongkong;HK;kraj_lub_terytorium;27112100;27112100 - Gaz ziemny w stanie gazowym [TJ];;TJ;brak_rekordu_w_api;;;;;;7475865;8212898000062;282
2019;2019;;Indie;IN;kraj_lub_terytorium;27111100;27111100 - Gaz ziemny skroplony [TJ];;TJ;brak_rekordu_w_api;;;;;;6649855;8212945000062;282
2019;2019;;Indie;IN;kraj_lub_terytorium;27112100;27112100 - Gaz ziemny w stanie gazowym [TJ];;TJ;brak_rekordu_w_api;;;;;;6649855;8212898000062;282
2019;2019;;Indonezja;ID;kraj_lub_terytorium;27111100;27111100 - Gaz ziemny skroplony [TJ];;TJ;brak_rekordu_w_api;;;;;;6649854;8212945000062;282
2019;2019;;Indonezja;ID;kraj_lub_terytorium;27112100;27112100 - Gaz ziemny w stanie gazowym [TJ];;TJ;brak_rekordu_w_api;;;;;;6649854;8212898000062;282
2019;2019;;Irak;IQ;kraj_lub_terytorium;27111100;27111100 - Gaz ziemny skroplony [TJ];;TJ;brak_rekordu_w_api;;;;;;6649852;8212945000062;282
2019;2019;;Irak;IQ;kraj_lub_terytorium;27112100;27112100 - Gaz ziemny w stanie gazowym [TJ];;TJ;brak_rekordu_w_api;;;;;;6649852;8212898000062;282
2019;2019;;Iran;IR;kraj_lub_terytorium;27111100;27111100 - Gaz ziemny skroplony [TJ];;TJ;brak_rekordu_w_api;;;;;;6649853;8212945000062;282
2019;2019;;Iran;IR;kraj_lub_terytorium;27112100;27112100 - Gaz ziemny w stanie gazowym [TJ];;TJ;brak_rekordu_w_api;;;;;;6649853;8212898000062;282
2019;2019;;Irlandia;IE;kraj_lub_terytorium;27111100;27111100 - Gaz ziemny skroplony [TJ];;TJ;brak_rekordu_w_api;;;;;;6649904;8212945000062;282
2019;2019;;Irlandia;IE;kraj_lub_terytorium;27112100;27112100 - Gaz ziemny w stanie gazowym [TJ];;TJ;brak_rekordu_w_api;;;;;;6649904;8212898000062;282
2019;2019;;Islandia;IS;kraj_lub_terytorium;27111100;27111100 - Gaz ziemny skroplony [TJ];;TJ;brak_rekordu_w_api;;;;;;6649905;8212945000062;282
2019;2019;;Islandia;IS;kraj_lub_terytorium;27112100;27112100 - Gaz ziemny w stanie gazowym [TJ];;TJ;brak_rekordu_w_api;;;;;;6649905;8212898000062;282
2019;2019;;Izrael;IL;kraj_lub_terytorium;27111100;27111100 - Gaz ziemny skroplony [TJ];;TJ;brak_rekordu_w_api;;;;;;6649851;8212945000062;282
2019;2019;;Izrael;IL;kraj_lub_terytorium;27112100;27112100 - Gaz ziemny w stanie gazowym [TJ];;TJ;brak_rekordu_w_api;;;;;;6649851;8212898000062;282
2019;2019;;Jamajka;JM;kraj_lub_terytorium;27111100;27111100 - Gaz ziemny skroplony [TJ];;TJ;brak_rekordu_w_api;;;;;;6649801;8212945000062;282
2019;2019;;Jamajka;JM;kraj_lub_terytorium;27112100;27112100 - Gaz ziemny w stanie gazowym [TJ];;TJ;brak_rekordu_w_api;;;;;;6649801;8212898000062;282
2019;2019;;Japonia;JP;kraj_lub_terytorium;27111100;27111100 - Gaz ziemny skroplony [TJ];;TJ;brak_rekordu_w_api;;;;;;6649850;8212945000062;282
2019;2019;;Japonia;JP;kraj_lub_terytorium;27112100;27112100 - Gaz ziemny w stanie gazowym [TJ];;TJ;brak_rekordu_w_api;;;;;;6649850;8212898000062;282
2019;2019;;Jemen;YE;kraj_lub_terytorium;27111100;27111100 - Gaz ziemny skroplony [TJ];;TJ;brak_rekordu_w_api;;;;;;6649819;8212945000062;282
2019;2019;;Jemen;YE;kraj_lub_terytorium;27112100;27112100 - Gaz ziemny w stanie gazowym [TJ];;TJ;brak_rekordu_w_api;;;;;;6649819;8212898000062;282
2019;2019;;Jordania;JO;kraj_lub_terytorium;27111100;27111100 - Gaz ziemny skroplony [TJ];;TJ;brak_rekordu_w_api;;;;;;6649848;8212945000062;282
2019;2019;;Jordania;JO;kraj_lub_terytorium;27112100;27112100 - Gaz ziemny w stanie gazowym [TJ];;TJ;brak_rekordu_w_api;;;;;;6649848;8212898000062;282
2019;2019;;Kajmany;KY;kraj_lub_terytorium;27111100;27111100 - Gaz ziemny skroplony [TJ];;TJ;brak_rekordu_w_api;;;;;;6649812;8212945000062;282
2019;2019;;Kajmany;KY;kraj_lub_terytorium;27112100;27112100 - Gaz ziemny w stanie gazowym [TJ];;TJ;brak_rekordu_w_api;;;;;;6649812;8212898000062;282
2019;2019;;Kambodża;KH;kraj_lub_terytorium;27111100;27111100 - Gaz ziemny skroplony [TJ];;TJ;brak_rekordu_w_api;;;;;;6649864;8212945000062;282
2019;2019;;Kambodża;KH;kraj_lub_terytorium;27112100;27112100 - Gaz ziemny w stanie gazowym [TJ];;TJ;brak_rekordu_w_api;;;;;;6649864;8212898000062;282
2019;2019;;Kamerun;CM;kraj_lub_terytorium;27111100;27111100 - Gaz ziemny skroplony [TJ];;TJ;brak_rekordu_w_api;;;;;;6649756;8212945000062;282
2019;2019;;Kamerun;CM;kraj_lub_terytorium;27112100;27112100 - Gaz ziemny w stanie gazowym [TJ];;TJ;brak_rekordu_w_api;;;;;;6649756;8212898000062;282
2019;2019;;Kanada;CA;kraj_lub_terytorium;27111100;27111100 - Gaz ziemny skroplony [TJ];;TJ;brak_rekordu_w_api;;;;;;6649813;8212945000062;282
2019;2019;;Kanada;CA;kraj_lub_terytorium;27112100;27112100 - Gaz ziemny w stanie gazowym [TJ];;TJ;brak_rekordu_w_api;;;;;;6649813;8212898000062;282
2019;2019;;Katar;QA;kraj_lub_terytorium;27111100;27111100 - Gaz ziemny skroplony [TJ];;TJ;brak_rekordu_w_api;;;;;;6649831;8212945000062;282
2019;2019;;Katar;QA;kraj_lub_terytorium;27112100;27112100 - Gaz ziemny w stanie gazowym [TJ];;TJ;brak_rekordu_w_api;;;;;;6649831;8212898000062;282
2019;2019;;Kazachstan;KZ;kraj_lub_terytorium;27111100;27111100 - Gaz ziemny skroplony [TJ];;TJ;brak_rekordu_w_api;;;;;;6649849;8212945000062;282
2019;2019;;Kazachstan;KZ;kraj_lub_terytorium;27112100;27112100 - Gaz ziemny w stanie gazowym [TJ];;TJ;brak_rekordu_w_api;;;;;;6649849;8212898000062;282
2019;2019;;Kenia;KE;kraj_lub_terytorium;27111100;27111100 - Gaz ziemny skroplony [TJ];;TJ;brak_rekordu_w_api;;;;;;6649737;8212945000062;282
2019;2019;;Kenia;KE;kraj_lub_terytorium;27112100;27112100 - Gaz ziemny w stanie gazowym [TJ];;TJ;brak_rekordu_w_api;;;;;;6649737;8212898000062;282
2019;2019;;Kirgistan;KG;kraj_lub_terytorium;27111100;27111100 - Gaz ziemny skroplony [TJ];;TJ;brak_rekordu_w_api;;;;;;6649844;8212945000062;282
2019;2019;;Kirgistan;KG;kraj_lub_terytorium;27112100;27112100 - Gaz ziemny w stanie gazowym [TJ];;TJ;brak_rekordu_w_api;;;;;;6649844;8212898000062;282
2019;2019;;Kiribati;KI;kraj_lub_terytorium;27111100;27111100 - Gaz ziemny skroplony [TJ];;TJ;brak_rekordu_w_api;;;;;;6649694;8212945000062;282
2019;2019;;Kiribati;KI;kraj_lub_terytorium;27112100;27112100 - Gaz ziemny w stanie gazowym [TJ];;TJ;brak_rekordu_w_api;;;;;;6649694;8212898000062;282
2019;2019;;Kolumbia;CO;kraj_lub_terytorium;27111100;27111100 - Gaz ziemny skroplony [TJ];;TJ;brak_rekordu_w_api;;;;;;6649777;8212945000062;282
2019;2019;;Kolumbia;CO;kraj_lub_terytorium;27112100;27112100 - Gaz ziemny w stanie gazowym [TJ];;TJ;brak_rekordu_w_api;;;;;;6649777;8212898000062;282
2019;2019;;Komory;KM;kraj_lub_terytorium;27111100;27111100 - Gaz ziemny skroplony [TJ];;TJ;brak_rekordu_w_api;;;;;;6649752;8212945000062;282
2019;2019;;Komory;KM;kraj_lub_terytorium;27112100;27112100 - Gaz ziemny w stanie gazowym [TJ];;TJ;brak_rekordu_w_api;;;;;;6649752;8212898000062;282
2019;2019;;Kongo;CG;kraj_lub_terytorium;27111100;27111100 - Gaz ziemny skroplony [TJ];;TJ;brak_rekordu_w_api;;;;;;6649749;8212945000062;282
2019;2019;;Kongo;CG;kraj_lub_terytorium;27112100;27112100 - Gaz ziemny w stanie gazowym [TJ];;TJ;brak_rekordu_w_api;;;;;;6649749;8212898000062;282
2019;2019;;Korea Południowa;KR;kraj_lub_terytorium;27111100;27111100 - Gaz ziemny skroplony [TJ];;TJ;brak_rekordu_w_api;;;;;;6649846;8212945000062;282
2019;2019;;Korea Południowa;KR;kraj_lub_terytorium;27112100;27112100 - Gaz ziemny w stanie gazowym [TJ];;TJ;brak_rekordu_w_api;;;;;;6649846;8212898000062;282
2019;2019;;Korea Północna;KP;kraj_lub_terytorium;27111100;27111100 - Gaz ziemny skroplony [TJ];;TJ;brak_rekordu_w_api;;;;;;6649847;8212945000062;282
2019;2019;;Korea Północna;KP;kraj_lub_terytorium;27112100;27112100 - Gaz ziemny w stanie gazowym [TJ];;TJ;brak_rekordu_w_api;;;;;;6649847;8212898000062;282
2019;2019;;Kosowo;XK;kraj_lub_terytorium;27111100;27111100 - Gaz ziemny skroplony [TJ];;TJ;brak_rekordu_w_api;;;;;;6649893;8212945000062;282
2019;2019;;Kosowo;XK;kraj_lub_terytorium;27112100;27112100 - Gaz ziemny w stanie gazowym [TJ];;TJ;brak_rekordu_w_api;;;;;;6649893;8212898000062;282
2019;2019;;Kostaryka;CR;kraj_lub_terytorium;27111100;27111100 - Gaz ziemny skroplony [TJ];;TJ;brak_rekordu_w_api;;;;;;6649811;8212945000062;282
2019;2019;;Kostaryka;CR;kraj_lub_terytorium;27112100;27112100 - Gaz ziemny w stanie gazowym [TJ];;TJ;brak_rekordu_w_api;;;;;;6649811;8212898000062;282
2019;2019;;Kuba;CU;kraj_lub_terytorium;27111100;27111100 - Gaz ziemny skroplony [TJ];;TJ;brak_rekordu_w_api;;;;;;6649810;8212945000062;282
2019;2019;;Kuba;CU;kraj_lub_terytorium;27112100;27112100 - Gaz ziemny w stanie gazowym [TJ];;TJ;brak_rekordu_w_api;;;;;;6649810;8212898000062;282
2019;2019;;Kuwejt;KW;kraj_lub_terytorium;27111100;27111100 - Gaz ziemny skroplony [TJ];;TJ;brak_rekordu_w_api;;;;;;6649845;8212945000062;282
2019;2019;;Kuwejt;KW;kraj_lub_terytorium;27112100;27112100 - Gaz ziemny w stanie gazowym [TJ];;TJ;brak_rekordu_w_api;;;;;;6649845;8212898000062;282
2019;2019;;Laos;LA;kraj_lub_terytorium;27111100;27111100 - Gaz ziemny skroplony [TJ];;TJ;brak_rekordu_w_api;;;;;;6649843;8212945000062;282
2019;2019;;Laos;LA;kraj_lub_terytorium;27112100;27112100 - Gaz ziemny w stanie gazowym [TJ];;TJ;brak_rekordu_w_api;;;;;;6649843;8212898000062;282
2019;2019;;Lesotho;LS;kraj_lub_terytorium;27111100;27111100 - Gaz ziemny skroplony [TJ];;TJ;brak_rekordu_w_api;;;;;;6649736;8212945000062;282
2019;2019;;Lesotho;LS;kraj_lub_terytorium;27112100;27112100 - Gaz ziemny w stanie gazowym [TJ];;TJ;brak_rekordu_w_api;;;;;;6649736;8212898000062;282
2019;2019;;Liban;LB;kraj_lub_terytorium;27111100;27111100 - Gaz ziemny skroplony [TJ];;TJ;brak_rekordu_w_api;;;;;;6649841;8212945000062;282
2019;2019;;Liban;LB;kraj_lub_terytorium;27112100;27112100 - Gaz ziemny w stanie gazowym [TJ];;TJ;brak_rekordu_w_api;;;;;;6649841;8212898000062;282
2019;2019;;Liberia;LR;kraj_lub_terytorium;27111100;27111100 - Gaz ziemny skroplony [TJ];;TJ;brak_rekordu_w_api;;;;;;6649735;8212945000062;282
2019;2019;;Liberia;LR;kraj_lub_terytorium;27112100;27112100 - Gaz ziemny w stanie gazowym [TJ];;TJ;brak_rekordu_w_api;;;;;;6649735;8212898000062;282
2019;2019;;Libia;LY;kraj_lub_terytorium;27111100;27111100 - Gaz ziemny skroplony [TJ];;TJ;brak_rekordu_w_api;;;;;;6649734;8212945000062;282
2019;2019;;Libia;LY;kraj_lub_terytorium;27112100;27112100 - Gaz ziemny w stanie gazowym [TJ];;TJ;brak_rekordu_w_api;;;;;;6649734;8212898000062;282
2019;2019;;Liechtenstein;LI;kraj_lub_terytorium;27111100;27111100 - Gaz ziemny skroplony [TJ];;TJ;brak_rekordu_w_api;;;;;;6649901;8212945000062;282
2019;2019;;Liechtenstein;LI;kraj_lub_terytorium;27112100;27112100 - Gaz ziemny w stanie gazowym [TJ];;TJ;brak_rekordu_w_api;;;;;;6649901;8212898000062;282
2019;2019;;Litwa;LT;kraj_lub_terytorium;27111100;27111100 - Gaz ziemny skroplony [TJ];;TJ;brak_rekordu_w_api;;;;;;6649900;8212945000062;282
2019;2019;;Litwa;LT;kraj_lub_terytorium;27112100;27112100 - Gaz ziemny w stanie gazowym [TJ];;TJ;brak_rekordu_w_api;;;;;;6649900;8212898000062;282
2019;2019;;Luksemburg;LU;kraj_lub_terytorium;27111100;27111100 - Gaz ziemny skroplony [TJ];;TJ;brak_rekordu_w_api;;;;;;6649899;8212945000062;282
2019;2019;;Luksemburg;LU;kraj_lub_terytorium;27112100;27112100 - Gaz ziemny w stanie gazowym [TJ];;TJ;brak_rekordu_w_api;;;;;;6649899;8212898000062;282
2019;2019;;Macedonia Północna;MK;kraj_lub_terytorium;27111100;27111100 - Gaz ziemny skroplony [TJ];;TJ;brak_rekordu_w_api;;;;;;7437335;8212945000062;282
2019;2019;;Macedonia Północna;MK;kraj_lub_terytorium;27112100;27112100 - Gaz ziemny w stanie gazowym [TJ];;TJ;brak_rekordu_w_api;;;;;;7437335;8212898000062;282
2019;2019;;Madagaskar;MG;kraj_lub_terytorium;27111100;27111100 - Gaz ziemny skroplony [TJ];;TJ;brak_rekordu_w_api;;;;;;6649733;8212945000062;282
2019;2019;;Madagaskar;MG;kraj_lub_terytorium;27112100;27112100 - Gaz ziemny w stanie gazowym [TJ];;TJ;brak_rekordu_w_api;;;;;;6649733;8212898000062;282
2019;2019;;Majotta;YT;kraj_lub_terytorium;27111100;27111100 - Gaz ziemny skroplony [TJ];;TJ;brak_rekordu_w_api;;;;;;6649751;8212945000062;282
2019;2019;;Majotta;YT;kraj_lub_terytorium;27112100;27112100 - Gaz ziemny w stanie gazowym [TJ];;TJ;brak_rekordu_w_api;;;;;;6649751;8212898000062;282
2019;2019;;Makau;MO;kraj_lub_terytorium;27111100;27111100 - Gaz ziemny skroplony [TJ];;TJ;brak_rekordu_w_api;;;;;;7548214;8212945000062;282
2019;2019;;Makau;MO;kraj_lub_terytorium;27112100;27112100 - Gaz ziemny w stanie gazowym [TJ];;TJ;brak_rekordu_w_api;;;;;;7548214;8212898000062;282
2019;2019;;Malawi;MW;kraj_lub_terytorium;27111100;27111100 - Gaz ziemny skroplony [TJ];;TJ;brak_rekordu_w_api;;;;;;6649732;8212945000062;282
2019;2019;;Malawi;MW;kraj_lub_terytorium;27112100;27112100 - Gaz ziemny w stanie gazowym [TJ];;TJ;brak_rekordu_w_api;;;;;;6649732;8212898000062;282
2019;2019;;Malediwy;MV;kraj_lub_terytorium;27111100;27111100 - Gaz ziemny skroplony [TJ];;TJ;brak_rekordu_w_api;;;;;;6649838;8212945000062;282
2019;2019;;Malediwy;MV;kraj_lub_terytorium;27112100;27112100 - Gaz ziemny w stanie gazowym [TJ];;TJ;brak_rekordu_w_api;;;;;;6649838;8212898000062;282
2019;2019;;Malezja;MY;kraj_lub_terytorium;27111100;27111100 - Gaz ziemny skroplony [TJ];;TJ;brak_rekordu_w_api;;;;;;6649839;8212945000062;282
2019;2019;;Malezja;MY;kraj_lub_terytorium;27112100;27112100 - Gaz ziemny w stanie gazowym [TJ];;TJ;brak_rekordu_w_api;;;;;;6649839;8212898000062;282
2019;2019;;Mali;ML;kraj_lub_terytorium;27111100;27111100 - Gaz ziemny skroplony [TJ];;TJ;brak_rekordu_w_api;;;;;;6649731;8212945000062;282
2019;2019;;Mali;ML;kraj_lub_terytorium;27112100;27112100 - Gaz ziemny w stanie gazowym [TJ];;TJ;brak_rekordu_w_api;;;;;;6649731;8212898000062;282
2019;2019;;Malta;MT;kraj_lub_terytorium;27111100;27111100 - Gaz ziemny skroplony [TJ];;TJ;brak_rekordu_w_api;;;;;;6649898;8212945000062;282
2019;2019;;Malta;MT;kraj_lub_terytorium;27112100;27112100 - Gaz ziemny w stanie gazowym [TJ];;TJ;brak_rekordu_w_api;;;;;;6649898;8212898000062;282
2019;2019;;Mariany Północne;MP;kraj_lub_terytorium;27111100;27111100 - Gaz ziemny skroplony [TJ];;TJ;brak_rekordu_w_api;;;;;;6649684;8212945000062;282
2019;2019;;Mariany Północne;MP;kraj_lub_terytorium;27112100;27112100 - Gaz ziemny w stanie gazowym [TJ];;TJ;brak_rekordu_w_api;;;;;;6649684;8212898000062;282
2019;2019;;Maroko;MA;kraj_lub_terytorium;27111100;27111100 - Gaz ziemny skroplony [TJ];;TJ;brak_rekordu_w_api;;;;;;6649728;8212945000062;282
2019;2019;;Maroko;MA;kraj_lub_terytorium;27112100;27112100 - Gaz ziemny w stanie gazowym [TJ];;TJ;brak_rekordu_w_api;;;;;;6649728;8212898000062;282
2019;2019;;Mauretania;MR;kraj_lub_terytorium;27111100;27111100 - Gaz ziemny skroplony [TJ];;TJ;brak_rekordu_w_api;;;;;;6649730;8212945000062;282
2019;2019;;Mauretania;MR;kraj_lub_terytorium;27112100;27112100 - Gaz ziemny w stanie gazowym [TJ];;TJ;brak_rekordu_w_api;;;;;;6649730;8212898000062;282
2019;2019;;Mauritius;MU;kraj_lub_terytorium;27111100;27111100 - Gaz ziemny skroplony [TJ];;TJ;brak_rekordu_w_api;;;;;;6649729;8212945000062;282
2019;2019;;Mauritius;MU;kraj_lub_terytorium;27112100;27112100 - Gaz ziemny w stanie gazowym [TJ];;TJ;brak_rekordu_w_api;;;;;;6649729;8212898000062;282
2019;2019;;Małe Oddalone Wyspy Stanów Zjednoczonych;UM;kraj_lub_terytorium;27111100;27111100 - Gaz ziemny skroplony [TJ];;TJ;brak_rekordu_w_api;;;;;;7548583;8212945000062;282
2019;2019;;Małe Oddalone Wyspy Stanów Zjednoczonych;UM;kraj_lub_terytorium;27112100;27112100 - Gaz ziemny w stanie gazowym [TJ];;TJ;brak_rekordu_w_api;;;;;;7548583;8212898000062;282
2019;2019;;Meksyk;MX;kraj_lub_terytorium;27111100;27111100 - Gaz ziemny skroplony [TJ];;TJ;brak_rekordu_w_api;;;;;;6649799;8212945000062;282
2019;2019;;Meksyk;MX;kraj_lub_terytorium;27112100;27112100 - Gaz ziemny w stanie gazowym [TJ];;TJ;brak_rekordu_w_api;;;;;;6649799;8212898000062;282
2019;2019;;Melilla;XL;kraj_lub_terytorium;27111100;27111100 - Gaz ziemny skroplony [TJ];;TJ;brak_rekordu_w_api;;;;;;6649761;8212945000062;282
2019;2019;;Melilla;XL;kraj_lub_terytorium;27112100;27112100 - Gaz ziemny w stanie gazowym [TJ];;TJ;brak_rekordu_w_api;;;;;;6649761;8212898000062;282
2019;2019;;Mikronezja;FM;kraj_lub_terytorium;27111100;27111100 - Gaz ziemny skroplony [TJ];;TJ;brak_rekordu_w_api;;;;;;6649682;8212945000062;282
2019;2019;;Mikronezja;FM;kraj_lub_terytorium;27112100;27112100 - Gaz ziemny w stanie gazowym [TJ];;TJ;brak_rekordu_w_api;;;;;;6649682;8212898000062;282
2019;2019;;Mjanma (Birma);MM;kraj_lub_terytorium;27111100;27111100 - Gaz ziemny skroplony [TJ];;TJ;brak_rekordu_w_api;;;;;;6649865;8212945000062;282
2019;2019;;Mjanma (Birma);MM;kraj_lub_terytorium;27112100;27112100 - Gaz ziemny w stanie gazowym [TJ];;TJ;brak_rekordu_w_api;;;;;;6649865;8212898000062;282
2019;2019;;Mongolia;MN;kraj_lub_terytorium;27111100;27111100 - Gaz ziemny skroplony [TJ];;TJ;brak_rekordu_w_api;;;;;;6649837;8212945000062;282
2019;2019;;Mongolia;MN;kraj_lub_terytorium;27112100;27112100 - Gaz ziemny w stanie gazowym [TJ];;TJ;brak_rekordu_w_api;;;;;;6649837;8212898000062;282
2019;2019;;Montserrat;MS;kraj_lub_terytorium;27111100;27111100 - Gaz ziemny skroplony [TJ];;TJ;brak_rekordu_w_api;;;;;;6649798;8212945000062;282
2019;2019;;Montserrat;MS;kraj_lub_terytorium;27112100;27112100 - Gaz ziemny w stanie gazowym [TJ];;TJ;brak_rekordu_w_api;;;;;;6649798;8212898000062;282
2019;2019;;Mozambik;MZ;kraj_lub_terytorium;27111100;27111100 - Gaz ziemny skroplony [TJ];;TJ;brak_rekordu_w_api;;;;;;6649727;8212945000062;282
2019;2019;;Mozambik;MZ;kraj_lub_terytorium;27112100;27112100 - Gaz ziemny w stanie gazowym [TJ];;TJ;brak_rekordu_w_api;;;;;;6649727;8212898000062;282
2019;2019;;Mołdawia;MD;kraj_lub_terytorium;27111100;27111100 - Gaz ziemny skroplony [TJ];;TJ;brak_rekordu_w_api;;;;;;6649896;8212945000062;282
2019;2019;;Mołdawia;MD;kraj_lub_terytorium;27112100;27112100 - Gaz ziemny w stanie gazowym [TJ];;TJ;brak_rekordu_w_api;;;;;;6649896;8212898000062;282
2019;2019;;Namibia;NA;kraj_lub_terytorium;27111100;27111100 - Gaz ziemny skroplony [TJ];;TJ;brak_rekordu_w_api;;;;;;6649726;8212945000062;282
2019;2019;;Namibia;NA;kraj_lub_terytorium;27112100;27112100 - Gaz ziemny w stanie gazowym [TJ];;TJ;brak_rekordu_w_api;;;;;;6649726;8212898000062;282
2019;2019;;Nauru;NR;kraj_lub_terytorium;27111100;27111100 - Gaz ziemny skroplony [TJ];;TJ;brak_rekordu_w_api;;;;;;6649690;8212945000062;282
2019;2019;;Nauru;NR;kraj_lub_terytorium;27112100;27112100 - Gaz ziemny w stanie gazowym [TJ];;TJ;brak_rekordu_w_api;;;;;;6649690;8212898000062;282
2019;2019;;Nepal;NP;kraj_lub_terytorium;27111100;27111100 - Gaz ziemny skroplony [TJ];;TJ;brak_rekordu_w_api;;;;;;6649835;8212945000062;282
2019;2019;;Nepal;NP;kraj_lub_terytorium;27112100;27112100 - Gaz ziemny w stanie gazowym [TJ];;TJ;brak_rekordu_w_api;;;;;;6649835;8212898000062;282
2019;2019;;Niemcy;DE;kraj_lub_terytorium;27111100;27111100 - Gaz ziemny skroplony [TJ];;TJ;brak_rekordu_w_api;;;;;;6649910;8212945000062;282
2019;2019;;Niemcy;DE;kraj_lub_terytorium;27112100;27112100 - Gaz ziemny w stanie gazowym [TJ];;TJ;brak_rekordu_w_api;;;;;;6649910;8212898000062;282
2019;2019;;Niew.kr.i teryt, p. handl.i mil;QX;kategoria_specjalna;27111100;27111100 - Gaz ziemny skroplony [TJ];;TJ;brak_rekordu_w_api;;;;;;7276956;8212945000062;282
2019;2019;;Niew.kr.i teryt, p. handl.i mil;QX;kategoria_specjalna;27112100;27112100 - Gaz ziemny w stanie gazowym [TJ];;TJ;brak_rekordu_w_api;;;;;;7276956;8212898000062;282
2019;2019;;Niewyszczególnione kr. i teryt.;QU;kategoria_specjalna;27111100;27111100 - Gaz ziemny skroplony [TJ];;TJ;brak_rekordu_w_api;;;;;;7276957;8212945000062;282
2019;2019;;Niewyszczególnione kr. i teryt.;QU;kategoria_specjalna;27112100;27112100 - Gaz ziemny w stanie gazowym [TJ];;TJ;brak_rekordu_w_api;;;;;;7276957;8212898000062;282
2019;2019;;Nieznany kraj;_no;kategoria_specjalna;27111100;27111100 - Gaz ziemny skroplony [TJ];;TJ;brak_rekordu_w_api;;;;;;7639645;8212945000062;282
2019;2019;;Nieznany kraj;_no;kategoria_specjalna;27112100;27112100 - Gaz ziemny w stanie gazowym [TJ];;TJ;brak_rekordu_w_api;;;;;;7639645;8212898000062;282
2019;2019;;Niger;NE;kraj_lub_terytorium;27111100;27111100 - Gaz ziemny skroplony [TJ];;TJ;brak_rekordu_w_api;;;;;;6649725;8212945000062;282
2019;2019;;Niger;NE;kraj_lub_terytorium;27112100;27112100 - Gaz ziemny w stanie gazowym [TJ];;TJ;brak_rekordu_w_api;;;;;;6649725;8212898000062;282
2019;2019;;Nigeria;NG;kraj_lub_terytorium;27111100;27111100 - Gaz ziemny skroplony [TJ];;TJ;brak_rekordu_w_api;;;;;;6649724;8212945000062;282
2019;2019;;Nigeria;NG;kraj_lub_terytorium;27112100;27112100 - Gaz ziemny w stanie gazowym [TJ];;TJ;brak_rekordu_w_api;;;;;;6649724;8212898000062;282
2019;2019;;Nikaragua;NI;kraj_lub_terytorium;27111100;27111100 - Gaz ziemny skroplony [TJ];;TJ;brak_rekordu_w_api;;;;;;6649795;8212945000062;282
2019;2019;;Nikaragua;NI;kraj_lub_terytorium;27112100;27112100 - Gaz ziemny w stanie gazowym [TJ];;TJ;brak_rekordu_w_api;;;;;;6649795;8212898000062;282
2019;2019;;Niue;NU;kraj_lub_terytorium;27111100;27111100 - Gaz ziemny skroplony [TJ];;TJ;brak_rekordu_w_api;;;;;;6649686;8212945000062;282
2019;2019;;Niue;NU;kraj_lub_terytorium;27112100;27112100 - Gaz ziemny w stanie gazowym [TJ];;TJ;brak_rekordu_w_api;;;;;;6649686;8212898000062;282
2019;2019;;Norfolk;NF;kraj_lub_terytorium;27111100;27111100 - Gaz ziemny skroplony [TJ];;TJ;brak_rekordu_w_api;;;;;;6649685;8212945000062;282
2019;2019;;Norfolk;NF;kraj_lub_terytorium;27112100;27112100 - Gaz ziemny w stanie gazowym [TJ];;TJ;brak_rekordu_w_api;;;;;;6649685;8212898000062;282
2019;2019;;Norwegia;NO;kraj_lub_terytorium;27111100;27111100 - Gaz ziemny skroplony [TJ];;TJ;brak_rekordu_w_api;;;;;;6649892;8212945000062;282
2019;2019;;Norwegia;NO;kraj_lub_terytorium;27112100;27112100 - Gaz ziemny w stanie gazowym [TJ];;TJ;brak_rekordu_w_api;;;;;;6649892;8212898000062;282
2019;2019;;Nowa Kaledonia;NC;kraj_lub_terytorium;27111100;27111100 - Gaz ziemny skroplony [TJ];;TJ;brak_rekordu_w_api;;;;;;6649689;8212945000062;282
2019;2019;;Nowa Kaledonia;NC;kraj_lub_terytorium;27112100;27112100 - Gaz ziemny w stanie gazowym [TJ];;TJ;brak_rekordu_w_api;;;;;;6649689;8212898000062;282
2019;2019;;Nowa Zelandia;NZ;kraj_lub_terytorium;27111100;27111100 - Gaz ziemny skroplony [TJ];;TJ;brak_rekordu_w_api;;;;;;6649687;8212945000062;282
2019;2019;;Nowa Zelandia;NZ;kraj_lub_terytorium;27112100;27112100 - Gaz ziemny w stanie gazowym [TJ];;TJ;brak_rekordu_w_api;;;;;;6649687;8212898000062;282
2019;2019;;Oman;OM;kraj_lub_terytorium;27111100;27111100 - Gaz ziemny skroplony [TJ];;TJ;brak_rekordu_w_api;;;;;;6649836;8212945000062;282
2019;2019;;Oman;OM;kraj_lub_terytorium;27112100;27112100 - Gaz ziemny w stanie gazowym [TJ];;TJ;brak_rekordu_w_api;;;;;;6649836;8212898000062;282
2019;2019;;Pakistan;PK;kraj_lub_terytorium;27111100;27111100 - Gaz ziemny skroplony [TJ];;TJ;brak_rekordu_w_api;;;;;;6649834;8212945000062;282
2019;2019;;Pakistan;PK;kraj_lub_terytorium;27112100;27112100 - Gaz ziemny w stanie gazowym [TJ];;TJ;brak_rekordu_w_api;;;;;;6649834;8212898000062;282
2019;2019;;Palau;PW;kraj_lub_terytorium;27111100;27111100 - Gaz ziemny skroplony [TJ];;TJ;brak_rekordu_w_api;;;;;;6649680;8212945000062;282
2019;2019;;Palau;PW;kraj_lub_terytorium;27112100;27112100 - Gaz ziemny w stanie gazowym [TJ];;TJ;brak_rekordu_w_api;;;;;;6649680;8212898000062;282
2019;2019;;Palestyna;PS;kraj_lub_terytorium;27111100;27111100 - Gaz ziemny skroplony [TJ];;TJ;brak_rekordu_w_api;;;;;;6649857;8212945000062;282
2019;2019;;Palestyna;PS;kraj_lub_terytorium;27112100;27112100 - Gaz ziemny w stanie gazowym [TJ];;TJ;brak_rekordu_w_api;;;;;;6649857;8212898000062;282
2019;2019;;Panama;PA;kraj_lub_terytorium;27111100;27111100 - Gaz ziemny skroplony [TJ];;TJ;brak_rekordu_w_api;;;;;;6649794;8212945000062;282
2019;2019;;Panama;PA;kraj_lub_terytorium;27112100;27112100 - Gaz ziemny w stanie gazowym [TJ];;TJ;brak_rekordu_w_api;;;;;;6649794;8212898000062;282
2019;2019;;Papua-Nowa Gwinea;PG;kraj_lub_terytorium;27111100;27111100 - Gaz ziemny skroplony [TJ];;TJ;brak_rekordu_w_api;;;;;;6649679;8212945000062;282
2019;2019;;Papua-Nowa Gwinea;PG;kraj_lub_terytorium;27112100;27112100 - Gaz ziemny w stanie gazowym [TJ];;TJ;brak_rekordu_w_api;;;;;;6649679;8212898000062;282
2019;2019;;Paragwaj;PY;kraj_lub_terytorium;27111100;27111100 - Gaz ziemny skroplony [TJ];;TJ;brak_rekordu_w_api;;;;;;6649768;8212945000062;282
2019;2019;;Paragwaj;PY;kraj_lub_terytorium;27112100;27112100 - Gaz ziemny w stanie gazowym [TJ];;TJ;brak_rekordu_w_api;;;;;;6649768;8212898000062;282
2019;2019;;Peru;PE;kraj_lub_terytorium;27111100;27111100 - Gaz ziemny skroplony [TJ];;TJ;brak_rekordu_w_api;;;;;;6649767;8212945000062;282
2019;2019;;Peru;PE;kraj_lub_terytorium;27112100;27112100 - Gaz ziemny w stanie gazowym [TJ];;TJ;brak_rekordu_w_api;;;;;;6649767;8212898000062;282
2019;2019;;Pełne morze;QP;kategoria_specjalna;27111100;27111100 - Gaz ziemny skroplony [TJ];;TJ;brak_rekordu_w_api;;;;;;7277327;8212945000062;282
2019;2019;;Pełne morze;QP;kategoria_specjalna;27112100;27112100 - Gaz ziemny w stanie gazowym [TJ];;TJ;brak_rekordu_w_api;;;;;;7277327;8212898000062;282
2019;2019;;Pitcairn;PN;kraj_lub_terytorium;27111100;27111100 - Gaz ziemny skroplony [TJ];;TJ;brak_rekordu_w_api;;;;;;6649678;8212945000062;282
2019;2019;;Pitcairn;PN;kraj_lub_terytorium;27112100;27112100 - Gaz ziemny w stanie gazowym [TJ];;TJ;brak_rekordu_w_api;;;;;;6649678;8212898000062;282
2019;2019;;Polinezja Francuska;PF;kraj_lub_terytorium;27111100;27111100 - Gaz ziemny skroplony [TJ];;TJ;brak_rekordu_w_api;;;;;;6649695;8212945000062;282
2019;2019;;Polinezja Francuska;PF;kraj_lub_terytorium;27112100;27112100 - Gaz ziemny w stanie gazowym [TJ];;TJ;brak_rekordu_w_api;;;;;;6649695;8212898000062;282
2019;2019;;Polska;PL;kraj_lub_terytorium;27111100;27111100 - Gaz ziemny skroplony [TJ];;TJ;brak_rekordu_w_api;;;;;;6649891;8212945000062;282
2019;2019;;Polska;PL;kraj_lub_terytorium;27112100;27112100 - Gaz ziemny w stanie gazowym [TJ];;TJ;brak_rekordu_w_api;;;;;;6649891;8212898000062;282
2019;2019;;Portugalia;PT;kraj_lub_terytorium;27111100;27111100 - Gaz ziemny skroplony [TJ];;TJ;brak_rekordu_w_api;;;;;;6649890;8212945000062;282
2019;2019;;Portugalia;PT;kraj_lub_terytorium;27112100;27112100 - Gaz ziemny w stanie gazowym [TJ];;TJ;brak_rekordu_w_api;;;;;;6649890;8212898000062;282
2019;2019;;Południowa Afryka;ZA;kraj_lub_terytorium;27111100;27111100 - Gaz ziemny skroplony [TJ];;TJ;brak_rekordu_w_api;;;;;;7548785;8212945000062;282
2019;2019;;Południowa Afryka;ZA;kraj_lub_terytorium;27112100;27112100 - Gaz ziemny w stanie gazowym [TJ];;TJ;brak_rekordu_w_api;;;;;;7548785;8212898000062;282
2019;2019;;QQ w ramach handlu z UE;QR;kategoria_specjalna;27111100;27111100 - Gaz ziemny skroplony [TJ];;TJ;brak_rekordu_w_api;;;;;;7277330;8212945000062;282
2019;2019;;QQ w ramach handlu z UE;QR;kategoria_specjalna;27112100;27112100 - Gaz ziemny w stanie gazowym [TJ];;TJ;brak_rekordu_w_api;;;;;;7277330;8212898000062;282
2019;2019;;QQ w ramach handlu z kr.trzecimi;QS;kategoria_specjalna;27111100;27111100 - Gaz ziemny skroplony [TJ];;TJ;brak_rekordu_w_api;;;;;;7277331;8212945000062;282
2019;2019;;QQ w ramach handlu z kr.trzecimi;QS;kategoria_specjalna;27112100;27112100 - Gaz ziemny w stanie gazowym [TJ];;TJ;brak_rekordu_w_api;;;;;;7277331;8212898000062;282
2019;2019;;QU w ramach handlu z UE;QV;kategoria_specjalna;27111100;27111100 - Gaz ziemny skroplony [TJ];;TJ;brak_rekordu_w_api;;;;;;7277396;8212945000062;282
2019;2019;;QU w ramach handlu z UE;QV;kategoria_specjalna;27112100;27112100 - Gaz ziemny w stanie gazowym [TJ];;TJ;brak_rekordu_w_api;;;;;;7277396;8212898000062;282
2019;2019;;QU w ramach handlu z kr.trzecimi;QW;kategoria_specjalna;27111100;27111100 - Gaz ziemny skroplony [TJ];;TJ;brak_rekordu_w_api;;;;;;7277333;8212945000062;282
2019;2019;;QU w ramach handlu z kr.trzecimi;QW;kategoria_specjalna;27112100;27112100 - Gaz ziemny w stanie gazowym [TJ];;TJ;brak_rekordu_w_api;;;;;;7277333;8212898000062;282
2019;2019;;QX w ramach handlu z UE;QY;kategoria_specjalna;27111100;27111100 - Gaz ziemny skroplony [TJ];;TJ;brak_rekordu_w_api;;;;;;7277399;8212945000062;282
2019;2019;;QX w ramach handlu z UE;QY;kategoria_specjalna;27112100;27112100 - Gaz ziemny w stanie gazowym [TJ];;TJ;brak_rekordu_w_api;;;;;;7277399;8212898000062;282
2019;2019;;QX w ramach handlu z kr.trzecimi;QZ;kategoria_specjalna;27111100;27111100 - Gaz ziemny skroplony [TJ];;TJ;brak_rekordu_w_api;;;;;;7277397;8212945000062;282
2019;2019;;QX w ramach handlu z kr.trzecimi;QZ;kategoria_specjalna;27112100;27112100 - Gaz ziemny w stanie gazowym [TJ];;TJ;brak_rekordu_w_api;;;;;;7277397;8212898000062;282
2019;2019;;Republika Zielonego Przylądka;CV;kraj_lub_terytorium;27111100;27111100 - Gaz ziemny skroplony [TJ];;TJ;brak_rekordu_w_api;;;;;;7473154;8212945000062;282
2019;2019;;Republika Zielonego Przylądka;CV;kraj_lub_terytorium;27112100;27112100 - Gaz ziemny w stanie gazowym [TJ];;TJ;brak_rekordu_w_api;;;;;;7473154;8212898000062;282
2019;2019;;Republika Środkowoafrykańska;CF;kraj_lub_terytorium;27111100;27111100 - Gaz ziemny skroplony [TJ];;TJ;brak_rekordu_w_api;;;;;;6649754;8212945000062;282
2019;2019;;Republika Środkowoafrykańska;CF;kraj_lub_terytorium;27112100;27112100 - Gaz ziemny w stanie gazowym [TJ];;TJ;brak_rekordu_w_api;;;;;;6649754;8212898000062;282
2019;2019;;Rosja;RU;kraj_lub_terytorium;27111100;27111100 - Gaz ziemny skroplony [TJ];;TJ;brak_rekordu_w_api;;;;;;6649888;8212945000062;282
2019;2019;;Rosja;RU;kraj_lub_terytorium;27112100;27112100 - Gaz ziemny w stanie gazowym [TJ];;TJ;brak_rekordu_w_api;;;;;;6649888;8212898000062;282
2019;2019;;Rumunia;RO;kraj_lub_terytorium;27111100;27111100 - Gaz ziemny skroplony [TJ];;TJ;brak_rekordu_w_api;;;;;;6649889;8212945000062;282
2019;2019;;Rumunia;RO;kraj_lub_terytorium;27112100;27112100 - Gaz ziemny w stanie gazowym [TJ];;TJ;brak_rekordu_w_api;;;;;;6649889;8212898000062;282
2019;2019;;Rwanda;RW;kraj_lub_terytorium;27111100;27111100 - Gaz ziemny skroplony [TJ];;TJ;brak_rekordu_w_api;;;;;;6649721;8212945000062;282
2019;2019;;Rwanda;RW;kraj_lub_terytorium;27112100;27112100 - Gaz ziemny w stanie gazowym [TJ];;TJ;brak_rekordu_w_api;;;;;;6649721;8212898000062;282
2019;2019;;Sahara Zachodnia;EH;kraj_lub_terytorium;27111100;27111100 - Gaz ziemny skroplony [TJ];;TJ;brak_rekordu_w_api;;;;;;6649711;8212945000062;282
2019;2019;;Sahara Zachodnia;EH;kraj_lub_terytorium;27112100;27112100 - Gaz ziemny w stanie gazowym [TJ];;TJ;brak_rekordu_w_api;;;;;;6649711;8212898000062;282
2019;2019;;Saint  Pierre i Miquelon;PM;kraj_lub_terytorium;27111100;27111100 - Gaz ziemny skroplony [TJ];;TJ;brak_rekordu_w_api;;;;;;6649787;8212945000062;282
2019;2019;;Saint  Pierre i Miquelon;PM;kraj_lub_terytorium;27112100;27112100 - Gaz ziemny w stanie gazowym [TJ];;TJ;brak_rekordu_w_api;;;;;;6649787;8212898000062;282
2019;2019;;Saint Kitts i Nevis;KN;kraj_lub_terytorium;27111100;27111100 - Gaz ziemny skroplony [TJ];;TJ;brak_rekordu_w_api;;;;;;6649791;8212945000062;282
2019;2019;;Saint Kitts i Nevis;KN;kraj_lub_terytorium;27112100;27112100 - Gaz ziemny w stanie gazowym [TJ];;TJ;brak_rekordu_w_api;;;;;;6649791;8212898000062;282
2019;2019;;Saint Lucia;LC;kraj_lub_terytorium;27111100;27111100 - Gaz ziemny skroplony [TJ];;TJ;brak_rekordu_w_api;;;;;;6649789;8212945000062;282
2019;2019;;Saint Lucia;LC;kraj_lub_terytorium;27112100;27112100 - Gaz ziemny w stanie gazowym [TJ];;TJ;brak_rekordu_w_api;;;;;;6649789;8212898000062;282
2019;2019;;Saint Vincent i Grenadyny;VC;kraj_lub_terytorium;27111100;27111100 - Gaz ziemny skroplony [TJ];;TJ;brak_rekordu_w_api;;;;;;6649786;8212945000062;282
2019;2019;;Saint Vincent i Grenadyny;VC;kraj_lub_terytorium;27112100;27112100 - Gaz ziemny w stanie gazowym [TJ];;TJ;brak_rekordu_w_api;;;;;;6649786;8212898000062;282
2019;2019;;Saint-Barthélemy;BL;kraj_lub_terytorium;27111100;27111100 - Gaz ziemny skroplony [TJ];;TJ;brak_rekordu_w_api;;;;;;7463787;8212945000062;282
2019;2019;;Saint-Barthélemy;BL;kraj_lub_terytorium;27112100;27112100 - Gaz ziemny w stanie gazowym [TJ];;TJ;brak_rekordu_w_api;;;;;;7463787;8212898000062;282
2019;2019;;Salwador;SV;kraj_lub_terytorium;27111100;27111100 - Gaz ziemny skroplony [TJ];;TJ;brak_rekordu_w_api;;;;;;6649808;8212945000062;282
2019;2019;;Salwador;SV;kraj_lub_terytorium;27112100;27112100 - Gaz ziemny w stanie gazowym [TJ];;TJ;brak_rekordu_w_api;;;;;;6649808;8212898000062;282
2019;2019;;Samoa;WS;kraj_lub_terytorium;27111100;27111100 - Gaz ziemny skroplony [TJ];;TJ;brak_rekordu_w_api;;;;;;6649672;8212945000062;282
2019;2019;;Samoa;WS;kraj_lub_terytorium;27112100;27112100 - Gaz ziemny w stanie gazowym [TJ];;TJ;brak_rekordu_w_api;;;;;;6649672;8212898000062;282
2019;2019;;Samoa Amerykańskie;AS;kraj_lub_terytorium;27111100;27111100 - Gaz ziemny skroplony [TJ];;TJ;brak_rekordu_w_api;;;;;;6649700;8212945000062;282
2019;2019;;Samoa Amerykańskie;AS;kraj_lub_terytorium;27112100;27112100 - Gaz ziemny w stanie gazowym [TJ];;TJ;brak_rekordu_w_api;;;;;;6649700;8212898000062;282
2019;2019;;San Marino;SM;kraj_lub_terytorium;27111100;27111100 - Gaz ziemny skroplony [TJ];;TJ;brak_rekordu_w_api;;;;;;6649887;8212945000062;282
2019;2019;;San Marino;SM;kraj_lub_terytorium;27112100;27112100 - Gaz ziemny w stanie gazowym [TJ];;TJ;brak_rekordu_w_api;;;;;;6649887;8212898000062;282
2019;2019;;Senegal;SN;kraj_lub_terytorium;27111100;27111100 - Gaz ziemny skroplony [TJ];;TJ;brak_rekordu_w_api;;;;;;6649717;8212945000062;282
2019;2019;;Senegal;SN;kraj_lub_terytorium;27112100;27112100 - Gaz ziemny w stanie gazowym [TJ];;TJ;brak_rekordu_w_api;;;;;;6649717;8212898000062;282
2019;2019;;Serbia;XS;kraj_lub_terytorium;27111100;27111100 - Gaz ziemny skroplony [TJ];;TJ;brak_rekordu_w_api;;;;;;6649951;8212945000062;282
2019;2019;;Serbia;XS;kraj_lub_terytorium;27112100;27112100 - Gaz ziemny w stanie gazowym [TJ];;TJ;brak_rekordu_w_api;;;;;;6649951;8212898000062;282
2019;2019;;Seszele;SC;kraj_lub_terytorium;27111100;27111100 - Gaz ziemny skroplony [TJ];;TJ;brak_rekordu_w_api;;;;;;6649716;8212945000062;282
2019;2019;;Seszele;SC;kraj_lub_terytorium;27112100;27112100 - Gaz ziemny w stanie gazowym [TJ];;TJ;brak_rekordu_w_api;;;;;;6649716;8212898000062;282
2019;2019;;Sierra Leone;SL;kraj_lub_terytorium;27111100;27111100 - Gaz ziemny skroplony [TJ];;TJ;brak_rekordu_w_api;;;;;;6649715;8212945000062;282
2019;2019;;Sierra Leone;SL;kraj_lub_terytorium;27112100;27112100 - Gaz ziemny w stanie gazowym [TJ];;TJ;brak_rekordu_w_api;;;;;;6649715;8212898000062;282
2019;2019;;Singapur;SG;kraj_lub_terytorium;27111100;27111100 - Gaz ziemny skroplony [TJ];;TJ;brak_rekordu_w_api;;;;;;6649829;8212945000062;282
2019;2019;;Singapur;SG;kraj_lub_terytorium;27112100;27112100 - Gaz ziemny w stanie gazowym [TJ];;TJ;brak_rekordu_w_api;;;;;;6649829;8212898000062;282
2019;2019;;Sint Maarten (część niderlandzka);SX;kraj_lub_terytorium;27111100;27111100 - Gaz ziemny skroplony [TJ];;TJ;brak_rekordu_w_api;;;;;;7548327;8212945000062;282
2019;2019;;Sint Maarten (część niderlandzka);SX;kraj_lub_terytorium;27112100;27112100 - Gaz ziemny w stanie gazowym [TJ];;TJ;brak_rekordu_w_api;;;;;;7548327;8212898000062;282
2019;2019;;Somalia;SO;kraj_lub_terytorium;27111100;27111100 - Gaz ziemny skroplony [TJ];;TJ;brak_rekordu_w_api;;;;;;6649714;8212945000062;282
2019;2019;;Somalia;SO;kraj_lub_terytorium;27112100;27112100 - Gaz ziemny w stanie gazowym [TJ];;TJ;brak_rekordu_w_api;;;;;;6649714;8212898000062;282
2019;2019;;Sri Lanka;LK;kraj_lub_terytorium;27111100;27111100 - Gaz ziemny skroplony [TJ];;TJ;brak_rekordu_w_api;;;;;;6649863;8212945000062;282
2019;2019;;Sri Lanka;LK;kraj_lub_terytorium;27112100;27112100 - Gaz ziemny w stanie gazowym [TJ];;TJ;brak_rekordu_w_api;;;;;;6649863;8212898000062;282
2019;2019;;Stany Zjednoczone;US;kraj_lub_terytorium;27111100;27111100 - Gaz ziemny skroplony [TJ];;TJ;brak_rekordu_w_api;;;;;;6649783;8212945000062;282
2019;2019;;Stany Zjednoczone;US;kraj_lub_terytorium;27112100;27112100 - Gaz ziemny w stanie gazowym [TJ];;TJ;brak_rekordu_w_api;;;;;;6649783;8212898000062;282
2019;2019;;Sudan;SD;kraj_lub_terytorium;27111100;27111100 - Gaz ziemny skroplony [TJ];;TJ;brak_rekordu_w_api;;;;;;6649710;8212945000062;282
2019;2019;;Sudan;SD;kraj_lub_terytorium;27112100;27112100 - Gaz ziemny w stanie gazowym [TJ];;TJ;brak_rekordu_w_api;;;;;;6649710;8212898000062;282
2019;2019;;Sudan Południowy;SS;kraj_lub_terytorium;27111100;27111100 - Gaz ziemny skroplony [TJ];;TJ;brak_rekordu_w_api;;;;;;6649709;8212945000062;282
2019;2019;;Sudan Południowy;SS;kraj_lub_terytorium;27112100;27112100 - Gaz ziemny w stanie gazowym [TJ];;TJ;brak_rekordu_w_api;;;;;;6649709;8212898000062;282
2019;2019;;Surinam;SR;kraj_lub_terytorium;27111100;27111100 - Gaz ziemny skroplony [TJ];;TJ;brak_rekordu_w_api;;;;;;6649766;8212945000062;282
2019;2019;;Surinam;SR;kraj_lub_terytorium;27112100;27112100 - Gaz ziemny w stanie gazowym [TJ];;TJ;brak_rekordu_w_api;;;;;;6649766;8212898000062;282
2019;2019;;Syria;SY;kraj_lub_terytorium;27111100;27111100 - Gaz ziemny skroplony [TJ];;TJ;brak_rekordu_w_api;;;;;;6649827;8212945000062;282
2019;2019;;Syria;SY;kraj_lub_terytorium;27112100;27112100 - Gaz ziemny w stanie gazowym [TJ];;TJ;brak_rekordu_w_api;;;;;;6649827;8212898000062;282
2019;2019;;Szwajcaria;CH;kraj_lub_terytorium;27111100;27111100 - Gaz ziemny skroplony [TJ];;TJ;brak_rekordu_w_api;;;;;;6649881;8212945000062;282
2019;2019;;Szwajcaria;CH;kraj_lub_terytorium;27112100;27112100 - Gaz ziemny w stanie gazowym [TJ];;TJ;brak_rekordu_w_api;;;;;;6649881;8212898000062;282
2019;2019;;Szwecja;SE;kraj_lub_terytorium;27111100;27111100 - Gaz ziemny skroplony [TJ];;TJ;brak_rekordu_w_api;;;;;;6649882;8212945000062;282
2019;2019;;Szwecja;SE;kraj_lub_terytorium;27112100;27112100 - Gaz ziemny w stanie gazowym [TJ];;TJ;brak_rekordu_w_api;;;;;;6649882;8212898000062;282
2019;2019;;Słowacja;SK;kraj_lub_terytorium;27111100;27111100 - Gaz ziemny skroplony [TJ];;TJ;brak_rekordu_w_api;;;;;;6649886;8212945000062;282
2019;2019;;Słowacja;SK;kraj_lub_terytorium;27112100;27112100 - Gaz ziemny w stanie gazowym [TJ];;TJ;brak_rekordu_w_api;;;;;;6649886;8212898000062;282
2019;2019;;Słowenia;SI;kraj_lub_terytorium;27111100;27111100 - Gaz ziemny skroplony [TJ];;TJ;brak_rekordu_w_api;;;;;;6649885;8212945000062;282
2019;2019;;Słowenia;SI;kraj_lub_terytorium;27112100;27112100 - Gaz ziemny w stanie gazowym [TJ];;TJ;brak_rekordu_w_api;;;;;;6649885;8212898000062;282
2019;2019;;Tadżykistan;TJ;kraj_lub_terytorium;27111100;27111100 - Gaz ziemny skroplony [TJ];;TJ;brak_rekordu_w_api;;;;;;6649826;8212945000062;282
2019;2019;;Tadżykistan;TJ;kraj_lub_terytorium;27112100;27112100 - Gaz ziemny w stanie gazowym [TJ];;TJ;brak_rekordu_w_api;;;;;;6649826;8212898000062;282
2019;2019;;Tajlandia;TH;kraj_lub_terytorium;27111100;27111100 - Gaz ziemny skroplony [TJ];;TJ;brak_rekordu_w_api;;;;;;6649824;8212945000062;282
2019;2019;;Tajlandia;TH;kraj_lub_terytorium;27112100;27112100 - Gaz ziemny w stanie gazowym [TJ];;TJ;brak_rekordu_w_api;;;;;;6649824;8212898000062;282
2019;2019;;Tajwan;TW;kraj_lub_terytorium;27111100;27111100 - Gaz ziemny skroplony [TJ];;TJ;brak_rekordu_w_api;;;;;;7548478;8212945000062;282
2019;2019;;Tajwan;TW;kraj_lub_terytorium;27112100;27112100 - Gaz ziemny w stanie gazowym [TJ];;TJ;brak_rekordu_w_api;;;;;;7548478;8212898000062;282
2019;2019;;Tanzania;TZ;kraj_lub_terytorium;27111100;27111100 - Gaz ziemny skroplony [TJ];;TJ;brak_rekordu_w_api;;;;;;6649703;8212945000062;282
2019;2019;;Tanzania;TZ;kraj_lub_terytorium;27112100;27112100 - Gaz ziemny w stanie gazowym [TJ];;TJ;brak_rekordu_w_api;;;;;;6649703;8212898000062;282
2019;2019;;Timor Wschodni;TL;kraj_lub_terytorium;27111100;27111100 - Gaz ziemny skroplony [TJ];;TJ;brak_rekordu_w_api;;;;;;6649832;8212945000062;282
2019;2019;;Timor Wschodni;TL;kraj_lub_terytorium;27112100;27112100 - Gaz ziemny w stanie gazowym [TJ];;TJ;brak_rekordu_w_api;;;;;;6649832;8212898000062;282
2019;2019;;Togo;TG;kraj_lub_terytorium;27111100;27111100 - Gaz ziemny skroplony [TJ];;TJ;brak_rekordu_w_api;;;;;;6649707;8212945000062;282
2019;2019;;Togo;TG;kraj_lub_terytorium;27112100;27112100 - Gaz ziemny w stanie gazowym [TJ];;TJ;brak_rekordu_w_api;;;;;;6649707;8212898000062;282
2019;2019;;Tokelau;TK;kraj_lub_terytorium;27111100;27111100 - Gaz ziemny skroplony [TJ];;TJ;brak_rekordu_w_api;;;;;;6649676;8212945000062;282
2019;2019;;Tokelau;TK;kraj_lub_terytorium;27112100;27112100 - Gaz ziemny w stanie gazowym [TJ];;TJ;brak_rekordu_w_api;;;;;;6649676;8212898000062;282
2019;2019;;Tonga;TO;kraj_lub_terytorium;27111100;27111100 - Gaz ziemny skroplony [TJ];;TJ;brak_rekordu_w_api;;;;;;6649675;8212945000062;282
2019;2019;;Tonga;TO;kraj_lub_terytorium;27112100;27112100 - Gaz ziemny w stanie gazowym [TJ];;TJ;brak_rekordu_w_api;;;;;;6649675;8212898000062;282
2019;2019;;Trynidad i Tobago;TT;kraj_lub_terytorium;27111100;27111100 - Gaz ziemny skroplony [TJ];;TJ;brak_rekordu_w_api;;;;;;6649785;8212945000062;282
2019;2019;;Trynidad i Tobago;TT;kraj_lub_terytorium;27112100;27112100 - Gaz ziemny w stanie gazowym [TJ];;TJ;brak_rekordu_w_api;;;;;;6649785;8212898000062;282
2019;2019;;Tunezja;TN;kraj_lub_terytorium;27111100;27111100 - Gaz ziemny skroplony [TJ];;TJ;brak_rekordu_w_api;;;;;;6649706;8212945000062;282
2019;2019;;Tunezja;TN;kraj_lub_terytorium;27112100;27112100 - Gaz ziemny w stanie gazowym [TJ];;TJ;brak_rekordu_w_api;;;;;;6649706;8212898000062;282
2019;2019;;Turcja;TR;kraj_lub_terytorium;27111100;27111100 - Gaz ziemny skroplony [TJ];;TJ;brak_rekordu_w_api;;;;;;6649880;8212945000062;282
2019;2019;;Turcja;TR;kraj_lub_terytorium;27112100;27112100 - Gaz ziemny w stanie gazowym [TJ];;TJ;brak_rekordu_w_api;;;;;;6649880;8212898000062;282
2019;2019;;Turkmenistan;TM;kraj_lub_terytorium;27111100;27111100 - Gaz ziemny skroplony [TJ];;TJ;brak_rekordu_w_api;;;;;;6649822;8212945000062;282
2019;2019;;Turkmenistan;TM;kraj_lub_terytorium;27112100;27112100 - Gaz ziemny w stanie gazowym [TJ];;TJ;brak_rekordu_w_api;;;;;;6649822;8212898000062;282
2019;2019;;Turks i Caicos;TC;kraj_lub_terytorium;27111100;27111100 - Gaz ziemny skroplony [TJ];;TJ;brak_rekordu_w_api;;;;;;6649939;8212945000062;282
2019;2019;;Turks i Caicos;TC;kraj_lub_terytorium;27112100;27112100 - Gaz ziemny w stanie gazowym [TJ];;TJ;brak_rekordu_w_api;;;;;;6649939;8212898000062;282
2019;2019;;Tuvalu;TV;kraj_lub_terytorium;27111100;27111100 - Gaz ziemny skroplony [TJ];;TJ;brak_rekordu_w_api;;;;;;6649674;8212945000062;282
2019;2019;;Tuvalu;TV;kraj_lub_terytorium;27112100;27112100 - Gaz ziemny w stanie gazowym [TJ];;TJ;brak_rekordu_w_api;;;;;;6649674;8212898000062;282
2019;2019;;Uganda;UG;kraj_lub_terytorium;27111100;27111100 - Gaz ziemny skroplony [TJ];;TJ;brak_rekordu_w_api;;;;;;6649705;8212945000062;282
2019;2019;;Uganda;UG;kraj_lub_terytorium;27112100;27112100 - Gaz ziemny w stanie gazowym [TJ];;TJ;brak_rekordu_w_api;;;;;;6649705;8212898000062;282
2019;2019;;Ukraina;UA;kraj_lub_terytorium;27111100;27111100 - Gaz ziemny skroplony [TJ];;TJ;brak_rekordu_w_api;;;;;;6649879;8212945000062;282
2019;2019;;Ukraina;UA;kraj_lub_terytorium;27112100;27112100 - Gaz ziemny w stanie gazowym [TJ];26578,0;TJ;wartosc_opublikowana;Dane ostateczne;Dane jawne;Nie dotyczy;;1;6649879;8212898000062;282
2019;2019;;Urugwaj;UY;kraj_lub_terytorium;27111100;27111100 - Gaz ziemny skroplony [TJ];;TJ;brak_rekordu_w_api;;;;;;6649765;8212945000062;282
2019;2019;;Urugwaj;UY;kraj_lub_terytorium;27112100;27112100 - Gaz ziemny w stanie gazowym [TJ];;TJ;brak_rekordu_w_api;;;;;;6649765;8212898000062;282
2019;2019;;Uzbekistan;UZ;kraj_lub_terytorium;27111100;27111100 - Gaz ziemny skroplony [TJ];;TJ;brak_rekordu_w_api;;;;;;6649820;8212945000062;282
2019;2019;;Uzbekistan;UZ;kraj_lub_terytorium;27112100;27112100 - Gaz ziemny w stanie gazowym [TJ];;TJ;brak_rekordu_w_api;;;;;;6649820;8212898000062;282
2019;2019;;Vanuatu;VU;kraj_lub_terytorium;27111100;27111100 - Gaz ziemny skroplony [TJ];;TJ;brak_rekordu_w_api;;;;;;6649688;8212945000062;282
2019;2019;;Vanuatu;VU;kraj_lub_terytorium;27112100;27112100 - Gaz ziemny w stanie gazowym [TJ];;TJ;brak_rekordu_w_api;;;;;;6649688;8212898000062;282
2019;2019;;Wallis i Futuna;WF;kraj_lub_terytorium;27111100;27111100 - Gaz ziemny skroplony [TJ];;TJ;brak_rekordu_w_api;;;;;;6649673;8212945000062;282
2019;2019;;Wallis i Futuna;WF;kraj_lub_terytorium;27112100;27112100 - Gaz ziemny w stanie gazowym [TJ];;TJ;brak_rekordu_w_api;;;;;;6649673;8212898000062;282
2019;2019;;Watykan;VA;kraj_lub_terytorium;27111100;27111100 - Gaz ziemny skroplony [TJ];;TJ;brak_rekordu_w_api;;;;;;6649907;8212945000062;282
2019;2019;;Watykan;VA;kraj_lub_terytorium;27112100;27112100 - Gaz ziemny w stanie gazowym [TJ];;TJ;brak_rekordu_w_api;;;;;;6649907;8212898000062;282
2019;2019;;Wenezuela;VE;kraj_lub_terytorium;27111100;27111100 - Gaz ziemny skroplony [TJ];;TJ;brak_rekordu_w_api;;;;;;6649764;8212945000062;282
2019;2019;;Wenezuela;VE;kraj_lub_terytorium;27112100;27112100 - Gaz ziemny w stanie gazowym [TJ];;TJ;brak_rekordu_w_api;;;;;;6649764;8212898000062;282
2019;2019;;Wielka Brytania;GB;kraj_lub_terytorium;27111100;27111100 - Gaz ziemny skroplony [TJ];;TJ;brak_rekordu_w_api;;;;;;6649877;8212945000062;282
2019;2019;;Wielka Brytania;GB;kraj_lub_terytorium;27112100;27112100 - Gaz ziemny w stanie gazowym [TJ];;TJ;brak_rekordu_w_api;;;;;;6649877;8212898000062;282
2019;2019;;Wietnam;VN;kraj_lub_terytorium;27111100;27111100 - Gaz ziemny skroplony [TJ];;TJ;brak_rekordu_w_api;;;;;;7548674;8212945000062;282
2019;2019;;Wietnam;VN;kraj_lub_terytorium;27112100;27112100 - Gaz ziemny w stanie gazowym [TJ];;TJ;brak_rekordu_w_api;;;;;;7548674;8212898000062;282
2019;2019;;Wybrzeże Kości Słoniowej;CI;kraj_lub_terytorium;27111100;27111100 - Gaz ziemny skroplony [TJ];;TJ;brak_rekordu_w_api;;;;;;6649738;8212945000062;282
2019;2019;;Wybrzeże Kości Słoniowej;CI;kraj_lub_terytorium;27112100;27112100 - Gaz ziemny w stanie gazowym [TJ];;TJ;brak_rekordu_w_api;;;;;;6649738;8212898000062;282
2019;2019;;Wyspa Bouveta;BV;kraj_lub_terytorium;27111100;27111100 - Gaz ziemny skroplony [TJ];;TJ;brak_rekordu_w_api;;;;;;6649758;8212945000062;282
2019;2019;;Wyspa Bouveta;BV;kraj_lub_terytorium;27112100;27112100 - Gaz ziemny w stanie gazowym [TJ];;TJ;brak_rekordu_w_api;;;;;;6649758;8212898000062;282
2019;2019;;Wyspa Bożego Narodzenia;CX;kraj_lub_terytorium;27111100;27111100 - Gaz ziemny skroplony [TJ];;TJ;brak_rekordu_w_api;;;;;;6649860;8212945000062;282
2019;2019;;Wyspa Bożego Narodzenia;CX;kraj_lub_terytorium;27112100;27112100 - Gaz ziemny w stanie gazowym [TJ];;TJ;brak_rekordu_w_api;;;;;;6649860;8212898000062;282
2019;2019;;Wyspa Świętej Heleny, Wyspa Wniebowstąpienia i Tristan da Cunha;SH;kraj_lub_terytorium;27111100;27111100 - Gaz ziemny skroplony [TJ];;TJ;brak_rekordu_w_api;;;;;;6649720;8212945000062;282
2019;2019;;Wyspa Świętej Heleny, Wyspa Wniebowstąpienia i Tristan da Cunha;SH;kraj_lub_terytorium;27112100;27112100 - Gaz ziemny w stanie gazowym [TJ];;TJ;brak_rekordu_w_api;;;;;;6649720;8212898000062;282
2019;2019;;Wyspy Cooka;CK;kraj_lub_terytorium;27111100;27111100 - Gaz ziemny skroplony [TJ];;TJ;brak_rekordu_w_api;;;;;;6649697;8212945000062;282
2019;2019;;Wyspy Cooka;CK;kraj_lub_terytorium;27112100;27112100 - Gaz ziemny w stanie gazowym [TJ];;TJ;brak_rekordu_w_api;;;;;;6649697;8212898000062;282
2019;2019;;Wyspy Dziewicze Stanów Zjednoczonych;VI;kraj_lub_terytorium;27111100;27111100 - Gaz ziemny skroplony [TJ];;TJ;brak_rekordu_w_api;;;;;;6649782;8212945000062;282
2019;2019;;Wyspy Dziewicze Stanów Zjednoczonych;VI;kraj_lub_terytorium;27112100;27112100 - Gaz ziemny w stanie gazowym [TJ];;TJ;brak_rekordu_w_api;;;;;;6649782;8212898000062;282
2019;2019;;Wyspy Heard i McDonalda;HM;kraj_lub_terytorium;27111100;27111100 - Gaz ziemny skroplony [TJ];;TJ;brak_rekordu_w_api;;;;;;6649691;8212945000062;282
2019;2019;;Wyspy Heard i McDonalda;HM;kraj_lub_terytorium;27112100;27112100 - Gaz ziemny w stanie gazowym [TJ];;TJ;brak_rekordu_w_api;;;;;;6649691;8212898000062;282
2019;2019;;Wyspy Kokosowe (inaczej Wyspy Keelinga);CC;kraj_lub_terytorium;27111100;27111100 - Gaz ziemny skroplony [TJ];;TJ;brak_rekordu_w_api;;;;;;7473122;8212945000062;282
2019;2019;;Wyspy Kokosowe (inaczej Wyspy Keelinga);CC;kraj_lub_terytorium;27112100;27112100 - Gaz ziemny w stanie gazowym [TJ];;TJ;brak_rekordu_w_api;;;;;;7473122;8212898000062;282
2019;2019;;Wyspy Marshalla;MH;kraj_lub_terytorium;27111100;27111100 - Gaz ziemny skroplony [TJ];;TJ;brak_rekordu_w_api;;;;;;6649681;8212945000062;282
2019;2019;;Wyspy Marshalla;MH;kraj_lub_terytorium;27112100;27112100 - Gaz ziemny w stanie gazowym [TJ];;TJ;brak_rekordu_w_api;;;;;;6649681;8212898000062;282
2019;2019;;Wyspy Owcze;FO;kraj_lub_terytorium;27111100;27111100 - Gaz ziemny skroplony [TJ];;TJ;brak_rekordu_w_api;;;;;;6649914;8212945000062;282
2019;2019;;Wyspy Owcze;FO;kraj_lub_terytorium;27112100;27112100 - Gaz ziemny w stanie gazowym [TJ];;TJ;brak_rekordu_w_api;;;;;;6649914;8212898000062;282
2019;2019;;Wyspy Salomona;SB;kraj_lub_terytorium;27111100;27111100 - Gaz ziemny skroplony [TJ];;TJ;brak_rekordu_w_api;;;;;;6649698;8212945000062;282
2019;2019;;Wyspy Salomona;SB;kraj_lub_terytorium;27112100;27112100 - Gaz ziemny w stanie gazowym [TJ];;TJ;brak_rekordu_w_api;;;;;;6649698;8212898000062;282
2019;2019;;Wyspy Świętego Tomasza i Książęca;ST;kraj_lub_terytorium;27111100;27111100 - Gaz ziemny skroplony [TJ];;TJ;brak_rekordu_w_api;;;;;;6649718;8212945000062;282
2019;2019;;Wyspy Świętego Tomasza i Książęca;ST;kraj_lub_terytorium;27112100;27112100 - Gaz ziemny w stanie gazowym [TJ];;TJ;brak_rekordu_w_api;;;;;;6649718;8212898000062;282
2019;2019;;Węgry;HU;kraj_lub_terytorium;27111100;27111100 - Gaz ziemny skroplony [TJ];;TJ;brak_rekordu_w_api;;;;;;6649906;8212945000062;282
2019;2019;;Węgry;HU;kraj_lub_terytorium;27112100;27112100 - Gaz ziemny w stanie gazowym [TJ];;TJ;brak_rekordu_w_api;;;;;;6649906;8212898000062;282
2019;2019;;Włochy;IT;kraj_lub_terytorium;27111100;27111100 - Gaz ziemny skroplony [TJ];;TJ;brak_rekordu_w_api;;;;;;6649903;8212945000062;282
2019;2019;;Włochy;IT;kraj_lub_terytorium;27112100;27112100 - Gaz ziemny w stanie gazowym [TJ];;TJ;brak_rekordu_w_api;;;;;;6649903;8212898000062;282
2019;2019;;Zambia;ZM;kraj_lub_terytorium;27111100;27111100 - Gaz ziemny skroplony [TJ];;TJ;brak_rekordu_w_api;;;;;;6649701;8212945000062;282
2019;2019;;Zambia;ZM;kraj_lub_terytorium;27112100;27112100 - Gaz ziemny w stanie gazowym [TJ];;TJ;brak_rekordu_w_api;;;;;;6649701;8212898000062;282
2019;2019;;Zap. i zaop. statków, niezn.arm.;QQ;kategoria_specjalna;27111100;27111100 - Gaz ziemny skroplony [TJ];;TJ;brak_rekordu_w_api;;;;;;7277329;8212945000062;282
2019;2019;;Zap. i zaop. statków, niezn.arm.;QQ;kategoria_specjalna;27112100;27112100 - Gaz ziemny w stanie gazowym [TJ];;TJ;brak_rekordu_w_api;;;;;;7277329;8212898000062;282
2019;2019;;Zimbabwe;ZW;kraj_lub_terytorium;27111100;27111100 - Gaz ziemny skroplony [TJ];;TJ;brak_rekordu_w_api;;;;;;6649712;8212945000062;282
2019;2019;;Zimbabwe;ZW;kraj_lub_terytorium;27112100;27112100 - Gaz ziemny w stanie gazowym [TJ];;TJ;brak_rekordu_w_api;;;;;;6649712;8212898000062;282
2019;2019;;Zjednoczone Emiraty Arabskie;AE;kraj_lub_terytorium;27111100;27111100 - Gaz ziemny skroplony [TJ];;TJ;brak_rekordu_w_api;;;;;;6649823;8212945000062;282
2019;2019;;Zjednoczone Emiraty Arabskie;AE;kraj_lub_terytorium;27112100;27112100 - Gaz ziemny w stanie gazowym [TJ];;TJ;brak_rekordu_w_api;;;;;;6649823;8212898000062;282
2019;2019;;Łotwa;LV;kraj_lub_terytorium;27111100;27111100 - Gaz ziemny skroplony [TJ];;TJ;brak_rekordu_w_api;;;;;;6649902;8212945000062;282
2019;2019;;Łotwa;LV;kraj_lub_terytorium;27112100;27112100 - Gaz ziemny w stanie gazowym [TJ];;TJ;brak_rekordu_w_api;;;;;;6649902;8212898000062;282
2020;2020;;Afganistan;AF;kraj_lub_terytorium;27111100;27111100 - Gaz ziemny skroplony [TJ];;TJ;brak_rekordu_w_api;;;;;;6649873;8212945000062;282
2020;2020;;Afganistan;AF;kraj_lub_terytorium;27112100;27112100 - Gaz ziemny w stanie gazowym [TJ];;TJ;brak_rekordu_w_api;;;;;;6649873;8212898000062;282
2020;2020;;Albania;AL;kraj_lub_terytorium;27111100;27111100 - Gaz ziemny skroplony [TJ];;TJ;brak_rekordu_w_api;;;;;;6649925;8212945000062;282
2020;2020;;Albania;AL;kraj_lub_terytorium;27112100;27112100 - Gaz ziemny w stanie gazowym [TJ];;TJ;brak_rekordu_w_api;;;;;;6649925;8212898000062;282
2020;2020;;Algieria;DZ;kraj_lub_terytorium;27111100;27111100 - Gaz ziemny skroplony [TJ];;TJ;brak_rekordu_w_api;;;;;;6649763;8212945000062;282
2020;2020;;Algieria;DZ;kraj_lub_terytorium;27112100;27112100 - Gaz ziemny w stanie gazowym [TJ];;TJ;brak_rekordu_w_api;;;;;;6649763;8212898000062;282
2020;2020;;Andora;AD;kraj_lub_terytorium;27111100;27111100 - Gaz ziemny skroplony [TJ];;TJ;brak_rekordu_w_api;;;;;;6649924;8212945000062;282
2020;2020;;Andora;AD;kraj_lub_terytorium;27112100;27112100 - Gaz ziemny w stanie gazowym [TJ];;TJ;brak_rekordu_w_api;;;;;;6649924;8212898000062;282
2020;2020;;Angola;AO;kraj_lub_terytorium;27111100;27111100 - Gaz ziemny skroplony [TJ];;TJ;brak_rekordu_w_api;;;;;;6649760;8212945000062;282
2020;2020;;Angola;AO;kraj_lub_terytorium;27112100;27112100 - Gaz ziemny w stanie gazowym [TJ];;TJ;brak_rekordu_w_api;;;;;;6649760;8212898000062;282
2020;2020;;Anguilla;AI;kraj_lub_terytorium;27111100;27111100 - Gaz ziemny skroplony [TJ];;TJ;brak_rekordu_w_api;;;;;;6649790;8212945000062;282
2020;2020;;Anguilla;AI;kraj_lub_terytorium;27112100;27112100 - Gaz ziemny w stanie gazowym [TJ];;TJ;brak_rekordu_w_api;;;;;;6649790;8212898000062;282
2020;2020;;Antarktyda;AQ;kraj_lub_terytorium;27111100;27111100 - Gaz ziemny skroplony [TJ];;TJ;brak_rekordu_w_api;;;;;;6649670;8212945000062;282
2020;2020;;Antarktyda;AQ;kraj_lub_terytorium;27112100;27112100 - Gaz ziemny w stanie gazowym [TJ];;TJ;brak_rekordu_w_api;;;;;;6649670;8212898000062;282
2020;2020;;Antigua i Barbuda;AG;kraj_lub_terytorium;27111100;27111100 - Gaz ziemny skroplony [TJ];;TJ;brak_rekordu_w_api;;;;;;6649818;8212945000062;282
2020;2020;;Antigua i Barbuda;AG;kraj_lub_terytorium;27112100;27112100 - Gaz ziemny w stanie gazowym [TJ];;TJ;brak_rekordu_w_api;;;;;;6649818;8212898000062;282
2020;2020;;Arabia Saudyjska;SA;kraj_lub_terytorium;27111100;27111100 - Gaz ziemny skroplony [TJ];;TJ;brak_rekordu_w_api;;;;;;6649830;8212945000062;282
2020;2020;;Arabia Saudyjska;SA;kraj_lub_terytorium;27112100;27112100 - Gaz ziemny w stanie gazowym [TJ];;TJ;brak_rekordu_w_api;;;;;;6649830;8212898000062;282
2020;2020;;Argentyna;AR;kraj_lub_terytorium;27111100;27111100 - Gaz ziemny skroplony [TJ];;TJ;brak_rekordu_w_api;;;;;;6649781;8212945000062;282
2020;2020;;Argentyna;AR;kraj_lub_terytorium;27112100;27112100 - Gaz ziemny w stanie gazowym [TJ];;TJ;brak_rekordu_w_api;;;;;;6649781;8212898000062;282
2020;2020;;Armenia;AM;kraj_lub_terytorium;27111100;27111100 - Gaz ziemny skroplony [TJ];;TJ;brak_rekordu_w_api;;;;;;6649869;8212945000062;282
2020;2020;;Armenia;AM;kraj_lub_terytorium;27112100;27112100 - Gaz ziemny w stanie gazowym [TJ];;TJ;brak_rekordu_w_api;;;;;;6649869;8212898000062;282
2020;2020;;Aruba;AW;kraj_lub_terytorium;27111100;27111100 - Gaz ziemny skroplony [TJ];;TJ;brak_rekordu_w_api;;;;;;6649770;8212945000062;282
2020;2020;;Aruba;AW;kraj_lub_terytorium;27112100;27112100 - Gaz ziemny w stanie gazowym [TJ];;TJ;brak_rekordu_w_api;;;;;;6649770;8212898000062;282
2020;2020;;Australia;AU;kraj_lub_terytorium;27111100;27111100 - Gaz ziemny skroplony [TJ];;TJ;brak_rekordu_w_api;;;;;;6649699;8212945000062;282
2020;2020;;Australia;AU;kraj_lub_terytorium;27112100;27112100 - Gaz ziemny w stanie gazowym [TJ];;TJ;brak_rekordu_w_api;;;;;;6649699;8212898000062;282
2020;2020;;Austria;AT;kraj_lub_terytorium;27111100;27111100 - Gaz ziemny skroplony [TJ];;TJ;brak_rekordu_w_api;;;;;;6649923;8212945000062;282
2020;2020;;Austria;AT;kraj_lub_terytorium;27112100;27112100 - Gaz ziemny w stanie gazowym [TJ];;TJ;brak_rekordu_w_api;;;;;;6649923;8212898000062;282
2020;2020;;Azerbejdżan;AZ;kraj_lub_terytorium;27111100;27111100 - Gaz ziemny skroplony [TJ];;TJ;brak_rekordu_w_api;;;;;;6649872;8212945000062;282
2020;2020;;Azerbejdżan;AZ;kraj_lub_terytorium;27112100;27112100 - Gaz ziemny w stanie gazowym [TJ];;TJ;brak_rekordu_w_api;;;;;;6649872;8212898000062;282
2020;2020;;Bahamy;BS;kraj_lub_terytorium;27111100;27111100 - Gaz ziemny skroplony [TJ];;TJ;brak_rekordu_w_api;;;;;;7473138;8212945000062;282
2020;2020;;Bahamy;BS;kraj_lub_terytorium;27112100;27112100 - Gaz ziemny w stanie gazowym [TJ];;TJ;brak_rekordu_w_api;;;;;;7473138;8212898000062;282
2020;2020;;Bahrajn;BH;kraj_lub_terytorium;27111100;27111100 - Gaz ziemny skroplony [TJ];;TJ;brak_rekordu_w_api;;;;;;6649871;8212945000062;282
2020;2020;;Bahrajn;BH;kraj_lub_terytorium;27112100;27112100 - Gaz ziemny w stanie gazowym [TJ];;TJ;brak_rekordu_w_api;;;;;;6649871;8212898000062;282
2020;2020;;Bangladesz;BD;kraj_lub_terytorium;27111100;27111100 - Gaz ziemny skroplony [TJ];;TJ;brak_rekordu_w_api;;;;;;6649870;8212945000062;282
2020;2020;;Bangladesz;BD;kraj_lub_terytorium;27112100;27112100 - Gaz ziemny w stanie gazowym [TJ];;TJ;brak_rekordu_w_api;;;;;;6649870;8212898000062;282
2020;2020;;Barbados;BB;kraj_lub_terytorium;27111100;27111100 - Gaz ziemny skroplony [TJ];;TJ;brak_rekordu_w_api;;;;;;6649817;8212945000062;282
2020;2020;;Barbados;BB;kraj_lub_terytorium;27112100;27112100 - Gaz ziemny w stanie gazowym [TJ];;TJ;brak_rekordu_w_api;;;;;;6649817;8212898000062;282
2020;2020;;Belgia;BE;kraj_lub_terytorium;27111100;27111100 - Gaz ziemny skroplony [TJ];1,0;TJ;wartosc_opublikowana;Dane ostateczne;Dane jawne;Nie dotyczy;;1;6649922;8212945000062;282
2020;2020;;Belgia;BE;kraj_lub_terytorium;27112100;27112100 - Gaz ziemny w stanie gazowym [TJ];;TJ;brak_rekordu_w_api;;;;;;6649922;8212898000062;282
2020;2020;;Belize;BZ;kraj_lub_terytorium;27111100;27111100 - Gaz ziemny skroplony [TJ];;TJ;brak_rekordu_w_api;;;;;;6649815;8212945000062;282
2020;2020;;Belize;BZ;kraj_lub_terytorium;27112100;27112100 - Gaz ziemny w stanie gazowym [TJ];;TJ;brak_rekordu_w_api;;;;;;6649815;8212898000062;282
2020;2020;;Benin;BJ;kraj_lub_terytorium;27111100;27111100 - Gaz ziemny skroplony [TJ];;TJ;brak_rekordu_w_api;;;;;;6649747;8212945000062;282
2020;2020;;Benin;BJ;kraj_lub_terytorium;27112100;27112100 - Gaz ziemny w stanie gazowym [TJ];;TJ;brak_rekordu_w_api;;;;;;6649747;8212898000062;282
2020;2020;;Bermudy;BM;kraj_lub_terytorium;27111100;27111100 - Gaz ziemny skroplony [TJ];;TJ;brak_rekordu_w_api;;;;;;6649816;8212945000062;282
2020;2020;;Bermudy;BM;kraj_lub_terytorium;27112100;27112100 - Gaz ziemny w stanie gazowym [TJ];;TJ;brak_rekordu_w_api;;;;;;6649816;8212898000062;282
2020;2020;;Bhutan;BT;kraj_lub_terytorium;27111100;27111100 - Gaz ziemny skroplony [TJ];;TJ;brak_rekordu_w_api;;;;;;6649868;8212945000062;282
2020;2020;;Bhutan;BT;kraj_lub_terytorium;27112100;27112100 - Gaz ziemny w stanie gazowym [TJ];;TJ;brak_rekordu_w_api;;;;;;6649868;8212898000062;282
2020;2020;;Białoruś;BY;kraj_lub_terytorium;27111100;27111100 - Gaz ziemny skroplony [TJ];;TJ;brak_rekordu_w_api;;;;;;6649919;8212945000062;282
2020;2020;;Białoruś;BY;kraj_lub_terytorium;27112100;27112100 - Gaz ziemny w stanie gazowym [TJ];;TJ;brak_rekordu_w_api;;;;;;6649919;8212898000062;282
2020;2020;;Boliwia;BO;kraj_lub_terytorium;27111100;27111100 - Gaz ziemny skroplony [TJ];;TJ;brak_rekordu_w_api;;;;;;6649780;8212945000062;282
2020;2020;;Boliwia;BO;kraj_lub_terytorium;27112100;27112100 - Gaz ziemny w stanie gazowym [TJ];;TJ;brak_rekordu_w_api;;;;;;6649780;8212898000062;282
2020;2020;;Bonaire, Sint Eustatius i Saba;BQ;kraj_lub_terytorium;27111100;27111100 - Gaz ziemny skroplony [TJ];;TJ;brak_rekordu_w_api;;;;;;6649769;8212945000062;282
2020;2020;;Bonaire, Sint Eustatius i Saba;BQ;kraj_lub_terytorium;27112100;27112100 - Gaz ziemny w stanie gazowym [TJ];;TJ;brak_rekordu_w_api;;;;;;6649769;8212898000062;282
2020;2020;;Botswana;BW;kraj_lub_terytorium;27111100;27111100 - Gaz ziemny skroplony [TJ];;TJ;brak_rekordu_w_api;;;;;;6649759;8212945000062;282
2020;2020;;Botswana;BW;kraj_lub_terytorium;27112100;27112100 - Gaz ziemny w stanie gazowym [TJ];;TJ;brak_rekordu_w_api;;;;;;6649759;8212898000062;282
2020;2020;;Bośnia i Hercegowina;BA;kraj_lub_terytorium;27111100;27111100 - Gaz ziemny skroplony [TJ];;TJ;brak_rekordu_w_api;;;;;;6649921;8212945000062;282
2020;2020;;Bośnia i Hercegowina;BA;kraj_lub_terytorium;27112100;27112100 - Gaz ziemny w stanie gazowym [TJ];;TJ;brak_rekordu_w_api;;;;;;6649921;8212898000062;282
2020;2020;;Brazylia;BR;kraj_lub_terytorium;27111100;27111100 - Gaz ziemny skroplony [TJ];;TJ;brak_rekordu_w_api;;;;;;6649779;8212945000062;282
2020;2020;;Brazylia;BR;kraj_lub_terytorium;27112100;27112100 - Gaz ziemny w stanie gazowym [TJ];;TJ;brak_rekordu_w_api;;;;;;6649779;8212898000062;282
2020;2020;;Brunei;BN;kraj_lub_terytorium;27111100;27111100 - Gaz ziemny skroplony [TJ];;TJ;brak_rekordu_w_api;;;;;;6649866;8212945000062;282
2020;2020;;Brunei;BN;kraj_lub_terytorium;27112100;27112100 - Gaz ziemny w stanie gazowym [TJ];;TJ;brak_rekordu_w_api;;;;;;6649866;8212898000062;282
2020;2020;;Brytyjskie Terytorium Oceanu Indyjskiego;IO;kraj_lub_terytorium;27111100;27111100 - Gaz ziemny skroplony [TJ];;TJ;brak_rekordu_w_api;;;;;;6649867;8212945000062;282
2020;2020;;Brytyjskie Terytorium Oceanu Indyjskiego;IO;kraj_lub_terytorium;27112100;27112100 - Gaz ziemny w stanie gazowym [TJ];;TJ;brak_rekordu_w_api;;;;;;6649867;8212898000062;282
2020;2020;;Brytyjskie Wyspy Dziewicze;VG;kraj_lub_terytorium;27111100;27111100 - Gaz ziemny skroplony [TJ];;TJ;brak_rekordu_w_api;;;;;;6649814;8212945000062;282
2020;2020;;Brytyjskie Wyspy Dziewicze;VG;kraj_lub_terytorium;27112100;27112100 - Gaz ziemny w stanie gazowym [TJ];;TJ;brak_rekordu_w_api;;;;;;6649814;8212898000062;282
2020;2020;;Burkina Faso;BF;kraj_lub_terytorium;27111100;27111100 - Gaz ziemny skroplony [TJ];;TJ;brak_rekordu_w_api;;;;;;6649702;8212945000062;282
2020;2020;;Burkina Faso;BF;kraj_lub_terytorium;27112100;27112100 - Gaz ziemny w stanie gazowym [TJ];;TJ;brak_rekordu_w_api;;;;;;6649702;8212898000062;282
2020;2020;;Burundi;BI;kraj_lub_terytorium;27111100;27111100 - Gaz ziemny skroplony [TJ];;TJ;brak_rekordu_w_api;;;;;;6649757;8212945000062;282
2020;2020;;Burundi;BI;kraj_lub_terytorium;27112100;27112100 - Gaz ziemny w stanie gazowym [TJ];;TJ;brak_rekordu_w_api;;;;;;6649757;8212898000062;282
2020;2020;;Bułgaria;BG;kraj_lub_terytorium;27111100;27111100 - Gaz ziemny skroplony [TJ];;TJ;brak_rekordu_w_api;;;;;;6649920;8212945000062;282
2020;2020;;Bułgaria;BG;kraj_lub_terytorium;27112100;27112100 - Gaz ziemny w stanie gazowym [TJ];;TJ;brak_rekordu_w_api;;;;;;6649920;8212898000062;282
2020;2020;;Ceuta;XC;kraj_lub_terytorium;27111100;27111100 - Gaz ziemny skroplony [TJ];;TJ;brak_rekordu_w_api;;;;;;6649762;8212945000062;282
2020;2020;;Ceuta;XC;kraj_lub_terytorium;27112100;27112100 - Gaz ziemny w stanie gazowym [TJ];;TJ;brak_rekordu_w_api;;;;;;6649762;8212898000062;282
2020;2020;;Chile;CL;kraj_lub_terytorium;27111100;27111100 - Gaz ziemny skroplony [TJ];;TJ;brak_rekordu_w_api;;;;;;6649778;8212945000062;282
2020;2020;;Chile;CL;kraj_lub_terytorium;27112100;27112100 - Gaz ziemny w stanie gazowym [TJ];;TJ;brak_rekordu_w_api;;;;;;6649778;8212898000062;282
2020;2020;;Chiny;CN;kraj_lub_terytorium;27111100;27111100 - Gaz ziemny skroplony [TJ];;TJ;brak_rekordu_w_api;;;;;;6649862;8212945000062;282
2020;2020;;Chiny;CN;kraj_lub_terytorium;27112100;27112100 - Gaz ziemny w stanie gazowym [TJ];;TJ;brak_rekordu_w_api;;;;;;6649862;8212898000062;282
2020;2020;;Chorwacja;HR;kraj_lub_terytorium;27111100;27111100 - Gaz ziemny skroplony [TJ];;TJ;brak_rekordu_w_api;;;;;;6649918;8212945000062;282
2020;2020;;Chorwacja;HR;kraj_lub_terytorium;27112100;27112100 - Gaz ziemny w stanie gazowym [TJ];;TJ;brak_rekordu_w_api;;;;;;6649918;8212898000062;282
2020;2020;;Curaçao;CW;kraj_lub_terytorium;27111100;27111100 - Gaz ziemny skroplony [TJ];;TJ;brak_rekordu_w_api;;;;;;7463815;8212945000062;282
2020;2020;;Curaçao;CW;kraj_lub_terytorium;27112100;27112100 - Gaz ziemny w stanie gazowym [TJ];;TJ;brak_rekordu_w_api;;;;;;7463815;8212898000062;282
2020;2020;;Cypr;CY;kraj_lub_terytorium;27111100;27111100 - Gaz ziemny skroplony [TJ];;TJ;brak_rekordu_w_api;;;;;;6649917;8212945000062;282
2020;2020;;Cypr;CY;kraj_lub_terytorium;27112100;27112100 - Gaz ziemny w stanie gazowym [TJ];;TJ;brak_rekordu_w_api;;;;;;6649917;8212898000062;282
2020;2020;;Czad;TD;kraj_lub_terytorium;27111100;27111100 - Gaz ziemny skroplony [TJ];;TJ;brak_rekordu_w_api;;;;;;6649753;8212945000062;282
2020;2020;;Czad;TD;kraj_lub_terytorium;27112100;27112100 - Gaz ziemny w stanie gazowym [TJ];;TJ;brak_rekordu_w_api;;;;;;6649753;8212898000062;282
2020;2020;;Czarnogóra;ME;kraj_lub_terytorium;27111100;27111100 - Gaz ziemny skroplony [TJ];;TJ;brak_rekordu_w_api;;;;;;6649895;8212945000062;282
2020;2020;;Czarnogóra;ME;kraj_lub_terytorium;27112100;27112100 - Gaz ziemny w stanie gazowym [TJ];;TJ;brak_rekordu_w_api;;;;;;6649895;8212898000062;282
2020;2020;;Czechy;CZ;kraj_lub_terytorium;27111100;27111100 - Gaz ziemny skroplony [TJ];83,0;TJ;wartosc_opublikowana;Dane ostateczne;Dane jawne;Nie dotyczy;;1;7439975;8212945000062;282
2020;2020;;Czechy;CZ;kraj_lub_terytorium;27112100;27112100 - Gaz ziemny w stanie gazowym [TJ];;TJ;brak_rekordu_w_api;;;;;;7439975;8212898000062;282
2020;2020;;Dania;DK;kraj_lub_terytorium;27111100;27111100 - Gaz ziemny skroplony [TJ];;TJ;brak_rekordu_w_api;;;;;;6649916;8212945000062;282
2020;2020;;Dania;DK;kraj_lub_terytorium;27112100;27112100 - Gaz ziemny w stanie gazowym [TJ];;TJ;brak_rekordu_w_api;;;;;;6649916;8212898000062;282
2020;2020;;Demokratyczna Republika Konga;CD;kraj_lub_terytorium;27111100;27111100 - Gaz ziemny skroplony [TJ];;TJ;brak_rekordu_w_api;;;;;;6649750;8212945000062;282
2020;2020;;Demokratyczna Republika Konga;CD;kraj_lub_terytorium;27112100;27112100 - Gaz ziemny w stanie gazowym [TJ];;TJ;brak_rekordu_w_api;;;;;;6649750;8212898000062;282
2020;2020;;Dominika;DM;kraj_lub_terytorium;27111100;27111100 - Gaz ziemny skroplony [TJ];;TJ;brak_rekordu_w_api;;;;;;6649809;8212945000062;282
2020;2020;;Dominika;DM;kraj_lub_terytorium;27112100;27112100 - Gaz ziemny w stanie gazowym [TJ];;TJ;brak_rekordu_w_api;;;;;;6649809;8212898000062;282
2020;2020;;Dominikana;DO;kraj_lub_terytorium;27111100;27111100 - Gaz ziemny skroplony [TJ];;TJ;brak_rekordu_w_api;;;;;;6649941;8212945000062;282
2020;2020;;Dominikana;DO;kraj_lub_terytorium;27112100;27112100 - Gaz ziemny w stanie gazowym [TJ];;TJ;brak_rekordu_w_api;;;;;;6649941;8212898000062;282
2020;2020;;Dżibuti;DJ;kraj_lub_terytorium;27111100;27111100 - Gaz ziemny skroplony [TJ];;TJ;brak_rekordu_w_api;;;;;;6649743;8212945000062;282
2020;2020;;Dżibuti;DJ;kraj_lub_terytorium;27112100;27112100 - Gaz ziemny w stanie gazowym [TJ];;TJ;brak_rekordu_w_api;;;;;;6649743;8212898000062;282
2020;2020;;Egipt;EG;kraj_lub_terytorium;27111100;27111100 - Gaz ziemny skroplony [TJ];;TJ;brak_rekordu_w_api;;;;;;6649704;8212945000062;282
2020;2020;;Egipt;EG;kraj_lub_terytorium;27112100;27112100 - Gaz ziemny w stanie gazowym [TJ];;TJ;brak_rekordu_w_api;;;;;;6649704;8212898000062;282
2020;2020;;Ekwador;EC;kraj_lub_terytorium;27111100;27111100 - Gaz ziemny skroplony [TJ];;TJ;brak_rekordu_w_api;;;;;;6649776;8212945000062;282
2020;2020;;Ekwador;EC;kraj_lub_terytorium;27112100;27112100 - Gaz ziemny w stanie gazowym [TJ];;TJ;brak_rekordu_w_api;;;;;;6649776;8212898000062;282
2020;2020;;Erytrea;ER;kraj_lub_terytorium;27111100;27111100 - Gaz ziemny skroplony [TJ];;TJ;brak_rekordu_w_api;;;;;;6649744;8212945000062;282
2020;2020;;Erytrea;ER;kraj_lub_terytorium;27112100;27112100 - Gaz ziemny w stanie gazowym [TJ];;TJ;brak_rekordu_w_api;;;;;;6649744;8212898000062;282
2020;2020;;Estonia;EE;kraj_lub_terytorium;27111100;27111100 - Gaz ziemny skroplony [TJ];;TJ;brak_rekordu_w_api;;;;;;6649915;8212945000062;282
2020;2020;;Estonia;EE;kraj_lub_terytorium;27112100;27112100 - Gaz ziemny w stanie gazowym [TJ];;TJ;brak_rekordu_w_api;;;;;;6649915;8212898000062;282
2020;2020;;Eswatini;SZ;kraj_lub_terytorium;27111100;27111100 - Gaz ziemny skroplony [TJ];;TJ;brak_rekordu_w_api;;;;;;7437348;8212945000062;282
2020;2020;;Eswatini;SZ;kraj_lub_terytorium;27112100;27112100 - Gaz ziemny w stanie gazowym [TJ];;TJ;brak_rekordu_w_api;;;;;;7437348;8212898000062;282
2020;2020;;Etiopia;ET;kraj_lub_terytorium;27111100;27111100 - Gaz ziemny skroplony [TJ];;TJ;brak_rekordu_w_api;;;;;;6649745;8212945000062;282
2020;2020;;Etiopia;ET;kraj_lub_terytorium;27112100;27112100 - Gaz ziemny w stanie gazowym [TJ];;TJ;brak_rekordu_w_api;;;;;;6649745;8212898000062;282
2020;2020;;Falklandy;FK;kraj_lub_terytorium;27111100;27111100 - Gaz ziemny skroplony [TJ];;TJ;brak_rekordu_w_api;;;;;;6649775;8212945000062;282
2020;2020;;Falklandy;FK;kraj_lub_terytorium;27112100;27112100 - Gaz ziemny w stanie gazowym [TJ];;TJ;brak_rekordu_w_api;;;;;;6649775;8212898000062;282
2020;2020;;Fidżi;FJ;kraj_lub_terytorium;27111100;27111100 - Gaz ziemny skroplony [TJ];;TJ;brak_rekordu_w_api;;;;;;6649696;8212945000062;282
2020;2020;;Fidżi;FJ;kraj_lub_terytorium;27112100;27112100 - Gaz ziemny w stanie gazowym [TJ];;TJ;brak_rekordu_w_api;;;;;;6649696;8212898000062;282
2020;2020;;Filipiny;PH;kraj_lub_terytorium;27111100;27111100 - Gaz ziemny skroplony [TJ];;TJ;brak_rekordu_w_api;;;;;;6649833;8212945000062;282
2020;2020;;Filipiny;PH;kraj_lub_terytorium;27112100;27112100 - Gaz ziemny w stanie gazowym [TJ];;TJ;brak_rekordu_w_api;;;;;;6649833;8212898000062;282
2020;2020;;Finlandia;FI;kraj_lub_terytorium;27111100;27111100 - Gaz ziemny skroplony [TJ];;TJ;brak_rekordu_w_api;;;;;;6649913;8212945000062;282
2020;2020;;Finlandia;FI;kraj_lub_terytorium;27112100;27112100 - Gaz ziemny w stanie gazowym [TJ];;TJ;brak_rekordu_w_api;;;;;;6649913;8212898000062;282
2020;2020;;Francja;FR;kraj_lub_terytorium;27111100;27111100 - Gaz ziemny skroplony [TJ];;TJ;brak_rekordu_w_api;;;;;;6649911;8212945000062;282
2020;2020;;Francja;FR;kraj_lub_terytorium;27112100;27112100 - Gaz ziemny w stanie gazowym [TJ];;TJ;brak_rekordu_w_api;;;;;;6649911;8212898000062;282
2020;2020;;Francuskie Terytoria Południowe;TF;kraj_lub_terytorium;27111100;27111100 - Gaz ziemny skroplony [TJ];;TJ;brak_rekordu_w_api;;;;;;7548413;8212945000062;282
2020;2020;;Francuskie Terytoria Południowe;TF;kraj_lub_terytorium;27112100;27112100 - Gaz ziemny w stanie gazowym [TJ];;TJ;brak_rekordu_w_api;;;;;;7548413;8212898000062;282
2020;2020;;Gabon;GA;kraj_lub_terytorium;27111100;27111100 - Gaz ziemny skroplony [TJ];;TJ;brak_rekordu_w_api;;;;;;6649742;8212945000062;282
2020;2020;;Gabon;GA;kraj_lub_terytorium;27112100;27112100 - Gaz ziemny w stanie gazowym [TJ];;TJ;brak_rekordu_w_api;;;;;;6649742;8212898000062;282
2020;2020;;Gambia;GM;kraj_lub_terytorium;27111100;27111100 - Gaz ziemny skroplony [TJ];;TJ;brak_rekordu_w_api;;;;;;7475101;8212945000062;282
2020;2020;;Gambia;GM;kraj_lub_terytorium;27112100;27112100 - Gaz ziemny w stanie gazowym [TJ];;TJ;brak_rekordu_w_api;;;;;;7475101;8212898000062;282
2020;2020;;Georgia Południowa i Sandwich Południowy;GS;kraj_lub_terytorium;27111100;27111100 - Gaz ziemny skroplony [TJ];;TJ;brak_rekordu_w_api;;;;;;6649774;8212945000062;282
2020;2020;;Georgia Południowa i Sandwich Południowy;GS;kraj_lub_terytorium;27112100;27112100 - Gaz ziemny w stanie gazowym [TJ];;TJ;brak_rekordu_w_api;;;;;;6649774;8212898000062;282
2020;2020;;Ghana;GH;kraj_lub_terytorium;27111100;27111100 - Gaz ziemny skroplony [TJ];;TJ;brak_rekordu_w_api;;;;;;6649740;8212945000062;282
2020;2020;;Ghana;GH;kraj_lub_terytorium;27112100;27112100 - Gaz ziemny w stanie gazowym [TJ];;TJ;brak_rekordu_w_api;;;;;;6649740;8212898000062;282
2020;2020;;Gibraltar;GI;kraj_lub_terytorium;27111100;27111100 - Gaz ziemny skroplony [TJ];;TJ;brak_rekordu_w_api;;;;;;6649909;8212945000062;282
2020;2020;;Gibraltar;GI;kraj_lub_terytorium;27112100;27112100 - Gaz ziemny w stanie gazowym [TJ];;TJ;brak_rekordu_w_api;;;;;;6649909;8212898000062;282
2020;2020;;Grecja;GR;kraj_lub_terytorium;27111100;27111100 - Gaz ziemny skroplony [TJ];;TJ;brak_rekordu_w_api;;;;;;6649908;8212945000062;282
2020;2020;;Grecja;GR;kraj_lub_terytorium;27112100;27112100 - Gaz ziemny w stanie gazowym [TJ];;TJ;brak_rekordu_w_api;;;;;;6649908;8212898000062;282
2020;2020;;Grenada;GD;kraj_lub_terytorium;27111100;27111100 - Gaz ziemny skroplony [TJ];;TJ;brak_rekordu_w_api;;;;;;6649806;8212945000062;282
2020;2020;;Grenada;GD;kraj_lub_terytorium;27112100;27112100 - Gaz ziemny w stanie gazowym [TJ];;TJ;brak_rekordu_w_api;;;;;;6649806;8212898000062;282
2020;2020;;Grenlandia;GL;kraj_lub_terytorium;27111100;27111100 - Gaz ziemny skroplony [TJ];;TJ;brak_rekordu_w_api;;;;;;6649807;8212945000062;282
2020;2020;;Grenlandia;GL;kraj_lub_terytorium;27112100;27112100 - Gaz ziemny w stanie gazowym [TJ];;TJ;brak_rekordu_w_api;;;;;;6649807;8212898000062;282
2020;2020;;Gruzja;GE;kraj_lub_terytorium;27111100;27111100 - Gaz ziemny skroplony [TJ];;TJ;brak_rekordu_w_api;;;;;;6649858;8212945000062;282
2020;2020;;Gruzja;GE;kraj_lub_terytorium;27112100;27112100 - Gaz ziemny w stanie gazowym [TJ];;TJ;brak_rekordu_w_api;;;;;;6649858;8212898000062;282
2020;2020;;Guam;GU;kraj_lub_terytorium;27111100;27111100 - Gaz ziemny skroplony [TJ];;TJ;brak_rekordu_w_api;;;;;;6649692;8212945000062;282
2020;2020;;Guam;GU;kraj_lub_terytorium;27112100;27112100 - Gaz ziemny w stanie gazowym [TJ];;TJ;brak_rekordu_w_api;;;;;;6649692;8212898000062;282
2020;2020;;Gujana;GY;kraj_lub_terytorium;27111100;27111100 - Gaz ziemny skroplony [TJ];;TJ;brak_rekordu_w_api;;;;;;6649772;8212945000062;282
2020;2020;;Gujana;GY;kraj_lub_terytorium;27112100;27112100 - Gaz ziemny w stanie gazowym [TJ];;TJ;brak_rekordu_w_api;;;;;;6649772;8212898000062;282
2020;2020;;Gwatemala;GT;kraj_lub_terytorium;27111100;27111100 - Gaz ziemny skroplony [TJ];;TJ;brak_rekordu_w_api;;;;;;6649804;8212945000062;282
2020;2020;;Gwatemala;GT;kraj_lub_terytorium;27112100;27112100 - Gaz ziemny w stanie gazowym [TJ];;TJ;brak_rekordu_w_api;;;;;;6649804;8212898000062;282
2020;2020;;Gwinea;GN;kraj_lub_terytorium;27111100;27111100 - Gaz ziemny skroplony [TJ];;TJ;brak_rekordu_w_api;;;;;;6649739;8212945000062;282
2020;2020;;Gwinea;GN;kraj_lub_terytorium;27112100;27112100 - Gaz ziemny w stanie gazowym [TJ];;TJ;brak_rekordu_w_api;;;;;;6649739;8212898000062;282
2020;2020;;Gwinea Bissau;GW;kraj_lub_terytorium;27111100;27111100 - Gaz ziemny skroplony [TJ];;TJ;brak_rekordu_w_api;;;;;;6649723;8212945000062;282
2020;2020;;Gwinea Bissau;GW;kraj_lub_terytorium;27112100;27112100 - Gaz ziemny w stanie gazowym [TJ];;TJ;brak_rekordu_w_api;;;;;;6649723;8212898000062;282
2020;2020;;Gwinea Równikowa;GQ;kraj_lub_terytorium;27111100;27111100 - Gaz ziemny skroplony [TJ];;TJ;brak_rekordu_w_api;;;;;;6649746;8212945000062;282
2020;2020;;Gwinea Równikowa;GQ;kraj_lub_terytorium;27112100;27112100 - Gaz ziemny w stanie gazowym [TJ];;TJ;brak_rekordu_w_api;;;;;;6649746;8212898000062;282
2020;2020;;Haiti;HT;kraj_lub_terytorium;27111100;27111100 - Gaz ziemny skroplony [TJ];;TJ;brak_rekordu_w_api;;;;;;6649803;8212945000062;282
2020;2020;;Haiti;HT;kraj_lub_terytorium;27112100;27112100 - Gaz ziemny w stanie gazowym [TJ];;TJ;brak_rekordu_w_api;;;;;;6649803;8212898000062;282
2020;2020;;Hiszpania;ES;kraj_lub_terytorium;27111100;27111100 - Gaz ziemny skroplony [TJ];;TJ;brak_rekordu_w_api;;;;;;6649884;8212945000062;282
2020;2020;;Hiszpania;ES;kraj_lub_terytorium;27112100;27112100 - Gaz ziemny w stanie gazowym [TJ];;TJ;brak_rekordu_w_api;;;;;;6649884;8212898000062;282
2020;2020;;Holandia;NL;kraj_lub_terytorium;27111100;27111100 - Gaz ziemny skroplony [TJ];;TJ;brak_rekordu_w_api;;;;;;6649894;8212945000062;282
2020;2020;;Holandia;NL;kraj_lub_terytorium;27112100;27112100 - Gaz ziemny w stanie gazowym [TJ];;TJ;brak_rekordu_w_api;;;;;;6649894;8212898000062;282
2020;2020;;Honduras;HN;kraj_lub_terytorium;27111100;27111100 - Gaz ziemny skroplony [TJ];;TJ;brak_rekordu_w_api;;;;;;6649802;8212945000062;282
2020;2020;;Honduras;HN;kraj_lub_terytorium;27112100;27112100 - Gaz ziemny w stanie gazowym [TJ];;TJ;brak_rekordu_w_api;;;;;;6649802;8212898000062;282
2020;2020;;Hongkong;HK;kraj_lub_terytorium;27111100;27111100 - Gaz ziemny skroplony [TJ];;TJ;brak_rekordu_w_api;;;;;;7475865;8212945000062;282
2020;2020;;Hongkong;HK;kraj_lub_terytorium;27112100;27112100 - Gaz ziemny w stanie gazowym [TJ];;TJ;brak_rekordu_w_api;;;;;;7475865;8212898000062;282
2020;2020;;Indie;IN;kraj_lub_terytorium;27111100;27111100 - Gaz ziemny skroplony [TJ];;TJ;brak_rekordu_w_api;;;;;;6649855;8212945000062;282
2020;2020;;Indie;IN;kraj_lub_terytorium;27112100;27112100 - Gaz ziemny w stanie gazowym [TJ];;TJ;brak_rekordu_w_api;;;;;;6649855;8212898000062;282
2020;2020;;Indonezja;ID;kraj_lub_terytorium;27111100;27111100 - Gaz ziemny skroplony [TJ];;TJ;brak_rekordu_w_api;;;;;;6649854;8212945000062;282
2020;2020;;Indonezja;ID;kraj_lub_terytorium;27112100;27112100 - Gaz ziemny w stanie gazowym [TJ];;TJ;brak_rekordu_w_api;;;;;;6649854;8212898000062;282
2020;2020;;Irak;IQ;kraj_lub_terytorium;27111100;27111100 - Gaz ziemny skroplony [TJ];;TJ;brak_rekordu_w_api;;;;;;6649852;8212945000062;282
2020;2020;;Irak;IQ;kraj_lub_terytorium;27112100;27112100 - Gaz ziemny w stanie gazowym [TJ];;TJ;brak_rekordu_w_api;;;;;;6649852;8212898000062;282
2020;2020;;Iran;IR;kraj_lub_terytorium;27111100;27111100 - Gaz ziemny skroplony [TJ];;TJ;brak_rekordu_w_api;;;;;;6649853;8212945000062;282
2020;2020;;Iran;IR;kraj_lub_terytorium;27112100;27112100 - Gaz ziemny w stanie gazowym [TJ];;TJ;brak_rekordu_w_api;;;;;;6649853;8212898000062;282
2020;2020;;Irlandia;IE;kraj_lub_terytorium;27111100;27111100 - Gaz ziemny skroplony [TJ];;TJ;brak_rekordu_w_api;;;;;;6649904;8212945000062;282
2020;2020;;Irlandia;IE;kraj_lub_terytorium;27112100;27112100 - Gaz ziemny w stanie gazowym [TJ];;TJ;brak_rekordu_w_api;;;;;;6649904;8212898000062;282
2020;2020;;Islandia;IS;kraj_lub_terytorium;27111100;27111100 - Gaz ziemny skroplony [TJ];;TJ;brak_rekordu_w_api;;;;;;6649905;8212945000062;282
2020;2020;;Islandia;IS;kraj_lub_terytorium;27112100;27112100 - Gaz ziemny w stanie gazowym [TJ];;TJ;brak_rekordu_w_api;;;;;;6649905;8212898000062;282
2020;2020;;Izrael;IL;kraj_lub_terytorium;27111100;27111100 - Gaz ziemny skroplony [TJ];;TJ;brak_rekordu_w_api;;;;;;6649851;8212945000062;282
2020;2020;;Izrael;IL;kraj_lub_terytorium;27112100;27112100 - Gaz ziemny w stanie gazowym [TJ];;TJ;brak_rekordu_w_api;;;;;;6649851;8212898000062;282
2020;2020;;Jamajka;JM;kraj_lub_terytorium;27111100;27111100 - Gaz ziemny skroplony [TJ];;TJ;brak_rekordu_w_api;;;;;;6649801;8212945000062;282
2020;2020;;Jamajka;JM;kraj_lub_terytorium;27112100;27112100 - Gaz ziemny w stanie gazowym [TJ];;TJ;brak_rekordu_w_api;;;;;;6649801;8212898000062;282
2020;2020;;Japonia;JP;kraj_lub_terytorium;27111100;27111100 - Gaz ziemny skroplony [TJ];;TJ;brak_rekordu_w_api;;;;;;6649850;8212945000062;282
2020;2020;;Japonia;JP;kraj_lub_terytorium;27112100;27112100 - Gaz ziemny w stanie gazowym [TJ];;TJ;brak_rekordu_w_api;;;;;;6649850;8212898000062;282
2020;2020;;Jemen;YE;kraj_lub_terytorium;27111100;27111100 - Gaz ziemny skroplony [TJ];;TJ;brak_rekordu_w_api;;;;;;6649819;8212945000062;282
2020;2020;;Jemen;YE;kraj_lub_terytorium;27112100;27112100 - Gaz ziemny w stanie gazowym [TJ];;TJ;brak_rekordu_w_api;;;;;;6649819;8212898000062;282
2020;2020;;Jordania;JO;kraj_lub_terytorium;27111100;27111100 - Gaz ziemny skroplony [TJ];;TJ;brak_rekordu_w_api;;;;;;6649848;8212945000062;282
2020;2020;;Jordania;JO;kraj_lub_terytorium;27112100;27112100 - Gaz ziemny w stanie gazowym [TJ];;TJ;brak_rekordu_w_api;;;;;;6649848;8212898000062;282
2020;2020;;Kajmany;KY;kraj_lub_terytorium;27111100;27111100 - Gaz ziemny skroplony [TJ];;TJ;brak_rekordu_w_api;;;;;;6649812;8212945000062;282
2020;2020;;Kajmany;KY;kraj_lub_terytorium;27112100;27112100 - Gaz ziemny w stanie gazowym [TJ];;TJ;brak_rekordu_w_api;;;;;;6649812;8212898000062;282
2020;2020;;Kambodża;KH;kraj_lub_terytorium;27111100;27111100 - Gaz ziemny skroplony [TJ];;TJ;brak_rekordu_w_api;;;;;;6649864;8212945000062;282
2020;2020;;Kambodża;KH;kraj_lub_terytorium;27112100;27112100 - Gaz ziemny w stanie gazowym [TJ];;TJ;brak_rekordu_w_api;;;;;;6649864;8212898000062;282
2020;2020;;Kamerun;CM;kraj_lub_terytorium;27111100;27111100 - Gaz ziemny skroplony [TJ];;TJ;brak_rekordu_w_api;;;;;;6649756;8212945000062;282
2020;2020;;Kamerun;CM;kraj_lub_terytorium;27112100;27112100 - Gaz ziemny w stanie gazowym [TJ];;TJ;brak_rekordu_w_api;;;;;;6649756;8212898000062;282
2020;2020;;Kanada;CA;kraj_lub_terytorium;27111100;27111100 - Gaz ziemny skroplony [TJ];;TJ;brak_rekordu_w_api;;;;;;6649813;8212945000062;282
2020;2020;;Kanada;CA;kraj_lub_terytorium;27112100;27112100 - Gaz ziemny w stanie gazowym [TJ];;TJ;brak_rekordu_w_api;;;;;;6649813;8212898000062;282
2020;2020;;Katar;QA;kraj_lub_terytorium;27111100;27111100 - Gaz ziemny skroplony [TJ];;TJ;brak_rekordu_w_api;;;;;;6649831;8212945000062;282
2020;2020;;Katar;QA;kraj_lub_terytorium;27112100;27112100 - Gaz ziemny w stanie gazowym [TJ];;TJ;brak_rekordu_w_api;;;;;;6649831;8212898000062;282
2020;2020;;Kazachstan;KZ;kraj_lub_terytorium;27111100;27111100 - Gaz ziemny skroplony [TJ];;TJ;brak_rekordu_w_api;;;;;;6649849;8212945000062;282
2020;2020;;Kazachstan;KZ;kraj_lub_terytorium;27112100;27112100 - Gaz ziemny w stanie gazowym [TJ];;TJ;brak_rekordu_w_api;;;;;;6649849;8212898000062;282
2020;2020;;Kenia;KE;kraj_lub_terytorium;27111100;27111100 - Gaz ziemny skroplony [TJ];;TJ;brak_rekordu_w_api;;;;;;6649737;8212945000062;282
2020;2020;;Kenia;KE;kraj_lub_terytorium;27112100;27112100 - Gaz ziemny w stanie gazowym [TJ];;TJ;brak_rekordu_w_api;;;;;;6649737;8212898000062;282
2020;2020;;Kirgistan;KG;kraj_lub_terytorium;27111100;27111100 - Gaz ziemny skroplony [TJ];;TJ;brak_rekordu_w_api;;;;;;6649844;8212945000062;282
2020;2020;;Kirgistan;KG;kraj_lub_terytorium;27112100;27112100 - Gaz ziemny w stanie gazowym [TJ];;TJ;brak_rekordu_w_api;;;;;;6649844;8212898000062;282
2020;2020;;Kiribati;KI;kraj_lub_terytorium;27111100;27111100 - Gaz ziemny skroplony [TJ];;TJ;brak_rekordu_w_api;;;;;;6649694;8212945000062;282
2020;2020;;Kiribati;KI;kraj_lub_terytorium;27112100;27112100 - Gaz ziemny w stanie gazowym [TJ];;TJ;brak_rekordu_w_api;;;;;;6649694;8212898000062;282
2020;2020;;Kolumbia;CO;kraj_lub_terytorium;27111100;27111100 - Gaz ziemny skroplony [TJ];;TJ;brak_rekordu_w_api;;;;;;6649777;8212945000062;282
2020;2020;;Kolumbia;CO;kraj_lub_terytorium;27112100;27112100 - Gaz ziemny w stanie gazowym [TJ];;TJ;brak_rekordu_w_api;;;;;;6649777;8212898000062;282
2020;2020;;Komory;KM;kraj_lub_terytorium;27111100;27111100 - Gaz ziemny skroplony [TJ];;TJ;brak_rekordu_w_api;;;;;;6649752;8212945000062;282
2020;2020;;Komory;KM;kraj_lub_terytorium;27112100;27112100 - Gaz ziemny w stanie gazowym [TJ];;TJ;brak_rekordu_w_api;;;;;;6649752;8212898000062;282
2020;2020;;Kongo;CG;kraj_lub_terytorium;27111100;27111100 - Gaz ziemny skroplony [TJ];;TJ;brak_rekordu_w_api;;;;;;6649749;8212945000062;282
2020;2020;;Kongo;CG;kraj_lub_terytorium;27112100;27112100 - Gaz ziemny w stanie gazowym [TJ];;TJ;brak_rekordu_w_api;;;;;;6649749;8212898000062;282
2020;2020;;Korea Południowa;KR;kraj_lub_terytorium;27111100;27111100 - Gaz ziemny skroplony [TJ];;TJ;brak_rekordu_w_api;;;;;;6649846;8212945000062;282
2020;2020;;Korea Południowa;KR;kraj_lub_terytorium;27112100;27112100 - Gaz ziemny w stanie gazowym [TJ];;TJ;brak_rekordu_w_api;;;;;;6649846;8212898000062;282
2020;2020;;Korea Północna;KP;kraj_lub_terytorium;27111100;27111100 - Gaz ziemny skroplony [TJ];;TJ;brak_rekordu_w_api;;;;;;6649847;8212945000062;282
2020;2020;;Korea Północna;KP;kraj_lub_terytorium;27112100;27112100 - Gaz ziemny w stanie gazowym [TJ];;TJ;brak_rekordu_w_api;;;;;;6649847;8212898000062;282
2020;2020;;Kosowo;XK;kraj_lub_terytorium;27111100;27111100 - Gaz ziemny skroplony [TJ];;TJ;brak_rekordu_w_api;;;;;;6649893;8212945000062;282
2020;2020;;Kosowo;XK;kraj_lub_terytorium;27112100;27112100 - Gaz ziemny w stanie gazowym [TJ];;TJ;brak_rekordu_w_api;;;;;;6649893;8212898000062;282
2020;2020;;Kostaryka;CR;kraj_lub_terytorium;27111100;27111100 - Gaz ziemny skroplony [TJ];;TJ;brak_rekordu_w_api;;;;;;6649811;8212945000062;282
2020;2020;;Kostaryka;CR;kraj_lub_terytorium;27112100;27112100 - Gaz ziemny w stanie gazowym [TJ];;TJ;brak_rekordu_w_api;;;;;;6649811;8212898000062;282
2020;2020;;Kuba;CU;kraj_lub_terytorium;27111100;27111100 - Gaz ziemny skroplony [TJ];;TJ;brak_rekordu_w_api;;;;;;6649810;8212945000062;282
2020;2020;;Kuba;CU;kraj_lub_terytorium;27112100;27112100 - Gaz ziemny w stanie gazowym [TJ];;TJ;brak_rekordu_w_api;;;;;;6649810;8212898000062;282
2020;2020;;Kuwejt;KW;kraj_lub_terytorium;27111100;27111100 - Gaz ziemny skroplony [TJ];;TJ;brak_rekordu_w_api;;;;;;6649845;8212945000062;282
2020;2020;;Kuwejt;KW;kraj_lub_terytorium;27112100;27112100 - Gaz ziemny w stanie gazowym [TJ];;TJ;brak_rekordu_w_api;;;;;;6649845;8212898000062;282
2020;2020;;Laos;LA;kraj_lub_terytorium;27111100;27111100 - Gaz ziemny skroplony [TJ];;TJ;brak_rekordu_w_api;;;;;;6649843;8212945000062;282
2020;2020;;Laos;LA;kraj_lub_terytorium;27112100;27112100 - Gaz ziemny w stanie gazowym [TJ];;TJ;brak_rekordu_w_api;;;;;;6649843;8212898000062;282
2020;2020;;Lesotho;LS;kraj_lub_terytorium;27111100;27111100 - Gaz ziemny skroplony [TJ];;TJ;brak_rekordu_w_api;;;;;;6649736;8212945000062;282
2020;2020;;Lesotho;LS;kraj_lub_terytorium;27112100;27112100 - Gaz ziemny w stanie gazowym [TJ];;TJ;brak_rekordu_w_api;;;;;;6649736;8212898000062;282
2020;2020;;Liban;LB;kraj_lub_terytorium;27111100;27111100 - Gaz ziemny skroplony [TJ];;TJ;brak_rekordu_w_api;;;;;;6649841;8212945000062;282
2020;2020;;Liban;LB;kraj_lub_terytorium;27112100;27112100 - Gaz ziemny w stanie gazowym [TJ];;TJ;brak_rekordu_w_api;;;;;;6649841;8212898000062;282
2020;2020;;Liberia;LR;kraj_lub_terytorium;27111100;27111100 - Gaz ziemny skroplony [TJ];;TJ;brak_rekordu_w_api;;;;;;6649735;8212945000062;282
2020;2020;;Liberia;LR;kraj_lub_terytorium;27112100;27112100 - Gaz ziemny w stanie gazowym [TJ];;TJ;brak_rekordu_w_api;;;;;;6649735;8212898000062;282
2020;2020;;Libia;LY;kraj_lub_terytorium;27111100;27111100 - Gaz ziemny skroplony [TJ];;TJ;brak_rekordu_w_api;;;;;;6649734;8212945000062;282
2020;2020;;Libia;LY;kraj_lub_terytorium;27112100;27112100 - Gaz ziemny w stanie gazowym [TJ];;TJ;brak_rekordu_w_api;;;;;;6649734;8212898000062;282
2020;2020;;Liechtenstein;LI;kraj_lub_terytorium;27111100;27111100 - Gaz ziemny skroplony [TJ];;TJ;brak_rekordu_w_api;;;;;;6649901;8212945000062;282
2020;2020;;Liechtenstein;LI;kraj_lub_terytorium;27112100;27112100 - Gaz ziemny w stanie gazowym [TJ];;TJ;brak_rekordu_w_api;;;;;;6649901;8212898000062;282
2020;2020;;Litwa;LT;kraj_lub_terytorium;27111100;27111100 - Gaz ziemny skroplony [TJ];17,0;TJ;wartosc_opublikowana;Dane ostateczne;Dane jawne;Nie dotyczy;;1;6649900;8212945000062;282
2020;2020;;Litwa;LT;kraj_lub_terytorium;27112100;27112100 - Gaz ziemny w stanie gazowym [TJ];;TJ;brak_rekordu_w_api;;;;;;6649900;8212898000062;282
2020;2020;;Luksemburg;LU;kraj_lub_terytorium;27111100;27111100 - Gaz ziemny skroplony [TJ];;TJ;brak_rekordu_w_api;;;;;;6649899;8212945000062;282
2020;2020;;Luksemburg;LU;kraj_lub_terytorium;27112100;27112100 - Gaz ziemny w stanie gazowym [TJ];;TJ;brak_rekordu_w_api;;;;;;6649899;8212898000062;282
2020;2020;;Macedonia Północna;MK;kraj_lub_terytorium;27111100;27111100 - Gaz ziemny skroplony [TJ];;TJ;brak_rekordu_w_api;;;;;;7437335;8212945000062;282
2020;2020;;Macedonia Północna;MK;kraj_lub_terytorium;27112100;27112100 - Gaz ziemny w stanie gazowym [TJ];;TJ;brak_rekordu_w_api;;;;;;7437335;8212898000062;282
2020;2020;;Madagaskar;MG;kraj_lub_terytorium;27111100;27111100 - Gaz ziemny skroplony [TJ];;TJ;brak_rekordu_w_api;;;;;;6649733;8212945000062;282
2020;2020;;Madagaskar;MG;kraj_lub_terytorium;27112100;27112100 - Gaz ziemny w stanie gazowym [TJ];;TJ;brak_rekordu_w_api;;;;;;6649733;8212898000062;282
2020;2020;;Majotta;YT;kraj_lub_terytorium;27111100;27111100 - Gaz ziemny skroplony [TJ];;TJ;brak_rekordu_w_api;;;;;;6649751;8212945000062;282
2020;2020;;Majotta;YT;kraj_lub_terytorium;27112100;27112100 - Gaz ziemny w stanie gazowym [TJ];;TJ;brak_rekordu_w_api;;;;;;6649751;8212898000062;282
2020;2020;;Makau;MO;kraj_lub_terytorium;27111100;27111100 - Gaz ziemny skroplony [TJ];;TJ;brak_rekordu_w_api;;;;;;7548214;8212945000062;282
2020;2020;;Makau;MO;kraj_lub_terytorium;27112100;27112100 - Gaz ziemny w stanie gazowym [TJ];;TJ;brak_rekordu_w_api;;;;;;7548214;8212898000062;282
2020;2020;;Malawi;MW;kraj_lub_terytorium;27111100;27111100 - Gaz ziemny skroplony [TJ];;TJ;brak_rekordu_w_api;;;;;;6649732;8212945000062;282
2020;2020;;Malawi;MW;kraj_lub_terytorium;27112100;27112100 - Gaz ziemny w stanie gazowym [TJ];;TJ;brak_rekordu_w_api;;;;;;6649732;8212898000062;282
2020;2020;;Malediwy;MV;kraj_lub_terytorium;27111100;27111100 - Gaz ziemny skroplony [TJ];;TJ;brak_rekordu_w_api;;;;;;6649838;8212945000062;282
2020;2020;;Malediwy;MV;kraj_lub_terytorium;27112100;27112100 - Gaz ziemny w stanie gazowym [TJ];;TJ;brak_rekordu_w_api;;;;;;6649838;8212898000062;282
2020;2020;;Malezja;MY;kraj_lub_terytorium;27111100;27111100 - Gaz ziemny skroplony [TJ];;TJ;brak_rekordu_w_api;;;;;;6649839;8212945000062;282
2020;2020;;Malezja;MY;kraj_lub_terytorium;27112100;27112100 - Gaz ziemny w stanie gazowym [TJ];;TJ;brak_rekordu_w_api;;;;;;6649839;8212898000062;282
2020;2020;;Mali;ML;kraj_lub_terytorium;27111100;27111100 - Gaz ziemny skroplony [TJ];;TJ;brak_rekordu_w_api;;;;;;6649731;8212945000062;282
2020;2020;;Mali;ML;kraj_lub_terytorium;27112100;27112100 - Gaz ziemny w stanie gazowym [TJ];;TJ;brak_rekordu_w_api;;;;;;6649731;8212898000062;282
2020;2020;;Malta;MT;kraj_lub_terytorium;27111100;27111100 - Gaz ziemny skroplony [TJ];;TJ;brak_rekordu_w_api;;;;;;6649898;8212945000062;282
2020;2020;;Malta;MT;kraj_lub_terytorium;27112100;27112100 - Gaz ziemny w stanie gazowym [TJ];;TJ;brak_rekordu_w_api;;;;;;6649898;8212898000062;282
2020;2020;;Mariany Północne;MP;kraj_lub_terytorium;27111100;27111100 - Gaz ziemny skroplony [TJ];;TJ;brak_rekordu_w_api;;;;;;6649684;8212945000062;282
2020;2020;;Mariany Północne;MP;kraj_lub_terytorium;27112100;27112100 - Gaz ziemny w stanie gazowym [TJ];;TJ;brak_rekordu_w_api;;;;;;6649684;8212898000062;282
2020;2020;;Maroko;MA;kraj_lub_terytorium;27111100;27111100 - Gaz ziemny skroplony [TJ];;TJ;brak_rekordu_w_api;;;;;;6649728;8212945000062;282
2020;2020;;Maroko;MA;kraj_lub_terytorium;27112100;27112100 - Gaz ziemny w stanie gazowym [TJ];;TJ;brak_rekordu_w_api;;;;;;6649728;8212898000062;282
2020;2020;;Mauretania;MR;kraj_lub_terytorium;27111100;27111100 - Gaz ziemny skroplony [TJ];;TJ;brak_rekordu_w_api;;;;;;6649730;8212945000062;282
2020;2020;;Mauretania;MR;kraj_lub_terytorium;27112100;27112100 - Gaz ziemny w stanie gazowym [TJ];;TJ;brak_rekordu_w_api;;;;;;6649730;8212898000062;282
2020;2020;;Mauritius;MU;kraj_lub_terytorium;27111100;27111100 - Gaz ziemny skroplony [TJ];;TJ;brak_rekordu_w_api;;;;;;6649729;8212945000062;282
2020;2020;;Mauritius;MU;kraj_lub_terytorium;27112100;27112100 - Gaz ziemny w stanie gazowym [TJ];;TJ;brak_rekordu_w_api;;;;;;6649729;8212898000062;282
2020;2020;;Małe Oddalone Wyspy Stanów Zjednoczonych;UM;kraj_lub_terytorium;27111100;27111100 - Gaz ziemny skroplony [TJ];;TJ;brak_rekordu_w_api;;;;;;7548583;8212945000062;282
2020;2020;;Małe Oddalone Wyspy Stanów Zjednoczonych;UM;kraj_lub_terytorium;27112100;27112100 - Gaz ziemny w stanie gazowym [TJ];;TJ;brak_rekordu_w_api;;;;;;7548583;8212898000062;282
2020;2020;;Meksyk;MX;kraj_lub_terytorium;27111100;27111100 - Gaz ziemny skroplony [TJ];;TJ;brak_rekordu_w_api;;;;;;6649799;8212945000062;282
2020;2020;;Meksyk;MX;kraj_lub_terytorium;27112100;27112100 - Gaz ziemny w stanie gazowym [TJ];;TJ;brak_rekordu_w_api;;;;;;6649799;8212898000062;282
2020;2020;;Melilla;XL;kraj_lub_terytorium;27111100;27111100 - Gaz ziemny skroplony [TJ];;TJ;brak_rekordu_w_api;;;;;;6649761;8212945000062;282
2020;2020;;Melilla;XL;kraj_lub_terytorium;27112100;27112100 - Gaz ziemny w stanie gazowym [TJ];;TJ;brak_rekordu_w_api;;;;;;6649761;8212898000062;282
2020;2020;;Mikronezja;FM;kraj_lub_terytorium;27111100;27111100 - Gaz ziemny skroplony [TJ];;TJ;brak_rekordu_w_api;;;;;;6649682;8212945000062;282
2020;2020;;Mikronezja;FM;kraj_lub_terytorium;27112100;27112100 - Gaz ziemny w stanie gazowym [TJ];;TJ;brak_rekordu_w_api;;;;;;6649682;8212898000062;282
2020;2020;;Mjanma (Birma);MM;kraj_lub_terytorium;27111100;27111100 - Gaz ziemny skroplony [TJ];;TJ;brak_rekordu_w_api;;;;;;6649865;8212945000062;282
2020;2020;;Mjanma (Birma);MM;kraj_lub_terytorium;27112100;27112100 - Gaz ziemny w stanie gazowym [TJ];;TJ;brak_rekordu_w_api;;;;;;6649865;8212898000062;282
2020;2020;;Mongolia;MN;kraj_lub_terytorium;27111100;27111100 - Gaz ziemny skroplony [TJ];;TJ;brak_rekordu_w_api;;;;;;6649837;8212945000062;282
2020;2020;;Mongolia;MN;kraj_lub_terytorium;27112100;27112100 - Gaz ziemny w stanie gazowym [TJ];;TJ;brak_rekordu_w_api;;;;;;6649837;8212898000062;282
2020;2020;;Montserrat;MS;kraj_lub_terytorium;27111100;27111100 - Gaz ziemny skroplony [TJ];;TJ;brak_rekordu_w_api;;;;;;6649798;8212945000062;282
2020;2020;;Montserrat;MS;kraj_lub_terytorium;27112100;27112100 - Gaz ziemny w stanie gazowym [TJ];;TJ;brak_rekordu_w_api;;;;;;6649798;8212898000062;282
2020;2020;;Mozambik;MZ;kraj_lub_terytorium;27111100;27111100 - Gaz ziemny skroplony [TJ];;TJ;brak_rekordu_w_api;;;;;;6649727;8212945000062;282
2020;2020;;Mozambik;MZ;kraj_lub_terytorium;27112100;27112100 - Gaz ziemny w stanie gazowym [TJ];;TJ;brak_rekordu_w_api;;;;;;6649727;8212898000062;282
2020;2020;;Mołdawia;MD;kraj_lub_terytorium;27111100;27111100 - Gaz ziemny skroplony [TJ];;TJ;brak_rekordu_w_api;;;;;;6649896;8212945000062;282
2020;2020;;Mołdawia;MD;kraj_lub_terytorium;27112100;27112100 - Gaz ziemny w stanie gazowym [TJ];;TJ;brak_rekordu_w_api;;;;;;6649896;8212898000062;282
2020;2020;;Namibia;NA;kraj_lub_terytorium;27111100;27111100 - Gaz ziemny skroplony [TJ];;TJ;brak_rekordu_w_api;;;;;;6649726;8212945000062;282
2020;2020;;Namibia;NA;kraj_lub_terytorium;27112100;27112100 - Gaz ziemny w stanie gazowym [TJ];;TJ;brak_rekordu_w_api;;;;;;6649726;8212898000062;282
2020;2020;;Nauru;NR;kraj_lub_terytorium;27111100;27111100 - Gaz ziemny skroplony [TJ];;TJ;brak_rekordu_w_api;;;;;;6649690;8212945000062;282
2020;2020;;Nauru;NR;kraj_lub_terytorium;27112100;27112100 - Gaz ziemny w stanie gazowym [TJ];;TJ;brak_rekordu_w_api;;;;;;6649690;8212898000062;282
2020;2020;;Nepal;NP;kraj_lub_terytorium;27111100;27111100 - Gaz ziemny skroplony [TJ];;TJ;brak_rekordu_w_api;;;;;;6649835;8212945000062;282
2020;2020;;Nepal;NP;kraj_lub_terytorium;27112100;27112100 - Gaz ziemny w stanie gazowym [TJ];;TJ;brak_rekordu_w_api;;;;;;6649835;8212898000062;282
2020;2020;;Niemcy;DE;kraj_lub_terytorium;27111100;27111100 - Gaz ziemny skroplony [TJ];597,0;TJ;wartosc_opublikowana;Dane ostateczne;Dane jawne;Nie dotyczy;;1;6649910;8212945000062;282
2020;2020;;Niemcy;DE;kraj_lub_terytorium;27112100;27112100 - Gaz ziemny w stanie gazowym [TJ];1,0;TJ;wartosc_opublikowana;Dane ostateczne;Dane jawne;Nie dotyczy;;1;6649910;8212898000062;282
2020;2020;;Niew.kr.i teryt, p. handl.i mil;QX;kategoria_specjalna;27111100;27111100 - Gaz ziemny skroplony [TJ];;TJ;brak_rekordu_w_api;;;;;;7276956;8212945000062;282
2020;2020;;Niew.kr.i teryt, p. handl.i mil;QX;kategoria_specjalna;27112100;27112100 - Gaz ziemny w stanie gazowym [TJ];;TJ;brak_rekordu_w_api;;;;;;7276956;8212898000062;282
2020;2020;;Niewyszczególnione kr. i teryt.;QU;kategoria_specjalna;27111100;27111100 - Gaz ziemny skroplony [TJ];;TJ;brak_rekordu_w_api;;;;;;7276957;8212945000062;282
2020;2020;;Niewyszczególnione kr. i teryt.;QU;kategoria_specjalna;27112100;27112100 - Gaz ziemny w stanie gazowym [TJ];;TJ;brak_rekordu_w_api;;;;;;7276957;8212898000062;282
2020;2020;;Nieznany kraj;_no;kategoria_specjalna;27111100;27111100 - Gaz ziemny skroplony [TJ];;TJ;brak_rekordu_w_api;;;;;;7639645;8212945000062;282
2020;2020;;Nieznany kraj;_no;kategoria_specjalna;27112100;27112100 - Gaz ziemny w stanie gazowym [TJ];;TJ;brak_rekordu_w_api;;;;;;7639645;8212898000062;282
2020;2020;;Niger;NE;kraj_lub_terytorium;27111100;27111100 - Gaz ziemny skroplony [TJ];;TJ;brak_rekordu_w_api;;;;;;6649725;8212945000062;282
2020;2020;;Niger;NE;kraj_lub_terytorium;27112100;27112100 - Gaz ziemny w stanie gazowym [TJ];;TJ;brak_rekordu_w_api;;;;;;6649725;8212898000062;282
2020;2020;;Nigeria;NG;kraj_lub_terytorium;27111100;27111100 - Gaz ziemny skroplony [TJ];;TJ;brak_rekordu_w_api;;;;;;6649724;8212945000062;282
2020;2020;;Nigeria;NG;kraj_lub_terytorium;27112100;27112100 - Gaz ziemny w stanie gazowym [TJ];;TJ;brak_rekordu_w_api;;;;;;6649724;8212898000062;282
2020;2020;;Nikaragua;NI;kraj_lub_terytorium;27111100;27111100 - Gaz ziemny skroplony [TJ];;TJ;brak_rekordu_w_api;;;;;;6649795;8212945000062;282
2020;2020;;Nikaragua;NI;kraj_lub_terytorium;27112100;27112100 - Gaz ziemny w stanie gazowym [TJ];;TJ;brak_rekordu_w_api;;;;;;6649795;8212898000062;282
2020;2020;;Niue;NU;kraj_lub_terytorium;27111100;27111100 - Gaz ziemny skroplony [TJ];;TJ;brak_rekordu_w_api;;;;;;6649686;8212945000062;282
2020;2020;;Niue;NU;kraj_lub_terytorium;27112100;27112100 - Gaz ziemny w stanie gazowym [TJ];;TJ;brak_rekordu_w_api;;;;;;6649686;8212898000062;282
2020;2020;;Norfolk;NF;kraj_lub_terytorium;27111100;27111100 - Gaz ziemny skroplony [TJ];;TJ;brak_rekordu_w_api;;;;;;6649685;8212945000062;282
2020;2020;;Norfolk;NF;kraj_lub_terytorium;27112100;27112100 - Gaz ziemny w stanie gazowym [TJ];;TJ;brak_rekordu_w_api;;;;;;6649685;8212898000062;282
2020;2020;;Norwegia;NO;kraj_lub_terytorium;27111100;27111100 - Gaz ziemny skroplony [TJ];;TJ;brak_rekordu_w_api;;;;;;6649892;8212945000062;282
2020;2020;;Norwegia;NO;kraj_lub_terytorium;27112100;27112100 - Gaz ziemny w stanie gazowym [TJ];;TJ;brak_rekordu_w_api;;;;;;6649892;8212898000062;282
2020;2020;;Nowa Kaledonia;NC;kraj_lub_terytorium;27111100;27111100 - Gaz ziemny skroplony [TJ];;TJ;brak_rekordu_w_api;;;;;;6649689;8212945000062;282
2020;2020;;Nowa Kaledonia;NC;kraj_lub_terytorium;27112100;27112100 - Gaz ziemny w stanie gazowym [TJ];;TJ;brak_rekordu_w_api;;;;;;6649689;8212898000062;282
2020;2020;;Nowa Zelandia;NZ;kraj_lub_terytorium;27111100;27111100 - Gaz ziemny skroplony [TJ];;TJ;brak_rekordu_w_api;;;;;;6649687;8212945000062;282
2020;2020;;Nowa Zelandia;NZ;kraj_lub_terytorium;27112100;27112100 - Gaz ziemny w stanie gazowym [TJ];;TJ;brak_rekordu_w_api;;;;;;6649687;8212898000062;282
2020;2020;;Oman;OM;kraj_lub_terytorium;27111100;27111100 - Gaz ziemny skroplony [TJ];;TJ;brak_rekordu_w_api;;;;;;6649836;8212945000062;282
2020;2020;;Oman;OM;kraj_lub_terytorium;27112100;27112100 - Gaz ziemny w stanie gazowym [TJ];;TJ;brak_rekordu_w_api;;;;;;6649836;8212898000062;282
2020;2020;;Pakistan;PK;kraj_lub_terytorium;27111100;27111100 - Gaz ziemny skroplony [TJ];;TJ;brak_rekordu_w_api;;;;;;6649834;8212945000062;282
2020;2020;;Pakistan;PK;kraj_lub_terytorium;27112100;27112100 - Gaz ziemny w stanie gazowym [TJ];;TJ;brak_rekordu_w_api;;;;;;6649834;8212898000062;282
2020;2020;;Palau;PW;kraj_lub_terytorium;27111100;27111100 - Gaz ziemny skroplony [TJ];;TJ;brak_rekordu_w_api;;;;;;6649680;8212945000062;282
2020;2020;;Palau;PW;kraj_lub_terytorium;27112100;27112100 - Gaz ziemny w stanie gazowym [TJ];;TJ;brak_rekordu_w_api;;;;;;6649680;8212898000062;282
2020;2020;;Palestyna;PS;kraj_lub_terytorium;27111100;27111100 - Gaz ziemny skroplony [TJ];;TJ;brak_rekordu_w_api;;;;;;6649857;8212945000062;282
2020;2020;;Palestyna;PS;kraj_lub_terytorium;27112100;27112100 - Gaz ziemny w stanie gazowym [TJ];;TJ;brak_rekordu_w_api;;;;;;6649857;8212898000062;282
2020;2020;;Panama;PA;kraj_lub_terytorium;27111100;27111100 - Gaz ziemny skroplony [TJ];;TJ;brak_rekordu_w_api;;;;;;6649794;8212945000062;282
2020;2020;;Panama;PA;kraj_lub_terytorium;27112100;27112100 - Gaz ziemny w stanie gazowym [TJ];;TJ;brak_rekordu_w_api;;;;;;6649794;8212898000062;282
2020;2020;;Papua-Nowa Gwinea;PG;kraj_lub_terytorium;27111100;27111100 - Gaz ziemny skroplony [TJ];;TJ;brak_rekordu_w_api;;;;;;6649679;8212945000062;282
2020;2020;;Papua-Nowa Gwinea;PG;kraj_lub_terytorium;27112100;27112100 - Gaz ziemny w stanie gazowym [TJ];;TJ;brak_rekordu_w_api;;;;;;6649679;8212898000062;282
2020;2020;;Paragwaj;PY;kraj_lub_terytorium;27111100;27111100 - Gaz ziemny skroplony [TJ];;TJ;brak_rekordu_w_api;;;;;;6649768;8212945000062;282
2020;2020;;Paragwaj;PY;kraj_lub_terytorium;27112100;27112100 - Gaz ziemny w stanie gazowym [TJ];;TJ;brak_rekordu_w_api;;;;;;6649768;8212898000062;282
2020;2020;;Peru;PE;kraj_lub_terytorium;27111100;27111100 - Gaz ziemny skroplony [TJ];;TJ;brak_rekordu_w_api;;;;;;6649767;8212945000062;282
2020;2020;;Peru;PE;kraj_lub_terytorium;27112100;27112100 - Gaz ziemny w stanie gazowym [TJ];;TJ;brak_rekordu_w_api;;;;;;6649767;8212898000062;282
2020;2020;;Pełne morze;QP;kategoria_specjalna;27111100;27111100 - Gaz ziemny skroplony [TJ];;TJ;brak_rekordu_w_api;;;;;;7277327;8212945000062;282
2020;2020;;Pełne morze;QP;kategoria_specjalna;27112100;27112100 - Gaz ziemny w stanie gazowym [TJ];;TJ;brak_rekordu_w_api;;;;;;7277327;8212898000062;282
2020;2020;;Pitcairn;PN;kraj_lub_terytorium;27111100;27111100 - Gaz ziemny skroplony [TJ];;TJ;brak_rekordu_w_api;;;;;;6649678;8212945000062;282
2020;2020;;Pitcairn;PN;kraj_lub_terytorium;27112100;27112100 - Gaz ziemny w stanie gazowym [TJ];;TJ;brak_rekordu_w_api;;;;;;6649678;8212898000062;282
2020;2020;;Polinezja Francuska;PF;kraj_lub_terytorium;27111100;27111100 - Gaz ziemny skroplony [TJ];;TJ;brak_rekordu_w_api;;;;;;6649695;8212945000062;282
2020;2020;;Polinezja Francuska;PF;kraj_lub_terytorium;27112100;27112100 - Gaz ziemny w stanie gazowym [TJ];;TJ;brak_rekordu_w_api;;;;;;6649695;8212898000062;282
2020;2020;;Polska;PL;kraj_lub_terytorium;27111100;27111100 - Gaz ziemny skroplony [TJ];;TJ;brak_rekordu_w_api;;;;;;6649891;8212945000062;282
2020;2020;;Polska;PL;kraj_lub_terytorium;27112100;27112100 - Gaz ziemny w stanie gazowym [TJ];;TJ;brak_rekordu_w_api;;;;;;6649891;8212898000062;282
2020;2020;;Portugalia;PT;kraj_lub_terytorium;27111100;27111100 - Gaz ziemny skroplony [TJ];;TJ;brak_rekordu_w_api;;;;;;6649890;8212945000062;282
2020;2020;;Portugalia;PT;kraj_lub_terytorium;27112100;27112100 - Gaz ziemny w stanie gazowym [TJ];;TJ;brak_rekordu_w_api;;;;;;6649890;8212898000062;282
2020;2020;;Południowa Afryka;ZA;kraj_lub_terytorium;27111100;27111100 - Gaz ziemny skroplony [TJ];;TJ;brak_rekordu_w_api;;;;;;7548785;8212945000062;282
2020;2020;;Południowa Afryka;ZA;kraj_lub_terytorium;27112100;27112100 - Gaz ziemny w stanie gazowym [TJ];;TJ;brak_rekordu_w_api;;;;;;7548785;8212898000062;282
2020;2020;;QQ w ramach handlu z UE;QR;kategoria_specjalna;27111100;27111100 - Gaz ziemny skroplony [TJ];;TJ;brak_rekordu_w_api;;;;;;7277330;8212945000062;282
2020;2020;;QQ w ramach handlu z UE;QR;kategoria_specjalna;27112100;27112100 - Gaz ziemny w stanie gazowym [TJ];;TJ;brak_rekordu_w_api;;;;;;7277330;8212898000062;282
2020;2020;;QQ w ramach handlu z kr.trzecimi;QS;kategoria_specjalna;27111100;27111100 - Gaz ziemny skroplony [TJ];;TJ;brak_rekordu_w_api;;;;;;7277331;8212945000062;282
2020;2020;;QQ w ramach handlu z kr.trzecimi;QS;kategoria_specjalna;27112100;27112100 - Gaz ziemny w stanie gazowym [TJ];;TJ;brak_rekordu_w_api;;;;;;7277331;8212898000062;282
2020;2020;;QU w ramach handlu z UE;QV;kategoria_specjalna;27111100;27111100 - Gaz ziemny skroplony [TJ];;TJ;brak_rekordu_w_api;;;;;;7277396;8212945000062;282
2020;2020;;QU w ramach handlu z UE;QV;kategoria_specjalna;27112100;27112100 - Gaz ziemny w stanie gazowym [TJ];;TJ;brak_rekordu_w_api;;;;;;7277396;8212898000062;282
2020;2020;;QU w ramach handlu z kr.trzecimi;QW;kategoria_specjalna;27111100;27111100 - Gaz ziemny skroplony [TJ];;TJ;brak_rekordu_w_api;;;;;;7277333;8212945000062;282
2020;2020;;QU w ramach handlu z kr.trzecimi;QW;kategoria_specjalna;27112100;27112100 - Gaz ziemny w stanie gazowym [TJ];;TJ;brak_rekordu_w_api;;;;;;7277333;8212898000062;282
2020;2020;;QX w ramach handlu z UE;QY;kategoria_specjalna;27111100;27111100 - Gaz ziemny skroplony [TJ];;TJ;brak_rekordu_w_api;;;;;;7277399;8212945000062;282
2020;2020;;QX w ramach handlu z UE;QY;kategoria_specjalna;27112100;27112100 - Gaz ziemny w stanie gazowym [TJ];;TJ;brak_rekordu_w_api;;;;;;7277399;8212898000062;282
2020;2020;;QX w ramach handlu z kr.trzecimi;QZ;kategoria_specjalna;27111100;27111100 - Gaz ziemny skroplony [TJ];;TJ;brak_rekordu_w_api;;;;;;7277397;8212945000062;282
2020;2020;;QX w ramach handlu z kr.trzecimi;QZ;kategoria_specjalna;27112100;27112100 - Gaz ziemny w stanie gazowym [TJ];;TJ;brak_rekordu_w_api;;;;;;7277397;8212898000062;282
2020;2020;;Republika Zielonego Przylądka;CV;kraj_lub_terytorium;27111100;27111100 - Gaz ziemny skroplony [TJ];;TJ;brak_rekordu_w_api;;;;;;7473154;8212945000062;282
2020;2020;;Republika Zielonego Przylądka;CV;kraj_lub_terytorium;27112100;27112100 - Gaz ziemny w stanie gazowym [TJ];;TJ;brak_rekordu_w_api;;;;;;7473154;8212898000062;282
2020;2020;;Republika Środkowoafrykańska;CF;kraj_lub_terytorium;27111100;27111100 - Gaz ziemny skroplony [TJ];;TJ;brak_rekordu_w_api;;;;;;6649754;8212945000062;282
2020;2020;;Republika Środkowoafrykańska;CF;kraj_lub_terytorium;27112100;27112100 - Gaz ziemny w stanie gazowym [TJ];;TJ;brak_rekordu_w_api;;;;;;6649754;8212898000062;282
2020;2020;;Rosja;RU;kraj_lub_terytorium;27111100;27111100 - Gaz ziemny skroplony [TJ];;TJ;brak_rekordu_w_api;;;;;;6649888;8212945000062;282
2020;2020;;Rosja;RU;kraj_lub_terytorium;27112100;27112100 - Gaz ziemny w stanie gazowym [TJ];;TJ;brak_rekordu_w_api;;;;;;6649888;8212898000062;282
2020;2020;;Rumunia;RO;kraj_lub_terytorium;27111100;27111100 - Gaz ziemny skroplony [TJ];;TJ;brak_rekordu_w_api;;;;;;6649889;8212945000062;282
2020;2020;;Rumunia;RO;kraj_lub_terytorium;27112100;27112100 - Gaz ziemny w stanie gazowym [TJ];;TJ;brak_rekordu_w_api;;;;;;6649889;8212898000062;282
2020;2020;;Rwanda;RW;kraj_lub_terytorium;27111100;27111100 - Gaz ziemny skroplony [TJ];;TJ;brak_rekordu_w_api;;;;;;6649721;8212945000062;282
2020;2020;;Rwanda;RW;kraj_lub_terytorium;27112100;27112100 - Gaz ziemny w stanie gazowym [TJ];;TJ;brak_rekordu_w_api;;;;;;6649721;8212898000062;282
2020;2020;;Sahara Zachodnia;EH;kraj_lub_terytorium;27111100;27111100 - Gaz ziemny skroplony [TJ];;TJ;brak_rekordu_w_api;;;;;;6649711;8212945000062;282
2020;2020;;Sahara Zachodnia;EH;kraj_lub_terytorium;27112100;27112100 - Gaz ziemny w stanie gazowym [TJ];;TJ;brak_rekordu_w_api;;;;;;6649711;8212898000062;282
2020;2020;;Saint  Pierre i Miquelon;PM;kraj_lub_terytorium;27111100;27111100 - Gaz ziemny skroplony [TJ];;TJ;brak_rekordu_w_api;;;;;;6649787;8212945000062;282
2020;2020;;Saint  Pierre i Miquelon;PM;kraj_lub_terytorium;27112100;27112100 - Gaz ziemny w stanie gazowym [TJ];;TJ;brak_rekordu_w_api;;;;;;6649787;8212898000062;282
2020;2020;;Saint Kitts i Nevis;KN;kraj_lub_terytorium;27111100;27111100 - Gaz ziemny skroplony [TJ];;TJ;brak_rekordu_w_api;;;;;;6649791;8212945000062;282
2020;2020;;Saint Kitts i Nevis;KN;kraj_lub_terytorium;27112100;27112100 - Gaz ziemny w stanie gazowym [TJ];;TJ;brak_rekordu_w_api;;;;;;6649791;8212898000062;282
2020;2020;;Saint Lucia;LC;kraj_lub_terytorium;27111100;27111100 - Gaz ziemny skroplony [TJ];;TJ;brak_rekordu_w_api;;;;;;6649789;8212945000062;282
2020;2020;;Saint Lucia;LC;kraj_lub_terytorium;27112100;27112100 - Gaz ziemny w stanie gazowym [TJ];;TJ;brak_rekordu_w_api;;;;;;6649789;8212898000062;282
2020;2020;;Saint Vincent i Grenadyny;VC;kraj_lub_terytorium;27111100;27111100 - Gaz ziemny skroplony [TJ];;TJ;brak_rekordu_w_api;;;;;;6649786;8212945000062;282
2020;2020;;Saint Vincent i Grenadyny;VC;kraj_lub_terytorium;27112100;27112100 - Gaz ziemny w stanie gazowym [TJ];;TJ;brak_rekordu_w_api;;;;;;6649786;8212898000062;282
2020;2020;;Saint-Barthélemy;BL;kraj_lub_terytorium;27111100;27111100 - Gaz ziemny skroplony [TJ];;TJ;brak_rekordu_w_api;;;;;;7463787;8212945000062;282
2020;2020;;Saint-Barthélemy;BL;kraj_lub_terytorium;27112100;27112100 - Gaz ziemny w stanie gazowym [TJ];;TJ;brak_rekordu_w_api;;;;;;7463787;8212898000062;282
2020;2020;;Salwador;SV;kraj_lub_terytorium;27111100;27111100 - Gaz ziemny skroplony [TJ];;TJ;brak_rekordu_w_api;;;;;;6649808;8212945000062;282
2020;2020;;Salwador;SV;kraj_lub_terytorium;27112100;27112100 - Gaz ziemny w stanie gazowym [TJ];;TJ;brak_rekordu_w_api;;;;;;6649808;8212898000062;282
2020;2020;;Samoa;WS;kraj_lub_terytorium;27111100;27111100 - Gaz ziemny skroplony [TJ];;TJ;brak_rekordu_w_api;;;;;;6649672;8212945000062;282
2020;2020;;Samoa;WS;kraj_lub_terytorium;27112100;27112100 - Gaz ziemny w stanie gazowym [TJ];;TJ;brak_rekordu_w_api;;;;;;6649672;8212898000062;282
2020;2020;;Samoa Amerykańskie;AS;kraj_lub_terytorium;27111100;27111100 - Gaz ziemny skroplony [TJ];;TJ;brak_rekordu_w_api;;;;;;6649700;8212945000062;282
2020;2020;;Samoa Amerykańskie;AS;kraj_lub_terytorium;27112100;27112100 - Gaz ziemny w stanie gazowym [TJ];;TJ;brak_rekordu_w_api;;;;;;6649700;8212898000062;282
2020;2020;;San Marino;SM;kraj_lub_terytorium;27111100;27111100 - Gaz ziemny skroplony [TJ];;TJ;brak_rekordu_w_api;;;;;;6649887;8212945000062;282
2020;2020;;San Marino;SM;kraj_lub_terytorium;27112100;27112100 - Gaz ziemny w stanie gazowym [TJ];;TJ;brak_rekordu_w_api;;;;;;6649887;8212898000062;282
2020;2020;;Senegal;SN;kraj_lub_terytorium;27111100;27111100 - Gaz ziemny skroplony [TJ];;TJ;brak_rekordu_w_api;;;;;;6649717;8212945000062;282
2020;2020;;Senegal;SN;kraj_lub_terytorium;27112100;27112100 - Gaz ziemny w stanie gazowym [TJ];;TJ;brak_rekordu_w_api;;;;;;6649717;8212898000062;282
2020;2020;;Serbia;XS;kraj_lub_terytorium;27111100;27111100 - Gaz ziemny skroplony [TJ];;TJ;brak_rekordu_w_api;;;;;;6649951;8212945000062;282
2020;2020;;Serbia;XS;kraj_lub_terytorium;27112100;27112100 - Gaz ziemny w stanie gazowym [TJ];;TJ;brak_rekordu_w_api;;;;;;6649951;8212898000062;282
2020;2020;;Seszele;SC;kraj_lub_terytorium;27111100;27111100 - Gaz ziemny skroplony [TJ];;TJ;brak_rekordu_w_api;;;;;;6649716;8212945000062;282
2020;2020;;Seszele;SC;kraj_lub_terytorium;27112100;27112100 - Gaz ziemny w stanie gazowym [TJ];;TJ;brak_rekordu_w_api;;;;;;6649716;8212898000062;282
2020;2020;;Sierra Leone;SL;kraj_lub_terytorium;27111100;27111100 - Gaz ziemny skroplony [TJ];;TJ;brak_rekordu_w_api;;;;;;6649715;8212945000062;282
2020;2020;;Sierra Leone;SL;kraj_lub_terytorium;27112100;27112100 - Gaz ziemny w stanie gazowym [TJ];;TJ;brak_rekordu_w_api;;;;;;6649715;8212898000062;282
2020;2020;;Singapur;SG;kraj_lub_terytorium;27111100;27111100 - Gaz ziemny skroplony [TJ];;TJ;brak_rekordu_w_api;;;;;;6649829;8212945000062;282
2020;2020;;Singapur;SG;kraj_lub_terytorium;27112100;27112100 - Gaz ziemny w stanie gazowym [TJ];;TJ;brak_rekordu_w_api;;;;;;6649829;8212898000062;282
2020;2020;;Sint Maarten (część niderlandzka);SX;kraj_lub_terytorium;27111100;27111100 - Gaz ziemny skroplony [TJ];;TJ;brak_rekordu_w_api;;;;;;7548327;8212945000062;282
2020;2020;;Sint Maarten (część niderlandzka);SX;kraj_lub_terytorium;27112100;27112100 - Gaz ziemny w stanie gazowym [TJ];;TJ;brak_rekordu_w_api;;;;;;7548327;8212898000062;282
2020;2020;;Somalia;SO;kraj_lub_terytorium;27111100;27111100 - Gaz ziemny skroplony [TJ];;TJ;brak_rekordu_w_api;;;;;;6649714;8212945000062;282
2020;2020;;Somalia;SO;kraj_lub_terytorium;27112100;27112100 - Gaz ziemny w stanie gazowym [TJ];;TJ;brak_rekordu_w_api;;;;;;6649714;8212898000062;282
2020;2020;;Sri Lanka;LK;kraj_lub_terytorium;27111100;27111100 - Gaz ziemny skroplony [TJ];;TJ;brak_rekordu_w_api;;;;;;6649863;8212945000062;282
2020;2020;;Sri Lanka;LK;kraj_lub_terytorium;27112100;27112100 - Gaz ziemny w stanie gazowym [TJ];;TJ;brak_rekordu_w_api;;;;;;6649863;8212898000062;282
2020;2020;;Stany Zjednoczone;US;kraj_lub_terytorium;27111100;27111100 - Gaz ziemny skroplony [TJ];;TJ;brak_rekordu_w_api;;;;;;6649783;8212945000062;282
2020;2020;;Stany Zjednoczone;US;kraj_lub_terytorium;27112100;27112100 - Gaz ziemny w stanie gazowym [TJ];;TJ;brak_rekordu_w_api;;;;;;6649783;8212898000062;282
2020;2020;;Sudan;SD;kraj_lub_terytorium;27111100;27111100 - Gaz ziemny skroplony [TJ];;TJ;brak_rekordu_w_api;;;;;;6649710;8212945000062;282
2020;2020;;Sudan;SD;kraj_lub_terytorium;27112100;27112100 - Gaz ziemny w stanie gazowym [TJ];;TJ;brak_rekordu_w_api;;;;;;6649710;8212898000062;282
2020;2020;;Sudan Południowy;SS;kraj_lub_terytorium;27111100;27111100 - Gaz ziemny skroplony [TJ];;TJ;brak_rekordu_w_api;;;;;;6649709;8212945000062;282
2020;2020;;Sudan Południowy;SS;kraj_lub_terytorium;27112100;27112100 - Gaz ziemny w stanie gazowym [TJ];;TJ;brak_rekordu_w_api;;;;;;6649709;8212898000062;282
2020;2020;;Surinam;SR;kraj_lub_terytorium;27111100;27111100 - Gaz ziemny skroplony [TJ];;TJ;brak_rekordu_w_api;;;;;;6649766;8212945000062;282
2020;2020;;Surinam;SR;kraj_lub_terytorium;27112100;27112100 - Gaz ziemny w stanie gazowym [TJ];;TJ;brak_rekordu_w_api;;;;;;6649766;8212898000062;282
2020;2020;;Syria;SY;kraj_lub_terytorium;27111100;27111100 - Gaz ziemny skroplony [TJ];;TJ;brak_rekordu_w_api;;;;;;6649827;8212945000062;282
2020;2020;;Syria;SY;kraj_lub_terytorium;27112100;27112100 - Gaz ziemny w stanie gazowym [TJ];;TJ;brak_rekordu_w_api;;;;;;6649827;8212898000062;282
2020;2020;;Szwajcaria;CH;kraj_lub_terytorium;27111100;27111100 - Gaz ziemny skroplony [TJ];;TJ;brak_rekordu_w_api;;;;;;6649881;8212945000062;282
2020;2020;;Szwajcaria;CH;kraj_lub_terytorium;27112100;27112100 - Gaz ziemny w stanie gazowym [TJ];;TJ;brak_rekordu_w_api;;;;;;6649881;8212898000062;282
2020;2020;;Szwecja;SE;kraj_lub_terytorium;27111100;27111100 - Gaz ziemny skroplony [TJ];7,0;TJ;wartosc_opublikowana;Dane ostateczne;Dane jawne;Nie dotyczy;;1;6649882;8212945000062;282
2020;2020;;Szwecja;SE;kraj_lub_terytorium;27112100;27112100 - Gaz ziemny w stanie gazowym [TJ];;TJ;brak_rekordu_w_api;;;;;;6649882;8212898000062;282
2020;2020;;Słowacja;SK;kraj_lub_terytorium;27111100;27111100 - Gaz ziemny skroplony [TJ];12,0;TJ;wartosc_opublikowana;Dane ostateczne;Dane jawne;Nie dotyczy;;1;6649886;8212945000062;282
2020;2020;;Słowacja;SK;kraj_lub_terytorium;27112100;27112100 - Gaz ziemny w stanie gazowym [TJ];;TJ;brak_rekordu_w_api;;;;;;6649886;8212898000062;282
2020;2020;;Słowenia;SI;kraj_lub_terytorium;27111100;27111100 - Gaz ziemny skroplony [TJ];;TJ;brak_rekordu_w_api;;;;;;6649885;8212945000062;282
2020;2020;;Słowenia;SI;kraj_lub_terytorium;27112100;27112100 - Gaz ziemny w stanie gazowym [TJ];;TJ;brak_rekordu_w_api;;;;;;6649885;8212898000062;282
2020;2020;;Tadżykistan;TJ;kraj_lub_terytorium;27111100;27111100 - Gaz ziemny skroplony [TJ];;TJ;brak_rekordu_w_api;;;;;;6649826;8212945000062;282
2020;2020;;Tadżykistan;TJ;kraj_lub_terytorium;27112100;27112100 - Gaz ziemny w stanie gazowym [TJ];;TJ;brak_rekordu_w_api;;;;;;6649826;8212898000062;282
2020;2020;;Tajlandia;TH;kraj_lub_terytorium;27111100;27111100 - Gaz ziemny skroplony [TJ];;TJ;brak_rekordu_w_api;;;;;;6649824;8212945000062;282
2020;2020;;Tajlandia;TH;kraj_lub_terytorium;27112100;27112100 - Gaz ziemny w stanie gazowym [TJ];;TJ;brak_rekordu_w_api;;;;;;6649824;8212898000062;282
2020;2020;;Tajwan;TW;kraj_lub_terytorium;27111100;27111100 - Gaz ziemny skroplony [TJ];;TJ;brak_rekordu_w_api;;;;;;7548478;8212945000062;282
2020;2020;;Tajwan;TW;kraj_lub_terytorium;27112100;27112100 - Gaz ziemny w stanie gazowym [TJ];;TJ;brak_rekordu_w_api;;;;;;7548478;8212898000062;282
2020;2020;;Tanzania;TZ;kraj_lub_terytorium;27111100;27111100 - Gaz ziemny skroplony [TJ];;TJ;brak_rekordu_w_api;;;;;;6649703;8212945000062;282
2020;2020;;Tanzania;TZ;kraj_lub_terytorium;27112100;27112100 - Gaz ziemny w stanie gazowym [TJ];;TJ;brak_rekordu_w_api;;;;;;6649703;8212898000062;282
2020;2020;;Timor Wschodni;TL;kraj_lub_terytorium;27111100;27111100 - Gaz ziemny skroplony [TJ];;TJ;brak_rekordu_w_api;;;;;;6649832;8212945000062;282
2020;2020;;Timor Wschodni;TL;kraj_lub_terytorium;27112100;27112100 - Gaz ziemny w stanie gazowym [TJ];;TJ;brak_rekordu_w_api;;;;;;6649832;8212898000062;282
2020;2020;;Togo;TG;kraj_lub_terytorium;27111100;27111100 - Gaz ziemny skroplony [TJ];;TJ;brak_rekordu_w_api;;;;;;6649707;8212945000062;282
2020;2020;;Togo;TG;kraj_lub_terytorium;27112100;27112100 - Gaz ziemny w stanie gazowym [TJ];;TJ;brak_rekordu_w_api;;;;;;6649707;8212898000062;282
2020;2020;;Tokelau;TK;kraj_lub_terytorium;27111100;27111100 - Gaz ziemny skroplony [TJ];;TJ;brak_rekordu_w_api;;;;;;6649676;8212945000062;282
2020;2020;;Tokelau;TK;kraj_lub_terytorium;27112100;27112100 - Gaz ziemny w stanie gazowym [TJ];;TJ;brak_rekordu_w_api;;;;;;6649676;8212898000062;282
2020;2020;;Tonga;TO;kraj_lub_terytorium;27111100;27111100 - Gaz ziemny skroplony [TJ];;TJ;brak_rekordu_w_api;;;;;;6649675;8212945000062;282
2020;2020;;Tonga;TO;kraj_lub_terytorium;27112100;27112100 - Gaz ziemny w stanie gazowym [TJ];;TJ;brak_rekordu_w_api;;;;;;6649675;8212898000062;282
2020;2020;;Trynidad i Tobago;TT;kraj_lub_terytorium;27111100;27111100 - Gaz ziemny skroplony [TJ];;TJ;brak_rekordu_w_api;;;;;;6649785;8212945000062;282
2020;2020;;Trynidad i Tobago;TT;kraj_lub_terytorium;27112100;27112100 - Gaz ziemny w stanie gazowym [TJ];;TJ;brak_rekordu_w_api;;;;;;6649785;8212898000062;282
2020;2020;;Tunezja;TN;kraj_lub_terytorium;27111100;27111100 - Gaz ziemny skroplony [TJ];;TJ;brak_rekordu_w_api;;;;;;6649706;8212945000062;282
2020;2020;;Tunezja;TN;kraj_lub_terytorium;27112100;27112100 - Gaz ziemny w stanie gazowym [TJ];;TJ;brak_rekordu_w_api;;;;;;6649706;8212898000062;282
2020;2020;;Turcja;TR;kraj_lub_terytorium;27111100;27111100 - Gaz ziemny skroplony [TJ];;TJ;brak_rekordu_w_api;;;;;;6649880;8212945000062;282
2020;2020;;Turcja;TR;kraj_lub_terytorium;27112100;27112100 - Gaz ziemny w stanie gazowym [TJ];;TJ;brak_rekordu_w_api;;;;;;6649880;8212898000062;282
2020;2020;;Turkmenistan;TM;kraj_lub_terytorium;27111100;27111100 - Gaz ziemny skroplony [TJ];;TJ;brak_rekordu_w_api;;;;;;6649822;8212945000062;282
2020;2020;;Turkmenistan;TM;kraj_lub_terytorium;27112100;27112100 - Gaz ziemny w stanie gazowym [TJ];;TJ;brak_rekordu_w_api;;;;;;6649822;8212898000062;282
2020;2020;;Turks i Caicos;TC;kraj_lub_terytorium;27111100;27111100 - Gaz ziemny skroplony [TJ];;TJ;brak_rekordu_w_api;;;;;;6649939;8212945000062;282
2020;2020;;Turks i Caicos;TC;kraj_lub_terytorium;27112100;27112100 - Gaz ziemny w stanie gazowym [TJ];;TJ;brak_rekordu_w_api;;;;;;6649939;8212898000062;282
2020;2020;;Tuvalu;TV;kraj_lub_terytorium;27111100;27111100 - Gaz ziemny skroplony [TJ];;TJ;brak_rekordu_w_api;;;;;;6649674;8212945000062;282
2020;2020;;Tuvalu;TV;kraj_lub_terytorium;27112100;27112100 - Gaz ziemny w stanie gazowym [TJ];;TJ;brak_rekordu_w_api;;;;;;6649674;8212898000062;282
2020;2020;;Uganda;UG;kraj_lub_terytorium;27111100;27111100 - Gaz ziemny skroplony [TJ];;TJ;brak_rekordu_w_api;;;;;;6649705;8212945000062;282
2020;2020;;Uganda;UG;kraj_lub_terytorium;27112100;27112100 - Gaz ziemny w stanie gazowym [TJ];;TJ;brak_rekordu_w_api;;;;;;6649705;8212898000062;282
2020;2020;;Ukraina;UA;kraj_lub_terytorium;27111100;27111100 - Gaz ziemny skroplony [TJ];;TJ;brak_rekordu_w_api;;;;;;6649879;8212945000062;282
2020;2020;;Ukraina;UA;kraj_lub_terytorium;27112100;27112100 - Gaz ziemny w stanie gazowym [TJ];38358,0;TJ;wartosc_opublikowana;Dane ostateczne;Dane jawne;Nie dotyczy;;1;6649879;8212898000062;282
2020;2020;;Urugwaj;UY;kraj_lub_terytorium;27111100;27111100 - Gaz ziemny skroplony [TJ];;TJ;brak_rekordu_w_api;;;;;;6649765;8212945000062;282
2020;2020;;Urugwaj;UY;kraj_lub_terytorium;27112100;27112100 - Gaz ziemny w stanie gazowym [TJ];;TJ;brak_rekordu_w_api;;;;;;6649765;8212898000062;282
2020;2020;;Uzbekistan;UZ;kraj_lub_terytorium;27111100;27111100 - Gaz ziemny skroplony [TJ];;TJ;brak_rekordu_w_api;;;;;;6649820;8212945000062;282
2020;2020;;Uzbekistan;UZ;kraj_lub_terytorium;27112100;27112100 - Gaz ziemny w stanie gazowym [TJ];;TJ;brak_rekordu_w_api;;;;;;6649820;8212898000062;282
2020;2020;;Vanuatu;VU;kraj_lub_terytorium;27111100;27111100 - Gaz ziemny skroplony [TJ];;TJ;brak_rekordu_w_api;;;;;;6649688;8212945000062;282
2020;2020;;Vanuatu;VU;kraj_lub_terytorium;27112100;27112100 - Gaz ziemny w stanie gazowym [TJ];;TJ;brak_rekordu_w_api;;;;;;6649688;8212898000062;282
2020;2020;;Wallis i Futuna;WF;kraj_lub_terytorium;27111100;27111100 - Gaz ziemny skroplony [TJ];;TJ;brak_rekordu_w_api;;;;;;6649673;8212945000062;282
2020;2020;;Wallis i Futuna;WF;kraj_lub_terytorium;27112100;27112100 - Gaz ziemny w stanie gazowym [TJ];;TJ;brak_rekordu_w_api;;;;;;6649673;8212898000062;282
2020;2020;;Watykan;VA;kraj_lub_terytorium;27111100;27111100 - Gaz ziemny skroplony [TJ];;TJ;brak_rekordu_w_api;;;;;;6649907;8212945000062;282
2020;2020;;Watykan;VA;kraj_lub_terytorium;27112100;27112100 - Gaz ziemny w stanie gazowym [TJ];;TJ;brak_rekordu_w_api;;;;;;6649907;8212898000062;282
2020;2020;;Wenezuela;VE;kraj_lub_terytorium;27111100;27111100 - Gaz ziemny skroplony [TJ];;TJ;brak_rekordu_w_api;;;;;;6649764;8212945000062;282
2020;2020;;Wenezuela;VE;kraj_lub_terytorium;27112100;27112100 - Gaz ziemny w stanie gazowym [TJ];;TJ;brak_rekordu_w_api;;;;;;6649764;8212898000062;282
2020;2020;;Wielka Brytania;GB;kraj_lub_terytorium;27111100;27111100 - Gaz ziemny skroplony [TJ];;TJ;brak_rekordu_w_api;;;;;;6649877;8212945000062;282
2020;2020;;Wielka Brytania;GB;kraj_lub_terytorium;27112100;27112100 - Gaz ziemny w stanie gazowym [TJ];;TJ;brak_rekordu_w_api;;;;;;6649877;8212898000062;282
2020;2020;;Wietnam;VN;kraj_lub_terytorium;27111100;27111100 - Gaz ziemny skroplony [TJ];;TJ;brak_rekordu_w_api;;;;;;7548674;8212945000062;282
2020;2020;;Wietnam;VN;kraj_lub_terytorium;27112100;27112100 - Gaz ziemny w stanie gazowym [TJ];;TJ;brak_rekordu_w_api;;;;;;7548674;8212898000062;282
2020;2020;;Wybrzeże Kości Słoniowej;CI;kraj_lub_terytorium;27111100;27111100 - Gaz ziemny skroplony [TJ];;TJ;brak_rekordu_w_api;;;;;;6649738;8212945000062;282
2020;2020;;Wybrzeże Kości Słoniowej;CI;kraj_lub_terytorium;27112100;27112100 - Gaz ziemny w stanie gazowym [TJ];;TJ;brak_rekordu_w_api;;;;;;6649738;8212898000062;282
2020;2020;;Wyspa Bouveta;BV;kraj_lub_terytorium;27111100;27111100 - Gaz ziemny skroplony [TJ];;TJ;brak_rekordu_w_api;;;;;;6649758;8212945000062;282
2020;2020;;Wyspa Bouveta;BV;kraj_lub_terytorium;27112100;27112100 - Gaz ziemny w stanie gazowym [TJ];;TJ;brak_rekordu_w_api;;;;;;6649758;8212898000062;282
2020;2020;;Wyspa Bożego Narodzenia;CX;kraj_lub_terytorium;27111100;27111100 - Gaz ziemny skroplony [TJ];;TJ;brak_rekordu_w_api;;;;;;6649860;8212945000062;282
2020;2020;;Wyspa Bożego Narodzenia;CX;kraj_lub_terytorium;27112100;27112100 - Gaz ziemny w stanie gazowym [TJ];;TJ;brak_rekordu_w_api;;;;;;6649860;8212898000062;282
2020;2020;;Wyspa Świętej Heleny, Wyspa Wniebowstąpienia i Tristan da Cunha;SH;kraj_lub_terytorium;27111100;27111100 - Gaz ziemny skroplony [TJ];;TJ;brak_rekordu_w_api;;;;;;6649720;8212945000062;282
2020;2020;;Wyspa Świętej Heleny, Wyspa Wniebowstąpienia i Tristan da Cunha;SH;kraj_lub_terytorium;27112100;27112100 - Gaz ziemny w stanie gazowym [TJ];;TJ;brak_rekordu_w_api;;;;;;6649720;8212898000062;282
2020;2020;;Wyspy Cooka;CK;kraj_lub_terytorium;27111100;27111100 - Gaz ziemny skroplony [TJ];;TJ;brak_rekordu_w_api;;;;;;6649697;8212945000062;282
2020;2020;;Wyspy Cooka;CK;kraj_lub_terytorium;27112100;27112100 - Gaz ziemny w stanie gazowym [TJ];;TJ;brak_rekordu_w_api;;;;;;6649697;8212898000062;282
2020;2020;;Wyspy Dziewicze Stanów Zjednoczonych;VI;kraj_lub_terytorium;27111100;27111100 - Gaz ziemny skroplony [TJ];;TJ;brak_rekordu_w_api;;;;;;6649782;8212945000062;282
2020;2020;;Wyspy Dziewicze Stanów Zjednoczonych;VI;kraj_lub_terytorium;27112100;27112100 - Gaz ziemny w stanie gazowym [TJ];;TJ;brak_rekordu_w_api;;;;;;6649782;8212898000062;282
2020;2020;;Wyspy Heard i McDonalda;HM;kraj_lub_terytorium;27111100;27111100 - Gaz ziemny skroplony [TJ];;TJ;brak_rekordu_w_api;;;;;;6649691;8212945000062;282
2020;2020;;Wyspy Heard i McDonalda;HM;kraj_lub_terytorium;27112100;27112100 - Gaz ziemny w stanie gazowym [TJ];;TJ;brak_rekordu_w_api;;;;;;6649691;8212898000062;282
2020;2020;;Wyspy Kokosowe (inaczej Wyspy Keelinga);CC;kraj_lub_terytorium;27111100;27111100 - Gaz ziemny skroplony [TJ];;TJ;brak_rekordu_w_api;;;;;;7473122;8212945000062;282
2020;2020;;Wyspy Kokosowe (inaczej Wyspy Keelinga);CC;kraj_lub_terytorium;27112100;27112100 - Gaz ziemny w stanie gazowym [TJ];;TJ;brak_rekordu_w_api;;;;;;7473122;8212898000062;282
2020;2020;;Wyspy Marshalla;MH;kraj_lub_terytorium;27111100;27111100 - Gaz ziemny skroplony [TJ];;TJ;brak_rekordu_w_api;;;;;;6649681;8212945000062;282
2020;2020;;Wyspy Marshalla;MH;kraj_lub_terytorium;27112100;27112100 - Gaz ziemny w stanie gazowym [TJ];;TJ;brak_rekordu_w_api;;;;;;6649681;8212898000062;282
2020;2020;;Wyspy Owcze;FO;kraj_lub_terytorium;27111100;27111100 - Gaz ziemny skroplony [TJ];;TJ;brak_rekordu_w_api;;;;;;6649914;8212945000062;282
2020;2020;;Wyspy Owcze;FO;kraj_lub_terytorium;27112100;27112100 - Gaz ziemny w stanie gazowym [TJ];;TJ;brak_rekordu_w_api;;;;;;6649914;8212898000062;282
2020;2020;;Wyspy Salomona;SB;kraj_lub_terytorium;27111100;27111100 - Gaz ziemny skroplony [TJ];;TJ;brak_rekordu_w_api;;;;;;6649698;8212945000062;282
2020;2020;;Wyspy Salomona;SB;kraj_lub_terytorium;27112100;27112100 - Gaz ziemny w stanie gazowym [TJ];;TJ;brak_rekordu_w_api;;;;;;6649698;8212898000062;282
2020;2020;;Wyspy Świętego Tomasza i Książęca;ST;kraj_lub_terytorium;27111100;27111100 - Gaz ziemny skroplony [TJ];;TJ;brak_rekordu_w_api;;;;;;6649718;8212945000062;282
2020;2020;;Wyspy Świętego Tomasza i Książęca;ST;kraj_lub_terytorium;27112100;27112100 - Gaz ziemny w stanie gazowym [TJ];;TJ;brak_rekordu_w_api;;;;;;6649718;8212898000062;282
2020;2020;;Węgry;HU;kraj_lub_terytorium;27111100;27111100 - Gaz ziemny skroplony [TJ];;TJ;brak_rekordu_w_api;;;;;;6649906;8212945000062;282
2020;2020;;Węgry;HU;kraj_lub_terytorium;27112100;27112100 - Gaz ziemny w stanie gazowym [TJ];;TJ;brak_rekordu_w_api;;;;;;6649906;8212898000062;282
2020;2020;;Włochy;IT;kraj_lub_terytorium;27111100;27111100 - Gaz ziemny skroplony [TJ];1,0;TJ;wartosc_opublikowana;Dane ostateczne;Dane jawne;Nie dotyczy;;1;6649903;8212945000062;282
2020;2020;;Włochy;IT;kraj_lub_terytorium;27112100;27112100 - Gaz ziemny w stanie gazowym [TJ];;TJ;brak_rekordu_w_api;;;;;;6649903;8212898000062;282
2020;2020;;Zambia;ZM;kraj_lub_terytorium;27111100;27111100 - Gaz ziemny skroplony [TJ];;TJ;brak_rekordu_w_api;;;;;;6649701;8212945000062;282
2020;2020;;Zambia;ZM;kraj_lub_terytorium;27112100;27112100 - Gaz ziemny w stanie gazowym [TJ];;TJ;brak_rekordu_w_api;;;;;;6649701;8212898000062;282
2020;2020;;Zap. i zaop. statków, niezn.arm.;QQ;kategoria_specjalna;27111100;27111100 - Gaz ziemny skroplony [TJ];;TJ;brak_rekordu_w_api;;;;;;7277329;8212945000062;282
2020;2020;;Zap. i zaop. statków, niezn.arm.;QQ;kategoria_specjalna;27112100;27112100 - Gaz ziemny w stanie gazowym [TJ];;TJ;brak_rekordu_w_api;;;;;;7277329;8212898000062;282
2020;2020;;Zimbabwe;ZW;kraj_lub_terytorium;27111100;27111100 - Gaz ziemny skroplony [TJ];;TJ;brak_rekordu_w_api;;;;;;6649712;8212945000062;282
2020;2020;;Zimbabwe;ZW;kraj_lub_terytorium;27112100;27112100 - Gaz ziemny w stanie gazowym [TJ];;TJ;brak_rekordu_w_api;;;;;;6649712;8212898000062;282
2020;2020;;Zjednoczone Emiraty Arabskie;AE;kraj_lub_terytorium;27111100;27111100 - Gaz ziemny skroplony [TJ];;TJ;brak_rekordu_w_api;;;;;;6649823;8212945000062;282
2020;2020;;Zjednoczone Emiraty Arabskie;AE;kraj_lub_terytorium;27112100;27112100 - Gaz ziemny w stanie gazowym [TJ];;TJ;brak_rekordu_w_api;;;;;;6649823;8212898000062;282
2020;2020;;Łotwa;LV;kraj_lub_terytorium;27111100;27111100 - Gaz ziemny skroplony [TJ];;TJ;brak_rekordu_w_api;;;;;;6649902;8212945000062;282
2020;2020;;Łotwa;LV;kraj_lub_terytorium;27112100;27112100 - Gaz ziemny w stanie gazowym [TJ];;TJ;brak_rekordu_w_api;;;;;;6649902;8212898000062;282
2021;2021;;Afganistan;AF;kraj_lub_terytorium;27111100;27111100 - Gaz ziemny skroplony [TJ];;TJ;brak_rekordu_w_api;;;;;;6649873;8212945000062;282
2021;2021;;Afganistan;AF;kraj_lub_terytorium;27112100;27112100 - Gaz ziemny w stanie gazowym [TJ];;TJ;brak_rekordu_w_api;;;;;;6649873;8212898000062;282
2021;2021;;Albania;AL;kraj_lub_terytorium;27111100;27111100 - Gaz ziemny skroplony [TJ];;TJ;brak_rekordu_w_api;;;;;;6649925;8212945000062;282
2021;2021;;Albania;AL;kraj_lub_terytorium;27112100;27112100 - Gaz ziemny w stanie gazowym [TJ];;TJ;brak_rekordu_w_api;;;;;;6649925;8212898000062;282
2021;2021;;Algieria;DZ;kraj_lub_terytorium;27111100;27111100 - Gaz ziemny skroplony [TJ];;TJ;brak_rekordu_w_api;;;;;;6649763;8212945000062;282
2021;2021;;Algieria;DZ;kraj_lub_terytorium;27112100;27112100 - Gaz ziemny w stanie gazowym [TJ];;TJ;brak_rekordu_w_api;;;;;;6649763;8212898000062;282
2021;2021;;Andora;AD;kraj_lub_terytorium;27111100;27111100 - Gaz ziemny skroplony [TJ];;TJ;brak_rekordu_w_api;;;;;;6649924;8212945000062;282
2021;2021;;Andora;AD;kraj_lub_terytorium;27112100;27112100 - Gaz ziemny w stanie gazowym [TJ];;TJ;brak_rekordu_w_api;;;;;;6649924;8212898000062;282
2021;2021;;Angola;AO;kraj_lub_terytorium;27111100;27111100 - Gaz ziemny skroplony [TJ];;TJ;brak_rekordu_w_api;;;;;;6649760;8212945000062;282
2021;2021;;Angola;AO;kraj_lub_terytorium;27112100;27112100 - Gaz ziemny w stanie gazowym [TJ];;TJ;brak_rekordu_w_api;;;;;;6649760;8212898000062;282
2021;2021;;Anguilla;AI;kraj_lub_terytorium;27111100;27111100 - Gaz ziemny skroplony [TJ];;TJ;brak_rekordu_w_api;;;;;;6649790;8212945000062;282
2021;2021;;Anguilla;AI;kraj_lub_terytorium;27112100;27112100 - Gaz ziemny w stanie gazowym [TJ];;TJ;brak_rekordu_w_api;;;;;;6649790;8212898000062;282
2021;2021;;Antarktyda;AQ;kraj_lub_terytorium;27111100;27111100 - Gaz ziemny skroplony [TJ];;TJ;brak_rekordu_w_api;;;;;;6649670;8212945000062;282
2021;2021;;Antarktyda;AQ;kraj_lub_terytorium;27112100;27112100 - Gaz ziemny w stanie gazowym [TJ];;TJ;brak_rekordu_w_api;;;;;;6649670;8212898000062;282
2021;2021;;Antigua i Barbuda;AG;kraj_lub_terytorium;27111100;27111100 - Gaz ziemny skroplony [TJ];;TJ;brak_rekordu_w_api;;;;;;6649818;8212945000062;282
2021;2021;;Antigua i Barbuda;AG;kraj_lub_terytorium;27112100;27112100 - Gaz ziemny w stanie gazowym [TJ];;TJ;brak_rekordu_w_api;;;;;;6649818;8212898000062;282
2021;2021;;Arabia Saudyjska;SA;kraj_lub_terytorium;27111100;27111100 - Gaz ziemny skroplony [TJ];;TJ;brak_rekordu_w_api;;;;;;6649830;8212945000062;282
2021;2021;;Arabia Saudyjska;SA;kraj_lub_terytorium;27112100;27112100 - Gaz ziemny w stanie gazowym [TJ];;TJ;brak_rekordu_w_api;;;;;;6649830;8212898000062;282
2021;2021;;Argentyna;AR;kraj_lub_terytorium;27111100;27111100 - Gaz ziemny skroplony [TJ];;TJ;brak_rekordu_w_api;;;;;;6649781;8212945000062;282
2021;2021;;Argentyna;AR;kraj_lub_terytorium;27112100;27112100 - Gaz ziemny w stanie gazowym [TJ];;TJ;brak_rekordu_w_api;;;;;;6649781;8212898000062;282
2021;2021;;Armenia;AM;kraj_lub_terytorium;27111100;27111100 - Gaz ziemny skroplony [TJ];;TJ;brak_rekordu_w_api;;;;;;6649869;8212945000062;282
2021;2021;;Armenia;AM;kraj_lub_terytorium;27112100;27112100 - Gaz ziemny w stanie gazowym [TJ];;TJ;brak_rekordu_w_api;;;;;;6649869;8212898000062;282
2021;2021;;Aruba;AW;kraj_lub_terytorium;27111100;27111100 - Gaz ziemny skroplony [TJ];;TJ;brak_rekordu_w_api;;;;;;6649770;8212945000062;282
2021;2021;;Aruba;AW;kraj_lub_terytorium;27112100;27112100 - Gaz ziemny w stanie gazowym [TJ];;TJ;brak_rekordu_w_api;;;;;;6649770;8212898000062;282
2021;2021;;Australia;AU;kraj_lub_terytorium;27111100;27111100 - Gaz ziemny skroplony [TJ];;TJ;brak_rekordu_w_api;;;;;;6649699;8212945000062;282
2021;2021;;Australia;AU;kraj_lub_terytorium;27112100;27112100 - Gaz ziemny w stanie gazowym [TJ];;TJ;brak_rekordu_w_api;;;;;;6649699;8212898000062;282
2021;2021;;Austria;AT;kraj_lub_terytorium;27111100;27111100 - Gaz ziemny skroplony [TJ];;TJ;brak_rekordu_w_api;;;;;;6649923;8212945000062;282
2021;2021;;Austria;AT;kraj_lub_terytorium;27112100;27112100 - Gaz ziemny w stanie gazowym [TJ];;TJ;brak_rekordu_w_api;;;;;;6649923;8212898000062;282
2021;2021;;Azerbejdżan;AZ;kraj_lub_terytorium;27111100;27111100 - Gaz ziemny skroplony [TJ];;TJ;brak_rekordu_w_api;;;;;;6649872;8212945000062;282
2021;2021;;Azerbejdżan;AZ;kraj_lub_terytorium;27112100;27112100 - Gaz ziemny w stanie gazowym [TJ];;TJ;brak_rekordu_w_api;;;;;;6649872;8212898000062;282
2021;2021;;Bahamy;BS;kraj_lub_terytorium;27111100;27111100 - Gaz ziemny skroplony [TJ];;TJ;brak_rekordu_w_api;;;;;;7473138;8212945000062;282
2021;2021;;Bahamy;BS;kraj_lub_terytorium;27112100;27112100 - Gaz ziemny w stanie gazowym [TJ];;TJ;brak_rekordu_w_api;;;;;;7473138;8212898000062;282
2021;2021;;Bahrajn;BH;kraj_lub_terytorium;27111100;27111100 - Gaz ziemny skroplony [TJ];;TJ;brak_rekordu_w_api;;;;;;6649871;8212945000062;282
2021;2021;;Bahrajn;BH;kraj_lub_terytorium;27112100;27112100 - Gaz ziemny w stanie gazowym [TJ];;TJ;brak_rekordu_w_api;;;;;;6649871;8212898000062;282
2021;2021;;Bangladesz;BD;kraj_lub_terytorium;27111100;27111100 - Gaz ziemny skroplony [TJ];;TJ;brak_rekordu_w_api;;;;;;6649870;8212945000062;282
2021;2021;;Bangladesz;BD;kraj_lub_terytorium;27112100;27112100 - Gaz ziemny w stanie gazowym [TJ];;TJ;brak_rekordu_w_api;;;;;;6649870;8212898000062;282
2021;2021;;Barbados;BB;kraj_lub_terytorium;27111100;27111100 - Gaz ziemny skroplony [TJ];;TJ;brak_rekordu_w_api;;;;;;6649817;8212945000062;282
2021;2021;;Barbados;BB;kraj_lub_terytorium;27112100;27112100 - Gaz ziemny w stanie gazowym [TJ];;TJ;brak_rekordu_w_api;;;;;;6649817;8212898000062;282
2021;2021;;Belgia;BE;kraj_lub_terytorium;27111100;27111100 - Gaz ziemny skroplony [TJ];2,0;TJ;wartosc_opublikowana;Dane ostateczne;Dane jawne;Nie dotyczy;;1;6649922;8212945000062;282
2021;2021;;Belgia;BE;kraj_lub_terytorium;27112100;27112100 - Gaz ziemny w stanie gazowym [TJ];;TJ;brak_rekordu_w_api;;;;;;6649922;8212898000062;282
2021;2021;;Belize;BZ;kraj_lub_terytorium;27111100;27111100 - Gaz ziemny skroplony [TJ];;TJ;brak_rekordu_w_api;;;;;;6649815;8212945000062;282
2021;2021;;Belize;BZ;kraj_lub_terytorium;27112100;27112100 - Gaz ziemny w stanie gazowym [TJ];;TJ;brak_rekordu_w_api;;;;;;6649815;8212898000062;282
2021;2021;;Benin;BJ;kraj_lub_terytorium;27111100;27111100 - Gaz ziemny skroplony [TJ];;TJ;brak_rekordu_w_api;;;;;;6649747;8212945000062;282
2021;2021;;Benin;BJ;kraj_lub_terytorium;27112100;27112100 - Gaz ziemny w stanie gazowym [TJ];;TJ;brak_rekordu_w_api;;;;;;6649747;8212898000062;282
2021;2021;;Bermudy;BM;kraj_lub_terytorium;27111100;27111100 - Gaz ziemny skroplony [TJ];;TJ;brak_rekordu_w_api;;;;;;6649816;8212945000062;282
2021;2021;;Bermudy;BM;kraj_lub_terytorium;27112100;27112100 - Gaz ziemny w stanie gazowym [TJ];;TJ;brak_rekordu_w_api;;;;;;6649816;8212898000062;282
2021;2021;;Bhutan;BT;kraj_lub_terytorium;27111100;27111100 - Gaz ziemny skroplony [TJ];;TJ;brak_rekordu_w_api;;;;;;6649868;8212945000062;282
2021;2021;;Bhutan;BT;kraj_lub_terytorium;27112100;27112100 - Gaz ziemny w stanie gazowym [TJ];;TJ;brak_rekordu_w_api;;;;;;6649868;8212898000062;282
2021;2021;;Białoruś;BY;kraj_lub_terytorium;27111100;27111100 - Gaz ziemny skroplony [TJ];;TJ;brak_rekordu_w_api;;;;;;6649919;8212945000062;282
2021;2021;;Białoruś;BY;kraj_lub_terytorium;27112100;27112100 - Gaz ziemny w stanie gazowym [TJ];;TJ;brak_rekordu_w_api;;;;;;6649919;8212898000062;282
2021;2021;;Boliwia;BO;kraj_lub_terytorium;27111100;27111100 - Gaz ziemny skroplony [TJ];;TJ;brak_rekordu_w_api;;;;;;6649780;8212945000062;282
2021;2021;;Boliwia;BO;kraj_lub_terytorium;27112100;27112100 - Gaz ziemny w stanie gazowym [TJ];;TJ;brak_rekordu_w_api;;;;;;6649780;8212898000062;282
2021;2021;;Bonaire, Sint Eustatius i Saba;BQ;kraj_lub_terytorium;27111100;27111100 - Gaz ziemny skroplony [TJ];;TJ;brak_rekordu_w_api;;;;;;6649769;8212945000062;282
2021;2021;;Bonaire, Sint Eustatius i Saba;BQ;kraj_lub_terytorium;27112100;27112100 - Gaz ziemny w stanie gazowym [TJ];;TJ;brak_rekordu_w_api;;;;;;6649769;8212898000062;282
2021;2021;;Botswana;BW;kraj_lub_terytorium;27111100;27111100 - Gaz ziemny skroplony [TJ];;TJ;brak_rekordu_w_api;;;;;;6649759;8212945000062;282
2021;2021;;Botswana;BW;kraj_lub_terytorium;27112100;27112100 - Gaz ziemny w stanie gazowym [TJ];;TJ;brak_rekordu_w_api;;;;;;6649759;8212898000062;282
2021;2021;;Bośnia i Hercegowina;BA;kraj_lub_terytorium;27111100;27111100 - Gaz ziemny skroplony [TJ];;TJ;brak_rekordu_w_api;;;;;;6649921;8212945000062;282
2021;2021;;Bośnia i Hercegowina;BA;kraj_lub_terytorium;27112100;27112100 - Gaz ziemny w stanie gazowym [TJ];;TJ;brak_rekordu_w_api;;;;;;6649921;8212898000062;282
2021;2021;;Brazylia;BR;kraj_lub_terytorium;27111100;27111100 - Gaz ziemny skroplony [TJ];;TJ;brak_rekordu_w_api;;;;;;6649779;8212945000062;282
2021;2021;;Brazylia;BR;kraj_lub_terytorium;27112100;27112100 - Gaz ziemny w stanie gazowym [TJ];;TJ;brak_rekordu_w_api;;;;;;6649779;8212898000062;282
2021;2021;;Brunei;BN;kraj_lub_terytorium;27111100;27111100 - Gaz ziemny skroplony [TJ];;TJ;brak_rekordu_w_api;;;;;;6649866;8212945000062;282
2021;2021;;Brunei;BN;kraj_lub_terytorium;27112100;27112100 - Gaz ziemny w stanie gazowym [TJ];;TJ;brak_rekordu_w_api;;;;;;6649866;8212898000062;282
2021;2021;;Brytyjskie Terytorium Oceanu Indyjskiego;IO;kraj_lub_terytorium;27111100;27111100 - Gaz ziemny skroplony [TJ];;TJ;brak_rekordu_w_api;;;;;;6649867;8212945000062;282
2021;2021;;Brytyjskie Terytorium Oceanu Indyjskiego;IO;kraj_lub_terytorium;27112100;27112100 - Gaz ziemny w stanie gazowym [TJ];;TJ;brak_rekordu_w_api;;;;;;6649867;8212898000062;282
2021;2021;;Brytyjskie Wyspy Dziewicze;VG;kraj_lub_terytorium;27111100;27111100 - Gaz ziemny skroplony [TJ];;TJ;brak_rekordu_w_api;;;;;;6649814;8212945000062;282
2021;2021;;Brytyjskie Wyspy Dziewicze;VG;kraj_lub_terytorium;27112100;27112100 - Gaz ziemny w stanie gazowym [TJ];;TJ;brak_rekordu_w_api;;;;;;6649814;8212898000062;282
2021;2021;;Burkina Faso;BF;kraj_lub_terytorium;27111100;27111100 - Gaz ziemny skroplony [TJ];;TJ;brak_rekordu_w_api;;;;;;6649702;8212945000062;282
2021;2021;;Burkina Faso;BF;kraj_lub_terytorium;27112100;27112100 - Gaz ziemny w stanie gazowym [TJ];;TJ;brak_rekordu_w_api;;;;;;6649702;8212898000062;282
2021;2021;;Burundi;BI;kraj_lub_terytorium;27111100;27111100 - Gaz ziemny skroplony [TJ];;TJ;brak_rekordu_w_api;;;;;;6649757;8212945000062;282
2021;2021;;Burundi;BI;kraj_lub_terytorium;27112100;27112100 - Gaz ziemny w stanie gazowym [TJ];;TJ;brak_rekordu_w_api;;;;;;6649757;8212898000062;282
2021;2021;;Bułgaria;BG;kraj_lub_terytorium;27111100;27111100 - Gaz ziemny skroplony [TJ];;TJ;brak_rekordu_w_api;;;;;;6649920;8212945000062;282
2021;2021;;Bułgaria;BG;kraj_lub_terytorium;27112100;27112100 - Gaz ziemny w stanie gazowym [TJ];;TJ;brak_rekordu_w_api;;;;;;6649920;8212898000062;282
2021;2021;;Ceuta;XC;kraj_lub_terytorium;27111100;27111100 - Gaz ziemny skroplony [TJ];;TJ;brak_rekordu_w_api;;;;;;6649762;8212945000062;282
2021;2021;;Ceuta;XC;kraj_lub_terytorium;27112100;27112100 - Gaz ziemny w stanie gazowym [TJ];;TJ;brak_rekordu_w_api;;;;;;6649762;8212898000062;282
2021;2021;;Chile;CL;kraj_lub_terytorium;27111100;27111100 - Gaz ziemny skroplony [TJ];;TJ;brak_rekordu_w_api;;;;;;6649778;8212945000062;282
2021;2021;;Chile;CL;kraj_lub_terytorium;27112100;27112100 - Gaz ziemny w stanie gazowym [TJ];;TJ;brak_rekordu_w_api;;;;;;6649778;8212898000062;282
2021;2021;;Chiny;CN;kraj_lub_terytorium;27111100;27111100 - Gaz ziemny skroplony [TJ];;TJ;brak_rekordu_w_api;;;;;;6649862;8212945000062;282
2021;2021;;Chiny;CN;kraj_lub_terytorium;27112100;27112100 - Gaz ziemny w stanie gazowym [TJ];;TJ;brak_rekordu_w_api;;;;;;6649862;8212898000062;282
2021;2021;;Chorwacja;HR;kraj_lub_terytorium;27111100;27111100 - Gaz ziemny skroplony [TJ];;TJ;brak_rekordu_w_api;;;;;;6649918;8212945000062;282
2021;2021;;Chorwacja;HR;kraj_lub_terytorium;27112100;27112100 - Gaz ziemny w stanie gazowym [TJ];;TJ;brak_rekordu_w_api;;;;;;6649918;8212898000062;282
2021;2021;;Curaçao;CW;kraj_lub_terytorium;27111100;27111100 - Gaz ziemny skroplony [TJ];;TJ;brak_rekordu_w_api;;;;;;7463815;8212945000062;282
2021;2021;;Curaçao;CW;kraj_lub_terytorium;27112100;27112100 - Gaz ziemny w stanie gazowym [TJ];;TJ;brak_rekordu_w_api;;;;;;7463815;8212898000062;282
2021;2021;;Cypr;CY;kraj_lub_terytorium;27111100;27111100 - Gaz ziemny skroplony [TJ];;TJ;brak_rekordu_w_api;;;;;;6649917;8212945000062;282
2021;2021;;Cypr;CY;kraj_lub_terytorium;27112100;27112100 - Gaz ziemny w stanie gazowym [TJ];;TJ;brak_rekordu_w_api;;;;;;6649917;8212898000062;282
2021;2021;;Czad;TD;kraj_lub_terytorium;27111100;27111100 - Gaz ziemny skroplony [TJ];;TJ;brak_rekordu_w_api;;;;;;6649753;8212945000062;282
2021;2021;;Czad;TD;kraj_lub_terytorium;27112100;27112100 - Gaz ziemny w stanie gazowym [TJ];;TJ;brak_rekordu_w_api;;;;;;6649753;8212898000062;282
2021;2021;;Czarnogóra;ME;kraj_lub_terytorium;27111100;27111100 - Gaz ziemny skroplony [TJ];;TJ;brak_rekordu_w_api;;;;;;6649895;8212945000062;282
2021;2021;;Czarnogóra;ME;kraj_lub_terytorium;27112100;27112100 - Gaz ziemny w stanie gazowym [TJ];;TJ;brak_rekordu_w_api;;;;;;6649895;8212898000062;282
2021;2021;;Czechy;CZ;kraj_lub_terytorium;27111100;27111100 - Gaz ziemny skroplony [TJ];174,0;TJ;wartosc_opublikowana;Dane ostateczne;Dane jawne;Nie dotyczy;;1;7439975;8212945000062;282
2021;2021;;Czechy;CZ;kraj_lub_terytorium;27112100;27112100 - Gaz ziemny w stanie gazowym [TJ];;TJ;brak_rekordu_w_api;;;;;;7439975;8212898000062;282
2021;2021;;Dania;DK;kraj_lub_terytorium;27111100;27111100 - Gaz ziemny skroplony [TJ];;TJ;brak_rekordu_w_api;;;;;;6649916;8212945000062;282
2021;2021;;Dania;DK;kraj_lub_terytorium;27112100;27112100 - Gaz ziemny w stanie gazowym [TJ];;TJ;brak_rekordu_w_api;;;;;;6649916;8212898000062;282
2021;2021;;Demokratyczna Republika Konga;CD;kraj_lub_terytorium;27111100;27111100 - Gaz ziemny skroplony [TJ];;TJ;brak_rekordu_w_api;;;;;;6649750;8212945000062;282
2021;2021;;Demokratyczna Republika Konga;CD;kraj_lub_terytorium;27112100;27112100 - Gaz ziemny w stanie gazowym [TJ];;TJ;brak_rekordu_w_api;;;;;;6649750;8212898000062;282
2021;2021;;Dominika;DM;kraj_lub_terytorium;27111100;27111100 - Gaz ziemny skroplony [TJ];;TJ;brak_rekordu_w_api;;;;;;6649809;8212945000062;282
2021;2021;;Dominika;DM;kraj_lub_terytorium;27112100;27112100 - Gaz ziemny w stanie gazowym [TJ];;TJ;brak_rekordu_w_api;;;;;;6649809;8212898000062;282
2021;2021;;Dominikana;DO;kraj_lub_terytorium;27111100;27111100 - Gaz ziemny skroplony [TJ];;TJ;brak_rekordu_w_api;;;;;;6649941;8212945000062;282
2021;2021;;Dominikana;DO;kraj_lub_terytorium;27112100;27112100 - Gaz ziemny w stanie gazowym [TJ];;TJ;brak_rekordu_w_api;;;;;;6649941;8212898000062;282
2021;2021;;Dżibuti;DJ;kraj_lub_terytorium;27111100;27111100 - Gaz ziemny skroplony [TJ];;TJ;brak_rekordu_w_api;;;;;;6649743;8212945000062;282
2021;2021;;Dżibuti;DJ;kraj_lub_terytorium;27112100;27112100 - Gaz ziemny w stanie gazowym [TJ];;TJ;brak_rekordu_w_api;;;;;;6649743;8212898000062;282
2021;2021;;Egipt;EG;kraj_lub_terytorium;27111100;27111100 - Gaz ziemny skroplony [TJ];;TJ;brak_rekordu_w_api;;;;;;6649704;8212945000062;282
2021;2021;;Egipt;EG;kraj_lub_terytorium;27112100;27112100 - Gaz ziemny w stanie gazowym [TJ];;TJ;brak_rekordu_w_api;;;;;;6649704;8212898000062;282
2021;2021;;Ekwador;EC;kraj_lub_terytorium;27111100;27111100 - Gaz ziemny skroplony [TJ];;TJ;brak_rekordu_w_api;;;;;;6649776;8212945000062;282
2021;2021;;Ekwador;EC;kraj_lub_terytorium;27112100;27112100 - Gaz ziemny w stanie gazowym [TJ];;TJ;brak_rekordu_w_api;;;;;;6649776;8212898000062;282
2021;2021;;Erytrea;ER;kraj_lub_terytorium;27111100;27111100 - Gaz ziemny skroplony [TJ];;TJ;brak_rekordu_w_api;;;;;;6649744;8212945000062;282
2021;2021;;Erytrea;ER;kraj_lub_terytorium;27112100;27112100 - Gaz ziemny w stanie gazowym [TJ];;TJ;brak_rekordu_w_api;;;;;;6649744;8212898000062;282
2021;2021;;Estonia;EE;kraj_lub_terytorium;27111100;27111100 - Gaz ziemny skroplony [TJ];;TJ;brak_rekordu_w_api;;;;;;6649915;8212945000062;282
2021;2021;;Estonia;EE;kraj_lub_terytorium;27112100;27112100 - Gaz ziemny w stanie gazowym [TJ];;TJ;brak_rekordu_w_api;;;;;;6649915;8212898000062;282
2021;2021;;Eswatini;SZ;kraj_lub_terytorium;27111100;27111100 - Gaz ziemny skroplony [TJ];;TJ;brak_rekordu_w_api;;;;;;7437348;8212945000062;282
2021;2021;;Eswatini;SZ;kraj_lub_terytorium;27112100;27112100 - Gaz ziemny w stanie gazowym [TJ];;TJ;brak_rekordu_w_api;;;;;;7437348;8212898000062;282
2021;2021;;Etiopia;ET;kraj_lub_terytorium;27111100;27111100 - Gaz ziemny skroplony [TJ];;TJ;brak_rekordu_w_api;;;;;;6649745;8212945000062;282
2021;2021;;Etiopia;ET;kraj_lub_terytorium;27112100;27112100 - Gaz ziemny w stanie gazowym [TJ];;TJ;brak_rekordu_w_api;;;;;;6649745;8212898000062;282
2021;2021;;Falklandy;FK;kraj_lub_terytorium;27111100;27111100 - Gaz ziemny skroplony [TJ];;TJ;brak_rekordu_w_api;;;;;;6649775;8212945000062;282
2021;2021;;Falklandy;FK;kraj_lub_terytorium;27112100;27112100 - Gaz ziemny w stanie gazowym [TJ];;TJ;brak_rekordu_w_api;;;;;;6649775;8212898000062;282
2021;2021;;Fidżi;FJ;kraj_lub_terytorium;27111100;27111100 - Gaz ziemny skroplony [TJ];;TJ;brak_rekordu_w_api;;;;;;6649696;8212945000062;282
2021;2021;;Fidżi;FJ;kraj_lub_terytorium;27112100;27112100 - Gaz ziemny w stanie gazowym [TJ];;TJ;brak_rekordu_w_api;;;;;;6649696;8212898000062;282
2021;2021;;Filipiny;PH;kraj_lub_terytorium;27111100;27111100 - Gaz ziemny skroplony [TJ];;TJ;brak_rekordu_w_api;;;;;;6649833;8212945000062;282
2021;2021;;Filipiny;PH;kraj_lub_terytorium;27112100;27112100 - Gaz ziemny w stanie gazowym [TJ];;TJ;brak_rekordu_w_api;;;;;;6649833;8212898000062;282
2021;2021;;Finlandia;FI;kraj_lub_terytorium;27111100;27111100 - Gaz ziemny skroplony [TJ];;TJ;brak_rekordu_w_api;;;;;;6649913;8212945000062;282
2021;2021;;Finlandia;FI;kraj_lub_terytorium;27112100;27112100 - Gaz ziemny w stanie gazowym [TJ];;TJ;brak_rekordu_w_api;;;;;;6649913;8212898000062;282
2021;2021;;Francja;FR;kraj_lub_terytorium;27111100;27111100 - Gaz ziemny skroplony [TJ];;TJ;brak_rekordu_w_api;;;;;;6649911;8212945000062;282
2021;2021;;Francja;FR;kraj_lub_terytorium;27112100;27112100 - Gaz ziemny w stanie gazowym [TJ];;TJ;brak_rekordu_w_api;;;;;;6649911;8212898000062;282
2021;2021;;Francuskie Terytoria Południowe;TF;kraj_lub_terytorium;27111100;27111100 - Gaz ziemny skroplony [TJ];;TJ;brak_rekordu_w_api;;;;;;7548413;8212945000062;282
2021;2021;;Francuskie Terytoria Południowe;TF;kraj_lub_terytorium;27112100;27112100 - Gaz ziemny w stanie gazowym [TJ];;TJ;brak_rekordu_w_api;;;;;;7548413;8212898000062;282
2021;2021;;Gabon;GA;kraj_lub_terytorium;27111100;27111100 - Gaz ziemny skroplony [TJ];;TJ;brak_rekordu_w_api;;;;;;6649742;8212945000062;282
2021;2021;;Gabon;GA;kraj_lub_terytorium;27112100;27112100 - Gaz ziemny w stanie gazowym [TJ];;TJ;brak_rekordu_w_api;;;;;;6649742;8212898000062;282
2021;2021;;Gambia;GM;kraj_lub_terytorium;27111100;27111100 - Gaz ziemny skroplony [TJ];;TJ;brak_rekordu_w_api;;;;;;7475101;8212945000062;282
2021;2021;;Gambia;GM;kraj_lub_terytorium;27112100;27112100 - Gaz ziemny w stanie gazowym [TJ];;TJ;brak_rekordu_w_api;;;;;;7475101;8212898000062;282
2021;2021;;Georgia Południowa i Sandwich Południowy;GS;kraj_lub_terytorium;27111100;27111100 - Gaz ziemny skroplony [TJ];;TJ;brak_rekordu_w_api;;;;;;6649774;8212945000062;282
2021;2021;;Georgia Południowa i Sandwich Południowy;GS;kraj_lub_terytorium;27112100;27112100 - Gaz ziemny w stanie gazowym [TJ];;TJ;brak_rekordu_w_api;;;;;;6649774;8212898000062;282
2021;2021;;Ghana;GH;kraj_lub_terytorium;27111100;27111100 - Gaz ziemny skroplony [TJ];;TJ;brak_rekordu_w_api;;;;;;6649740;8212945000062;282
2021;2021;;Ghana;GH;kraj_lub_terytorium;27112100;27112100 - Gaz ziemny w stanie gazowym [TJ];;TJ;brak_rekordu_w_api;;;;;;6649740;8212898000062;282
2021;2021;;Gibraltar;GI;kraj_lub_terytorium;27111100;27111100 - Gaz ziemny skroplony [TJ];;TJ;brak_rekordu_w_api;;;;;;6649909;8212945000062;282
2021;2021;;Gibraltar;GI;kraj_lub_terytorium;27112100;27112100 - Gaz ziemny w stanie gazowym [TJ];;TJ;brak_rekordu_w_api;;;;;;6649909;8212898000062;282
2021;2021;;Grecja;GR;kraj_lub_terytorium;27111100;27111100 - Gaz ziemny skroplony [TJ];;TJ;brak_rekordu_w_api;;;;;;6649908;8212945000062;282
2021;2021;;Grecja;GR;kraj_lub_terytorium;27112100;27112100 - Gaz ziemny w stanie gazowym [TJ];;TJ;brak_rekordu_w_api;;;;;;6649908;8212898000062;282
2021;2021;;Grenada;GD;kraj_lub_terytorium;27111100;27111100 - Gaz ziemny skroplony [TJ];;TJ;brak_rekordu_w_api;;;;;;6649806;8212945000062;282
2021;2021;;Grenada;GD;kraj_lub_terytorium;27112100;27112100 - Gaz ziemny w stanie gazowym [TJ];;TJ;brak_rekordu_w_api;;;;;;6649806;8212898000062;282
2021;2021;;Grenlandia;GL;kraj_lub_terytorium;27111100;27111100 - Gaz ziemny skroplony [TJ];;TJ;brak_rekordu_w_api;;;;;;6649807;8212945000062;282
2021;2021;;Grenlandia;GL;kraj_lub_terytorium;27112100;27112100 - Gaz ziemny w stanie gazowym [TJ];;TJ;brak_rekordu_w_api;;;;;;6649807;8212898000062;282
2021;2021;;Gruzja;GE;kraj_lub_terytorium;27111100;27111100 - Gaz ziemny skroplony [TJ];;TJ;brak_rekordu_w_api;;;;;;6649858;8212945000062;282
2021;2021;;Gruzja;GE;kraj_lub_terytorium;27112100;27112100 - Gaz ziemny w stanie gazowym [TJ];;TJ;brak_rekordu_w_api;;;;;;6649858;8212898000062;282
2021;2021;;Guam;GU;kraj_lub_terytorium;27111100;27111100 - Gaz ziemny skroplony [TJ];;TJ;brak_rekordu_w_api;;;;;;6649692;8212945000062;282
2021;2021;;Guam;GU;kraj_lub_terytorium;27112100;27112100 - Gaz ziemny w stanie gazowym [TJ];;TJ;brak_rekordu_w_api;;;;;;6649692;8212898000062;282
2021;2021;;Gujana;GY;kraj_lub_terytorium;27111100;27111100 - Gaz ziemny skroplony [TJ];;TJ;brak_rekordu_w_api;;;;;;6649772;8212945000062;282
2021;2021;;Gujana;GY;kraj_lub_terytorium;27112100;27112100 - Gaz ziemny w stanie gazowym [TJ];;TJ;brak_rekordu_w_api;;;;;;6649772;8212898000062;282
2021;2021;;Gwatemala;GT;kraj_lub_terytorium;27111100;27111100 - Gaz ziemny skroplony [TJ];;TJ;brak_rekordu_w_api;;;;;;6649804;8212945000062;282
2021;2021;;Gwatemala;GT;kraj_lub_terytorium;27112100;27112100 - Gaz ziemny w stanie gazowym [TJ];;TJ;brak_rekordu_w_api;;;;;;6649804;8212898000062;282
2021;2021;;Gwinea;GN;kraj_lub_terytorium;27111100;27111100 - Gaz ziemny skroplony [TJ];;TJ;brak_rekordu_w_api;;;;;;6649739;8212945000062;282
2021;2021;;Gwinea;GN;kraj_lub_terytorium;27112100;27112100 - Gaz ziemny w stanie gazowym [TJ];;TJ;brak_rekordu_w_api;;;;;;6649739;8212898000062;282
2021;2021;;Gwinea Bissau;GW;kraj_lub_terytorium;27111100;27111100 - Gaz ziemny skroplony [TJ];;TJ;brak_rekordu_w_api;;;;;;6649723;8212945000062;282
2021;2021;;Gwinea Bissau;GW;kraj_lub_terytorium;27112100;27112100 - Gaz ziemny w stanie gazowym [TJ];;TJ;brak_rekordu_w_api;;;;;;6649723;8212898000062;282
2021;2021;;Gwinea Równikowa;GQ;kraj_lub_terytorium;27111100;27111100 - Gaz ziemny skroplony [TJ];;TJ;brak_rekordu_w_api;;;;;;6649746;8212945000062;282
2021;2021;;Gwinea Równikowa;GQ;kraj_lub_terytorium;27112100;27112100 - Gaz ziemny w stanie gazowym [TJ];;TJ;brak_rekordu_w_api;;;;;;6649746;8212898000062;282
2021;2021;;Haiti;HT;kraj_lub_terytorium;27111100;27111100 - Gaz ziemny skroplony [TJ];;TJ;brak_rekordu_w_api;;;;;;6649803;8212945000062;282
2021;2021;;Haiti;HT;kraj_lub_terytorium;27112100;27112100 - Gaz ziemny w stanie gazowym [TJ];;TJ;brak_rekordu_w_api;;;;;;6649803;8212898000062;282
2021;2021;;Hiszpania;ES;kraj_lub_terytorium;27111100;27111100 - Gaz ziemny skroplony [TJ];;TJ;brak_rekordu_w_api;;;;;;6649884;8212945000062;282
2021;2021;;Hiszpania;ES;kraj_lub_terytorium;27112100;27112100 - Gaz ziemny w stanie gazowym [TJ];;TJ;brak_rekordu_w_api;;;;;;6649884;8212898000062;282
2021;2021;;Holandia;NL;kraj_lub_terytorium;27111100;27111100 - Gaz ziemny skroplony [TJ];;TJ;brak_rekordu_w_api;;;;;;6649894;8212945000062;282
2021;2021;;Holandia;NL;kraj_lub_terytorium;27112100;27112100 - Gaz ziemny w stanie gazowym [TJ];;TJ;brak_rekordu_w_api;;;;;;6649894;8212898000062;282
2021;2021;;Honduras;HN;kraj_lub_terytorium;27111100;27111100 - Gaz ziemny skroplony [TJ];;TJ;brak_rekordu_w_api;;;;;;6649802;8212945000062;282
2021;2021;;Honduras;HN;kraj_lub_terytorium;27112100;27112100 - Gaz ziemny w stanie gazowym [TJ];;TJ;brak_rekordu_w_api;;;;;;6649802;8212898000062;282
2021;2021;;Hongkong;HK;kraj_lub_terytorium;27111100;27111100 - Gaz ziemny skroplony [TJ];;TJ;brak_rekordu_w_api;;;;;;7475865;8212945000062;282
2021;2021;;Hongkong;HK;kraj_lub_terytorium;27112100;27112100 - Gaz ziemny w stanie gazowym [TJ];;TJ;brak_rekordu_w_api;;;;;;7475865;8212898000062;282
2021;2021;;Indie;IN;kraj_lub_terytorium;27111100;27111100 - Gaz ziemny skroplony [TJ];;TJ;brak_rekordu_w_api;;;;;;6649855;8212945000062;282
2021;2021;;Indie;IN;kraj_lub_terytorium;27112100;27112100 - Gaz ziemny w stanie gazowym [TJ];;TJ;brak_rekordu_w_api;;;;;;6649855;8212898000062;282
2021;2021;;Indonezja;ID;kraj_lub_terytorium;27111100;27111100 - Gaz ziemny skroplony [TJ];;TJ;brak_rekordu_w_api;;;;;;6649854;8212945000062;282
2021;2021;;Indonezja;ID;kraj_lub_terytorium;27112100;27112100 - Gaz ziemny w stanie gazowym [TJ];;TJ;brak_rekordu_w_api;;;;;;6649854;8212898000062;282
2021;2021;;Irak;IQ;kraj_lub_terytorium;27111100;27111100 - Gaz ziemny skroplony [TJ];;TJ;brak_rekordu_w_api;;;;;;6649852;8212945000062;282
2021;2021;;Irak;IQ;kraj_lub_terytorium;27112100;27112100 - Gaz ziemny w stanie gazowym [TJ];;TJ;brak_rekordu_w_api;;;;;;6649852;8212898000062;282
2021;2021;;Iran;IR;kraj_lub_terytorium;27111100;27111100 - Gaz ziemny skroplony [TJ];;TJ;brak_rekordu_w_api;;;;;;6649853;8212945000062;282
2021;2021;;Iran;IR;kraj_lub_terytorium;27112100;27112100 - Gaz ziemny w stanie gazowym [TJ];;TJ;brak_rekordu_w_api;;;;;;6649853;8212898000062;282
2021;2021;;Irlandia;IE;kraj_lub_terytorium;27111100;27111100 - Gaz ziemny skroplony [TJ];;TJ;brak_rekordu_w_api;;;;;;6649904;8212945000062;282
2021;2021;;Irlandia;IE;kraj_lub_terytorium;27112100;27112100 - Gaz ziemny w stanie gazowym [TJ];;TJ;brak_rekordu_w_api;;;;;;6649904;8212898000062;282
2021;2021;;Islandia;IS;kraj_lub_terytorium;27111100;27111100 - Gaz ziemny skroplony [TJ];;TJ;brak_rekordu_w_api;;;;;;6649905;8212945000062;282
2021;2021;;Islandia;IS;kraj_lub_terytorium;27112100;27112100 - Gaz ziemny w stanie gazowym [TJ];;TJ;brak_rekordu_w_api;;;;;;6649905;8212898000062;282
2021;2021;;Izrael;IL;kraj_lub_terytorium;27111100;27111100 - Gaz ziemny skroplony [TJ];;TJ;brak_rekordu_w_api;;;;;;6649851;8212945000062;282
2021;2021;;Izrael;IL;kraj_lub_terytorium;27112100;27112100 - Gaz ziemny w stanie gazowym [TJ];;TJ;brak_rekordu_w_api;;;;;;6649851;8212898000062;282
2021;2021;;Jamajka;JM;kraj_lub_terytorium;27111100;27111100 - Gaz ziemny skroplony [TJ];;TJ;brak_rekordu_w_api;;;;;;6649801;8212945000062;282
2021;2021;;Jamajka;JM;kraj_lub_terytorium;27112100;27112100 - Gaz ziemny w stanie gazowym [TJ];;TJ;brak_rekordu_w_api;;;;;;6649801;8212898000062;282
2021;2021;;Japonia;JP;kraj_lub_terytorium;27111100;27111100 - Gaz ziemny skroplony [TJ];;TJ;brak_rekordu_w_api;;;;;;6649850;8212945000062;282
2021;2021;;Japonia;JP;kraj_lub_terytorium;27112100;27112100 - Gaz ziemny w stanie gazowym [TJ];;TJ;brak_rekordu_w_api;;;;;;6649850;8212898000062;282
2021;2021;;Jemen;YE;kraj_lub_terytorium;27111100;27111100 - Gaz ziemny skroplony [TJ];;TJ;brak_rekordu_w_api;;;;;;6649819;8212945000062;282
2021;2021;;Jemen;YE;kraj_lub_terytorium;27112100;27112100 - Gaz ziemny w stanie gazowym [TJ];;TJ;brak_rekordu_w_api;;;;;;6649819;8212898000062;282
2021;2021;;Jordania;JO;kraj_lub_terytorium;27111100;27111100 - Gaz ziemny skroplony [TJ];;TJ;brak_rekordu_w_api;;;;;;6649848;8212945000062;282
2021;2021;;Jordania;JO;kraj_lub_terytorium;27112100;27112100 - Gaz ziemny w stanie gazowym [TJ];;TJ;brak_rekordu_w_api;;;;;;6649848;8212898000062;282
2021;2021;;Kajmany;KY;kraj_lub_terytorium;27111100;27111100 - Gaz ziemny skroplony [TJ];;TJ;brak_rekordu_w_api;;;;;;6649812;8212945000062;282
2021;2021;;Kajmany;KY;kraj_lub_terytorium;27112100;27112100 - Gaz ziemny w stanie gazowym [TJ];;TJ;brak_rekordu_w_api;;;;;;6649812;8212898000062;282
2021;2021;;Kambodża;KH;kraj_lub_terytorium;27111100;27111100 - Gaz ziemny skroplony [TJ];;TJ;brak_rekordu_w_api;;;;;;6649864;8212945000062;282
2021;2021;;Kambodża;KH;kraj_lub_terytorium;27112100;27112100 - Gaz ziemny w stanie gazowym [TJ];;TJ;brak_rekordu_w_api;;;;;;6649864;8212898000062;282
2021;2021;;Kamerun;CM;kraj_lub_terytorium;27111100;27111100 - Gaz ziemny skroplony [TJ];;TJ;brak_rekordu_w_api;;;;;;6649756;8212945000062;282
2021;2021;;Kamerun;CM;kraj_lub_terytorium;27112100;27112100 - Gaz ziemny w stanie gazowym [TJ];;TJ;brak_rekordu_w_api;;;;;;6649756;8212898000062;282
2021;2021;;Kanada;CA;kraj_lub_terytorium;27111100;27111100 - Gaz ziemny skroplony [TJ];;TJ;brak_rekordu_w_api;;;;;;6649813;8212945000062;282
2021;2021;;Kanada;CA;kraj_lub_terytorium;27112100;27112100 - Gaz ziemny w stanie gazowym [TJ];;TJ;brak_rekordu_w_api;;;;;;6649813;8212898000062;282
2021;2021;;Katar;QA;kraj_lub_terytorium;27111100;27111100 - Gaz ziemny skroplony [TJ];;TJ;brak_rekordu_w_api;;;;;;6649831;8212945000062;282
2021;2021;;Katar;QA;kraj_lub_terytorium;27112100;27112100 - Gaz ziemny w stanie gazowym [TJ];;TJ;brak_rekordu_w_api;;;;;;6649831;8212898000062;282
2021;2021;;Kazachstan;KZ;kraj_lub_terytorium;27111100;27111100 - Gaz ziemny skroplony [TJ];;TJ;brak_rekordu_w_api;;;;;;6649849;8212945000062;282
2021;2021;;Kazachstan;KZ;kraj_lub_terytorium;27112100;27112100 - Gaz ziemny w stanie gazowym [TJ];;TJ;brak_rekordu_w_api;;;;;;6649849;8212898000062;282
2021;2021;;Kenia;KE;kraj_lub_terytorium;27111100;27111100 - Gaz ziemny skroplony [TJ];;TJ;brak_rekordu_w_api;;;;;;6649737;8212945000062;282
2021;2021;;Kenia;KE;kraj_lub_terytorium;27112100;27112100 - Gaz ziemny w stanie gazowym [TJ];;TJ;brak_rekordu_w_api;;;;;;6649737;8212898000062;282
2021;2021;;Kirgistan;KG;kraj_lub_terytorium;27111100;27111100 - Gaz ziemny skroplony [TJ];;TJ;brak_rekordu_w_api;;;;;;6649844;8212945000062;282
2021;2021;;Kirgistan;KG;kraj_lub_terytorium;27112100;27112100 - Gaz ziemny w stanie gazowym [TJ];;TJ;brak_rekordu_w_api;;;;;;6649844;8212898000062;282
2021;2021;;Kiribati;KI;kraj_lub_terytorium;27111100;27111100 - Gaz ziemny skroplony [TJ];;TJ;brak_rekordu_w_api;;;;;;6649694;8212945000062;282
2021;2021;;Kiribati;KI;kraj_lub_terytorium;27112100;27112100 - Gaz ziemny w stanie gazowym [TJ];;TJ;brak_rekordu_w_api;;;;;;6649694;8212898000062;282
2021;2021;;Kolumbia;CO;kraj_lub_terytorium;27111100;27111100 - Gaz ziemny skroplony [TJ];;TJ;brak_rekordu_w_api;;;;;;6649777;8212945000062;282
2021;2021;;Kolumbia;CO;kraj_lub_terytorium;27112100;27112100 - Gaz ziemny w stanie gazowym [TJ];;TJ;brak_rekordu_w_api;;;;;;6649777;8212898000062;282
2021;2021;;Komory;KM;kraj_lub_terytorium;27111100;27111100 - Gaz ziemny skroplony [TJ];;TJ;brak_rekordu_w_api;;;;;;6649752;8212945000062;282
2021;2021;;Komory;KM;kraj_lub_terytorium;27112100;27112100 - Gaz ziemny w stanie gazowym [TJ];;TJ;brak_rekordu_w_api;;;;;;6649752;8212898000062;282
2021;2021;;Kongo;CG;kraj_lub_terytorium;27111100;27111100 - Gaz ziemny skroplony [TJ];;TJ;brak_rekordu_w_api;;;;;;6649749;8212945000062;282
2021;2021;;Kongo;CG;kraj_lub_terytorium;27112100;27112100 - Gaz ziemny w stanie gazowym [TJ];;TJ;brak_rekordu_w_api;;;;;;6649749;8212898000062;282
2021;2021;;Korea Południowa;KR;kraj_lub_terytorium;27111100;27111100 - Gaz ziemny skroplony [TJ];;TJ;brak_rekordu_w_api;;;;;;6649846;8212945000062;282
2021;2021;;Korea Południowa;KR;kraj_lub_terytorium;27112100;27112100 - Gaz ziemny w stanie gazowym [TJ];;TJ;brak_rekordu_w_api;;;;;;6649846;8212898000062;282
2021;2021;;Korea Północna;KP;kraj_lub_terytorium;27111100;27111100 - Gaz ziemny skroplony [TJ];;TJ;brak_rekordu_w_api;;;;;;6649847;8212945000062;282
2021;2021;;Korea Północna;KP;kraj_lub_terytorium;27112100;27112100 - Gaz ziemny w stanie gazowym [TJ];;TJ;brak_rekordu_w_api;;;;;;6649847;8212898000062;282
2021;2021;;Kosowo;XK;kraj_lub_terytorium;27111100;27111100 - Gaz ziemny skroplony [TJ];;TJ;brak_rekordu_w_api;;;;;;6649893;8212945000062;282
2021;2021;;Kosowo;XK;kraj_lub_terytorium;27112100;27112100 - Gaz ziemny w stanie gazowym [TJ];;TJ;brak_rekordu_w_api;;;;;;6649893;8212898000062;282
2021;2021;;Kostaryka;CR;kraj_lub_terytorium;27111100;27111100 - Gaz ziemny skroplony [TJ];;TJ;brak_rekordu_w_api;;;;;;6649811;8212945000062;282
2021;2021;;Kostaryka;CR;kraj_lub_terytorium;27112100;27112100 - Gaz ziemny w stanie gazowym [TJ];;TJ;brak_rekordu_w_api;;;;;;6649811;8212898000062;282
2021;2021;;Kuba;CU;kraj_lub_terytorium;27111100;27111100 - Gaz ziemny skroplony [TJ];;TJ;brak_rekordu_w_api;;;;;;6649810;8212945000062;282
2021;2021;;Kuba;CU;kraj_lub_terytorium;27112100;27112100 - Gaz ziemny w stanie gazowym [TJ];;TJ;brak_rekordu_w_api;;;;;;6649810;8212898000062;282
2021;2021;;Kuwejt;KW;kraj_lub_terytorium;27111100;27111100 - Gaz ziemny skroplony [TJ];;TJ;brak_rekordu_w_api;;;;;;6649845;8212945000062;282
2021;2021;;Kuwejt;KW;kraj_lub_terytorium;27112100;27112100 - Gaz ziemny w stanie gazowym [TJ];;TJ;brak_rekordu_w_api;;;;;;6649845;8212898000062;282
2021;2021;;Laos;LA;kraj_lub_terytorium;27111100;27111100 - Gaz ziemny skroplony [TJ];;TJ;brak_rekordu_w_api;;;;;;6649843;8212945000062;282
2021;2021;;Laos;LA;kraj_lub_terytorium;27112100;27112100 - Gaz ziemny w stanie gazowym [TJ];;TJ;brak_rekordu_w_api;;;;;;6649843;8212898000062;282
2021;2021;;Lesotho;LS;kraj_lub_terytorium;27111100;27111100 - Gaz ziemny skroplony [TJ];;TJ;brak_rekordu_w_api;;;;;;6649736;8212945000062;282
2021;2021;;Lesotho;LS;kraj_lub_terytorium;27112100;27112100 - Gaz ziemny w stanie gazowym [TJ];;TJ;brak_rekordu_w_api;;;;;;6649736;8212898000062;282
2021;2021;;Liban;LB;kraj_lub_terytorium;27111100;27111100 - Gaz ziemny skroplony [TJ];;TJ;brak_rekordu_w_api;;;;;;6649841;8212945000062;282
2021;2021;;Liban;LB;kraj_lub_terytorium;27112100;27112100 - Gaz ziemny w stanie gazowym [TJ];;TJ;brak_rekordu_w_api;;;;;;6649841;8212898000062;282
2021;2021;;Liberia;LR;kraj_lub_terytorium;27111100;27111100 - Gaz ziemny skroplony [TJ];;TJ;brak_rekordu_w_api;;;;;;6649735;8212945000062;282
2021;2021;;Liberia;LR;kraj_lub_terytorium;27112100;27112100 - Gaz ziemny w stanie gazowym [TJ];;TJ;brak_rekordu_w_api;;;;;;6649735;8212898000062;282
2021;2021;;Libia;LY;kraj_lub_terytorium;27111100;27111100 - Gaz ziemny skroplony [TJ];;TJ;brak_rekordu_w_api;;;;;;6649734;8212945000062;282
2021;2021;;Libia;LY;kraj_lub_terytorium;27112100;27112100 - Gaz ziemny w stanie gazowym [TJ];;TJ;brak_rekordu_w_api;;;;;;6649734;8212898000062;282
2021;2021;;Liechtenstein;LI;kraj_lub_terytorium;27111100;27111100 - Gaz ziemny skroplony [TJ];;TJ;brak_rekordu_w_api;;;;;;6649901;8212945000062;282
2021;2021;;Liechtenstein;LI;kraj_lub_terytorium;27112100;27112100 - Gaz ziemny w stanie gazowym [TJ];;TJ;brak_rekordu_w_api;;;;;;6649901;8212898000062;282
2021;2021;;Litwa;LT;kraj_lub_terytorium;27111100;27111100 - Gaz ziemny skroplony [TJ];30,0;TJ;wartosc_opublikowana;Dane ostateczne;Dane jawne;Nie dotyczy;;1;6649900;8212945000062;282
2021;2021;;Litwa;LT;kraj_lub_terytorium;27112100;27112100 - Gaz ziemny w stanie gazowym [TJ];;TJ;brak_rekordu_w_api;;;;;;6649900;8212898000062;282
2021;2021;;Luksemburg;LU;kraj_lub_terytorium;27111100;27111100 - Gaz ziemny skroplony [TJ];;TJ;brak_rekordu_w_api;;;;;;6649899;8212945000062;282
2021;2021;;Luksemburg;LU;kraj_lub_terytorium;27112100;27112100 - Gaz ziemny w stanie gazowym [TJ];;TJ;brak_rekordu_w_api;;;;;;6649899;8212898000062;282
2021;2021;;Macedonia Północna;MK;kraj_lub_terytorium;27111100;27111100 - Gaz ziemny skroplony [TJ];;TJ;brak_rekordu_w_api;;;;;;7437335;8212945000062;282
2021;2021;;Macedonia Północna;MK;kraj_lub_terytorium;27112100;27112100 - Gaz ziemny w stanie gazowym [TJ];;TJ;brak_rekordu_w_api;;;;;;7437335;8212898000062;282
2021;2021;;Madagaskar;MG;kraj_lub_terytorium;27111100;27111100 - Gaz ziemny skroplony [TJ];;TJ;brak_rekordu_w_api;;;;;;6649733;8212945000062;282
2021;2021;;Madagaskar;MG;kraj_lub_terytorium;27112100;27112100 - Gaz ziemny w stanie gazowym [TJ];;TJ;brak_rekordu_w_api;;;;;;6649733;8212898000062;282
2021;2021;;Majotta;YT;kraj_lub_terytorium;27111100;27111100 - Gaz ziemny skroplony [TJ];;TJ;brak_rekordu_w_api;;;;;;6649751;8212945000062;282
2021;2021;;Majotta;YT;kraj_lub_terytorium;27112100;27112100 - Gaz ziemny w stanie gazowym [TJ];;TJ;brak_rekordu_w_api;;;;;;6649751;8212898000062;282
2021;2021;;Makau;MO;kraj_lub_terytorium;27111100;27111100 - Gaz ziemny skroplony [TJ];;TJ;brak_rekordu_w_api;;;;;;7548214;8212945000062;282
2021;2021;;Makau;MO;kraj_lub_terytorium;27112100;27112100 - Gaz ziemny w stanie gazowym [TJ];;TJ;brak_rekordu_w_api;;;;;;7548214;8212898000062;282
2021;2021;;Malawi;MW;kraj_lub_terytorium;27111100;27111100 - Gaz ziemny skroplony [TJ];;TJ;brak_rekordu_w_api;;;;;;6649732;8212945000062;282
2021;2021;;Malawi;MW;kraj_lub_terytorium;27112100;27112100 - Gaz ziemny w stanie gazowym [TJ];;TJ;brak_rekordu_w_api;;;;;;6649732;8212898000062;282
2021;2021;;Malediwy;MV;kraj_lub_terytorium;27111100;27111100 - Gaz ziemny skroplony [TJ];;TJ;brak_rekordu_w_api;;;;;;6649838;8212945000062;282
2021;2021;;Malediwy;MV;kraj_lub_terytorium;27112100;27112100 - Gaz ziemny w stanie gazowym [TJ];;TJ;brak_rekordu_w_api;;;;;;6649838;8212898000062;282
2021;2021;;Malezja;MY;kraj_lub_terytorium;27111100;27111100 - Gaz ziemny skroplony [TJ];;TJ;brak_rekordu_w_api;;;;;;6649839;8212945000062;282
2021;2021;;Malezja;MY;kraj_lub_terytorium;27112100;27112100 - Gaz ziemny w stanie gazowym [TJ];;TJ;brak_rekordu_w_api;;;;;;6649839;8212898000062;282
2021;2021;;Mali;ML;kraj_lub_terytorium;27111100;27111100 - Gaz ziemny skroplony [TJ];;TJ;brak_rekordu_w_api;;;;;;6649731;8212945000062;282
2021;2021;;Mali;ML;kraj_lub_terytorium;27112100;27112100 - Gaz ziemny w stanie gazowym [TJ];;TJ;brak_rekordu_w_api;;;;;;6649731;8212898000062;282
2021;2021;;Malta;MT;kraj_lub_terytorium;27111100;27111100 - Gaz ziemny skroplony [TJ];;TJ;brak_rekordu_w_api;;;;;;6649898;8212945000062;282
2021;2021;;Malta;MT;kraj_lub_terytorium;27112100;27112100 - Gaz ziemny w stanie gazowym [TJ];;TJ;brak_rekordu_w_api;;;;;;6649898;8212898000062;282
2021;2021;;Mariany Północne;MP;kraj_lub_terytorium;27111100;27111100 - Gaz ziemny skroplony [TJ];;TJ;brak_rekordu_w_api;;;;;;6649684;8212945000062;282
2021;2021;;Mariany Północne;MP;kraj_lub_terytorium;27112100;27112100 - Gaz ziemny w stanie gazowym [TJ];;TJ;brak_rekordu_w_api;;;;;;6649684;8212898000062;282
2021;2021;;Maroko;MA;kraj_lub_terytorium;27111100;27111100 - Gaz ziemny skroplony [TJ];;TJ;brak_rekordu_w_api;;;;;;6649728;8212945000062;282
2021;2021;;Maroko;MA;kraj_lub_terytorium;27112100;27112100 - Gaz ziemny w stanie gazowym [TJ];;TJ;brak_rekordu_w_api;;;;;;6649728;8212898000062;282
2021;2021;;Mauretania;MR;kraj_lub_terytorium;27111100;27111100 - Gaz ziemny skroplony [TJ];;TJ;brak_rekordu_w_api;;;;;;6649730;8212945000062;282
2021;2021;;Mauretania;MR;kraj_lub_terytorium;27112100;27112100 - Gaz ziemny w stanie gazowym [TJ];;TJ;brak_rekordu_w_api;;;;;;6649730;8212898000062;282
2021;2021;;Mauritius;MU;kraj_lub_terytorium;27111100;27111100 - Gaz ziemny skroplony [TJ];;TJ;brak_rekordu_w_api;;;;;;6649729;8212945000062;282
2021;2021;;Mauritius;MU;kraj_lub_terytorium;27112100;27112100 - Gaz ziemny w stanie gazowym [TJ];;TJ;brak_rekordu_w_api;;;;;;6649729;8212898000062;282
2021;2021;;Małe Oddalone Wyspy Stanów Zjednoczonych;UM;kraj_lub_terytorium;27111100;27111100 - Gaz ziemny skroplony [TJ];;TJ;brak_rekordu_w_api;;;;;;7548583;8212945000062;282
2021;2021;;Małe Oddalone Wyspy Stanów Zjednoczonych;UM;kraj_lub_terytorium;27112100;27112100 - Gaz ziemny w stanie gazowym [TJ];;TJ;brak_rekordu_w_api;;;;;;7548583;8212898000062;282
2021;2021;;Meksyk;MX;kraj_lub_terytorium;27111100;27111100 - Gaz ziemny skroplony [TJ];;TJ;brak_rekordu_w_api;;;;;;6649799;8212945000062;282
2021;2021;;Meksyk;MX;kraj_lub_terytorium;27112100;27112100 - Gaz ziemny w stanie gazowym [TJ];;TJ;brak_rekordu_w_api;;;;;;6649799;8212898000062;282
2021;2021;;Melilla;XL;kraj_lub_terytorium;27111100;27111100 - Gaz ziemny skroplony [TJ];;TJ;brak_rekordu_w_api;;;;;;6649761;8212945000062;282
2021;2021;;Melilla;XL;kraj_lub_terytorium;27112100;27112100 - Gaz ziemny w stanie gazowym [TJ];;TJ;brak_rekordu_w_api;;;;;;6649761;8212898000062;282
2021;2021;;Mikronezja;FM;kraj_lub_terytorium;27111100;27111100 - Gaz ziemny skroplony [TJ];;TJ;brak_rekordu_w_api;;;;;;6649682;8212945000062;282
2021;2021;;Mikronezja;FM;kraj_lub_terytorium;27112100;27112100 - Gaz ziemny w stanie gazowym [TJ];;TJ;brak_rekordu_w_api;;;;;;6649682;8212898000062;282
2021;2021;;Mjanma (Birma);MM;kraj_lub_terytorium;27111100;27111100 - Gaz ziemny skroplony [TJ];;TJ;brak_rekordu_w_api;;;;;;6649865;8212945000062;282
2021;2021;;Mjanma (Birma);MM;kraj_lub_terytorium;27112100;27112100 - Gaz ziemny w stanie gazowym [TJ];;TJ;brak_rekordu_w_api;;;;;;6649865;8212898000062;282
2021;2021;;Mongolia;MN;kraj_lub_terytorium;27111100;27111100 - Gaz ziemny skroplony [TJ];;TJ;brak_rekordu_w_api;;;;;;6649837;8212945000062;282
2021;2021;;Mongolia;MN;kraj_lub_terytorium;27112100;27112100 - Gaz ziemny w stanie gazowym [TJ];;TJ;brak_rekordu_w_api;;;;;;6649837;8212898000062;282
2021;2021;;Montserrat;MS;kraj_lub_terytorium;27111100;27111100 - Gaz ziemny skroplony [TJ];;TJ;brak_rekordu_w_api;;;;;;6649798;8212945000062;282
2021;2021;;Montserrat;MS;kraj_lub_terytorium;27112100;27112100 - Gaz ziemny w stanie gazowym [TJ];;TJ;brak_rekordu_w_api;;;;;;6649798;8212898000062;282
2021;2021;;Mozambik;MZ;kraj_lub_terytorium;27111100;27111100 - Gaz ziemny skroplony [TJ];;TJ;brak_rekordu_w_api;;;;;;6649727;8212945000062;282
2021;2021;;Mozambik;MZ;kraj_lub_terytorium;27112100;27112100 - Gaz ziemny w stanie gazowym [TJ];;TJ;brak_rekordu_w_api;;;;;;6649727;8212898000062;282
2021;2021;;Mołdawia;MD;kraj_lub_terytorium;27111100;27111100 - Gaz ziemny skroplony [TJ];;TJ;brak_rekordu_w_api;;;;;;6649896;8212945000062;282
2021;2021;;Mołdawia;MD;kraj_lub_terytorium;27112100;27112100 - Gaz ziemny w stanie gazowym [TJ];;TJ;brak_rekordu_w_api;;;;;;6649896;8212898000062;282
2021;2021;;Namibia;NA;kraj_lub_terytorium;27111100;27111100 - Gaz ziemny skroplony [TJ];;TJ;brak_rekordu_w_api;;;;;;6649726;8212945000062;282
2021;2021;;Namibia;NA;kraj_lub_terytorium;27112100;27112100 - Gaz ziemny w stanie gazowym [TJ];;TJ;brak_rekordu_w_api;;;;;;6649726;8212898000062;282
2021;2021;;Nauru;NR;kraj_lub_terytorium;27111100;27111100 - Gaz ziemny skroplony [TJ];;TJ;brak_rekordu_w_api;;;;;;6649690;8212945000062;282
2021;2021;;Nauru;NR;kraj_lub_terytorium;27112100;27112100 - Gaz ziemny w stanie gazowym [TJ];;TJ;brak_rekordu_w_api;;;;;;6649690;8212898000062;282
2021;2021;;Nepal;NP;kraj_lub_terytorium;27111100;27111100 - Gaz ziemny skroplony [TJ];;TJ;brak_rekordu_w_api;;;;;;6649835;8212945000062;282
2021;2021;;Nepal;NP;kraj_lub_terytorium;27112100;27112100 - Gaz ziemny w stanie gazowym [TJ];;TJ;brak_rekordu_w_api;;;;;;6649835;8212898000062;282
2021;2021;;Niemcy;DE;kraj_lub_terytorium;27111100;27111100 - Gaz ziemny skroplony [TJ];1161,0;TJ;wartosc_opublikowana;Dane ostateczne;Dane jawne;Nie dotyczy;;1;6649910;8212945000062;282
2021;2021;;Niemcy;DE;kraj_lub_terytorium;27112100;27112100 - Gaz ziemny w stanie gazowym [TJ];4,0;TJ;wartosc_opublikowana;Dane ostateczne;Dane jawne;Nie dotyczy;;1;6649910;8212898000062;282
2021;2021;;Niew.kr.i teryt, p. handl.i mil;QX;kategoria_specjalna;27111100;27111100 - Gaz ziemny skroplony [TJ];;TJ;brak_rekordu_w_api;;;;;;7276956;8212945000062;282
2021;2021;;Niew.kr.i teryt, p. handl.i mil;QX;kategoria_specjalna;27112100;27112100 - Gaz ziemny w stanie gazowym [TJ];;TJ;brak_rekordu_w_api;;;;;;7276956;8212898000062;282
2021;2021;;Niewyszczególnione kr. i teryt.;QU;kategoria_specjalna;27111100;27111100 - Gaz ziemny skroplony [TJ];;TJ;brak_rekordu_w_api;;;;;;7276957;8212945000062;282
2021;2021;;Niewyszczególnione kr. i teryt.;QU;kategoria_specjalna;27112100;27112100 - Gaz ziemny w stanie gazowym [TJ];;TJ;brak_rekordu_w_api;;;;;;7276957;8212898000062;282
2021;2021;;Nieznany kraj;_no;kategoria_specjalna;27111100;27111100 - Gaz ziemny skroplony [TJ];;TJ;brak_rekordu_w_api;;;;;;7639645;8212945000062;282
2021;2021;;Nieznany kraj;_no;kategoria_specjalna;27112100;27112100 - Gaz ziemny w stanie gazowym [TJ];;TJ;brak_rekordu_w_api;;;;;;7639645;8212898000062;282
2021;2021;;Niger;NE;kraj_lub_terytorium;27111100;27111100 - Gaz ziemny skroplony [TJ];;TJ;brak_rekordu_w_api;;;;;;6649725;8212945000062;282
2021;2021;;Niger;NE;kraj_lub_terytorium;27112100;27112100 - Gaz ziemny w stanie gazowym [TJ];;TJ;brak_rekordu_w_api;;;;;;6649725;8212898000062;282
2021;2021;;Nigeria;NG;kraj_lub_terytorium;27111100;27111100 - Gaz ziemny skroplony [TJ];;TJ;brak_rekordu_w_api;;;;;;6649724;8212945000062;282
2021;2021;;Nigeria;NG;kraj_lub_terytorium;27112100;27112100 - Gaz ziemny w stanie gazowym [TJ];;TJ;brak_rekordu_w_api;;;;;;6649724;8212898000062;282
2021;2021;;Nikaragua;NI;kraj_lub_terytorium;27111100;27111100 - Gaz ziemny skroplony [TJ];;TJ;brak_rekordu_w_api;;;;;;6649795;8212945000062;282
2021;2021;;Nikaragua;NI;kraj_lub_terytorium;27112100;27112100 - Gaz ziemny w stanie gazowym [TJ];;TJ;brak_rekordu_w_api;;;;;;6649795;8212898000062;282
2021;2021;;Niue;NU;kraj_lub_terytorium;27111100;27111100 - Gaz ziemny skroplony [TJ];;TJ;brak_rekordu_w_api;;;;;;6649686;8212945000062;282
2021;2021;;Niue;NU;kraj_lub_terytorium;27112100;27112100 - Gaz ziemny w stanie gazowym [TJ];;TJ;brak_rekordu_w_api;;;;;;6649686;8212898000062;282
2021;2021;;Norfolk;NF;kraj_lub_terytorium;27111100;27111100 - Gaz ziemny skroplony [TJ];;TJ;brak_rekordu_w_api;;;;;;6649685;8212945000062;282
2021;2021;;Norfolk;NF;kraj_lub_terytorium;27112100;27112100 - Gaz ziemny w stanie gazowym [TJ];;TJ;brak_rekordu_w_api;;;;;;6649685;8212898000062;282
2021;2021;;Norwegia;NO;kraj_lub_terytorium;27111100;27111100 - Gaz ziemny skroplony [TJ];;TJ;brak_rekordu_w_api;;;;;;6649892;8212945000062;282
2021;2021;;Norwegia;NO;kraj_lub_terytorium;27112100;27112100 - Gaz ziemny w stanie gazowym [TJ];;TJ;brak_rekordu_w_api;;;;;;6649892;8212898000062;282
2021;2021;;Nowa Kaledonia;NC;kraj_lub_terytorium;27111100;27111100 - Gaz ziemny skroplony [TJ];;TJ;brak_rekordu_w_api;;;;;;6649689;8212945000062;282
2021;2021;;Nowa Kaledonia;NC;kraj_lub_terytorium;27112100;27112100 - Gaz ziemny w stanie gazowym [TJ];;TJ;brak_rekordu_w_api;;;;;;6649689;8212898000062;282
2021;2021;;Nowa Zelandia;NZ;kraj_lub_terytorium;27111100;27111100 - Gaz ziemny skroplony [TJ];;TJ;brak_rekordu_w_api;;;;;;6649687;8212945000062;282
2021;2021;;Nowa Zelandia;NZ;kraj_lub_terytorium;27112100;27112100 - Gaz ziemny w stanie gazowym [TJ];;TJ;brak_rekordu_w_api;;;;;;6649687;8212898000062;282
2021;2021;;Oman;OM;kraj_lub_terytorium;27111100;27111100 - Gaz ziemny skroplony [TJ];;TJ;brak_rekordu_w_api;;;;;;6649836;8212945000062;282
2021;2021;;Oman;OM;kraj_lub_terytorium;27112100;27112100 - Gaz ziemny w stanie gazowym [TJ];;TJ;brak_rekordu_w_api;;;;;;6649836;8212898000062;282
2021;2021;;Pakistan;PK;kraj_lub_terytorium;27111100;27111100 - Gaz ziemny skroplony [TJ];;TJ;brak_rekordu_w_api;;;;;;6649834;8212945000062;282
2021;2021;;Pakistan;PK;kraj_lub_terytorium;27112100;27112100 - Gaz ziemny w stanie gazowym [TJ];;TJ;brak_rekordu_w_api;;;;;;6649834;8212898000062;282
2021;2021;;Palau;PW;kraj_lub_terytorium;27111100;27111100 - Gaz ziemny skroplony [TJ];;TJ;brak_rekordu_w_api;;;;;;6649680;8212945000062;282
2021;2021;;Palau;PW;kraj_lub_terytorium;27112100;27112100 - Gaz ziemny w stanie gazowym [TJ];;TJ;brak_rekordu_w_api;;;;;;6649680;8212898000062;282
2021;2021;;Palestyna;PS;kraj_lub_terytorium;27111100;27111100 - Gaz ziemny skroplony [TJ];;TJ;brak_rekordu_w_api;;;;;;6649857;8212945000062;282
2021;2021;;Palestyna;PS;kraj_lub_terytorium;27112100;27112100 - Gaz ziemny w stanie gazowym [TJ];;TJ;brak_rekordu_w_api;;;;;;6649857;8212898000062;282
2021;2021;;Panama;PA;kraj_lub_terytorium;27111100;27111100 - Gaz ziemny skroplony [TJ];;TJ;brak_rekordu_w_api;;;;;;6649794;8212945000062;282
2021;2021;;Panama;PA;kraj_lub_terytorium;27112100;27112100 - Gaz ziemny w stanie gazowym [TJ];;TJ;brak_rekordu_w_api;;;;;;6649794;8212898000062;282
2021;2021;;Papua-Nowa Gwinea;PG;kraj_lub_terytorium;27111100;27111100 - Gaz ziemny skroplony [TJ];;TJ;brak_rekordu_w_api;;;;;;6649679;8212945000062;282
2021;2021;;Papua-Nowa Gwinea;PG;kraj_lub_terytorium;27112100;27112100 - Gaz ziemny w stanie gazowym [TJ];;TJ;brak_rekordu_w_api;;;;;;6649679;8212898000062;282
2021;2021;;Paragwaj;PY;kraj_lub_terytorium;27111100;27111100 - Gaz ziemny skroplony [TJ];;TJ;brak_rekordu_w_api;;;;;;6649768;8212945000062;282
2021;2021;;Paragwaj;PY;kraj_lub_terytorium;27112100;27112100 - Gaz ziemny w stanie gazowym [TJ];;TJ;brak_rekordu_w_api;;;;;;6649768;8212898000062;282
2021;2021;;Peru;PE;kraj_lub_terytorium;27111100;27111100 - Gaz ziemny skroplony [TJ];;TJ;brak_rekordu_w_api;;;;;;6649767;8212945000062;282
2021;2021;;Peru;PE;kraj_lub_terytorium;27112100;27112100 - Gaz ziemny w stanie gazowym [TJ];;TJ;brak_rekordu_w_api;;;;;;6649767;8212898000062;282
2021;2021;;Pełne morze;QP;kategoria_specjalna;27111100;27111100 - Gaz ziemny skroplony [TJ];;TJ;brak_rekordu_w_api;;;;;;7277327;8212945000062;282
2021;2021;;Pełne morze;QP;kategoria_specjalna;27112100;27112100 - Gaz ziemny w stanie gazowym [TJ];;TJ;brak_rekordu_w_api;;;;;;7277327;8212898000062;282
2021;2021;;Pitcairn;PN;kraj_lub_terytorium;27111100;27111100 - Gaz ziemny skroplony [TJ];;TJ;brak_rekordu_w_api;;;;;;6649678;8212945000062;282
2021;2021;;Pitcairn;PN;kraj_lub_terytorium;27112100;27112100 - Gaz ziemny w stanie gazowym [TJ];;TJ;brak_rekordu_w_api;;;;;;6649678;8212898000062;282
2021;2021;;Polinezja Francuska;PF;kraj_lub_terytorium;27111100;27111100 - Gaz ziemny skroplony [TJ];;TJ;brak_rekordu_w_api;;;;;;6649695;8212945000062;282
2021;2021;;Polinezja Francuska;PF;kraj_lub_terytorium;27112100;27112100 - Gaz ziemny w stanie gazowym [TJ];;TJ;brak_rekordu_w_api;;;;;;6649695;8212898000062;282
2021;2021;;Polska;PL;kraj_lub_terytorium;27111100;27111100 - Gaz ziemny skroplony [TJ];;TJ;brak_rekordu_w_api;;;;;;6649891;8212945000062;282
2021;2021;;Polska;PL;kraj_lub_terytorium;27112100;27112100 - Gaz ziemny w stanie gazowym [TJ];;TJ;brak_rekordu_w_api;;;;;;6649891;8212898000062;282
2021;2021;;Portugalia;PT;kraj_lub_terytorium;27111100;27111100 - Gaz ziemny skroplony [TJ];;TJ;brak_rekordu_w_api;;;;;;6649890;8212945000062;282
2021;2021;;Portugalia;PT;kraj_lub_terytorium;27112100;27112100 - Gaz ziemny w stanie gazowym [TJ];;TJ;brak_rekordu_w_api;;;;;;6649890;8212898000062;282
2021;2021;;Południowa Afryka;ZA;kraj_lub_terytorium;27111100;27111100 - Gaz ziemny skroplony [TJ];;TJ;brak_rekordu_w_api;;;;;;7548785;8212945000062;282
2021;2021;;Południowa Afryka;ZA;kraj_lub_terytorium;27112100;27112100 - Gaz ziemny w stanie gazowym [TJ];;TJ;brak_rekordu_w_api;;;;;;7548785;8212898000062;282
2021;2021;;QQ w ramach handlu z UE;QR;kategoria_specjalna;27111100;27111100 - Gaz ziemny skroplony [TJ];;TJ;brak_rekordu_w_api;;;;;;7277330;8212945000062;282
2021;2021;;QQ w ramach handlu z UE;QR;kategoria_specjalna;27112100;27112100 - Gaz ziemny w stanie gazowym [TJ];;TJ;brak_rekordu_w_api;;;;;;7277330;8212898000062;282
2021;2021;;QQ w ramach handlu z kr.trzecimi;QS;kategoria_specjalna;27111100;27111100 - Gaz ziemny skroplony [TJ];;TJ;brak_rekordu_w_api;;;;;;7277331;8212945000062;282
2021;2021;;QQ w ramach handlu z kr.trzecimi;QS;kategoria_specjalna;27112100;27112100 - Gaz ziemny w stanie gazowym [TJ];;TJ;brak_rekordu_w_api;;;;;;7277331;8212898000062;282
2021;2021;;QU w ramach handlu z UE;QV;kategoria_specjalna;27111100;27111100 - Gaz ziemny skroplony [TJ];;TJ;brak_rekordu_w_api;;;;;;7277396;8212945000062;282
2021;2021;;QU w ramach handlu z UE;QV;kategoria_specjalna;27112100;27112100 - Gaz ziemny w stanie gazowym [TJ];;TJ;brak_rekordu_w_api;;;;;;7277396;8212898000062;282
2021;2021;;QU w ramach handlu z kr.trzecimi;QW;kategoria_specjalna;27111100;27111100 - Gaz ziemny skroplony [TJ];;TJ;brak_rekordu_w_api;;;;;;7277333;8212945000062;282
2021;2021;;QU w ramach handlu z kr.trzecimi;QW;kategoria_specjalna;27112100;27112100 - Gaz ziemny w stanie gazowym [TJ];;TJ;brak_rekordu_w_api;;;;;;7277333;8212898000062;282
2021;2021;;QX w ramach handlu z UE;QY;kategoria_specjalna;27111100;27111100 - Gaz ziemny skroplony [TJ];;TJ;brak_rekordu_w_api;;;;;;7277399;8212945000062;282
2021;2021;;QX w ramach handlu z UE;QY;kategoria_specjalna;27112100;27112100 - Gaz ziemny w stanie gazowym [TJ];;TJ;brak_rekordu_w_api;;;;;;7277399;8212898000062;282
2021;2021;;QX w ramach handlu z kr.trzecimi;QZ;kategoria_specjalna;27111100;27111100 - Gaz ziemny skroplony [TJ];;TJ;brak_rekordu_w_api;;;;;;7277397;8212945000062;282
2021;2021;;QX w ramach handlu z kr.trzecimi;QZ;kategoria_specjalna;27112100;27112100 - Gaz ziemny w stanie gazowym [TJ];;TJ;brak_rekordu_w_api;;;;;;7277397;8212898000062;282
2021;2021;;Republika Zielonego Przylądka;CV;kraj_lub_terytorium;27111100;27111100 - Gaz ziemny skroplony [TJ];;TJ;brak_rekordu_w_api;;;;;;7473154;8212945000062;282
2021;2021;;Republika Zielonego Przylądka;CV;kraj_lub_terytorium;27112100;27112100 - Gaz ziemny w stanie gazowym [TJ];;TJ;brak_rekordu_w_api;;;;;;7473154;8212898000062;282
2021;2021;;Republika Środkowoafrykańska;CF;kraj_lub_terytorium;27111100;27111100 - Gaz ziemny skroplony [TJ];;TJ;brak_rekordu_w_api;;;;;;6649754;8212945000062;282
2021;2021;;Republika Środkowoafrykańska;CF;kraj_lub_terytorium;27112100;27112100 - Gaz ziemny w stanie gazowym [TJ];;TJ;brak_rekordu_w_api;;;;;;6649754;8212898000062;282
2021;2021;;Rosja;RU;kraj_lub_terytorium;27111100;27111100 - Gaz ziemny skroplony [TJ];;TJ;brak_rekordu_w_api;;;;;;6649888;8212945000062;282
2021;2021;;Rosja;RU;kraj_lub_terytorium;27112100;27112100 - Gaz ziemny w stanie gazowym [TJ];;TJ;brak_rekordu_w_api;;;;;;6649888;8212898000062;282
2021;2021;;Rumunia;RO;kraj_lub_terytorium;27111100;27111100 - Gaz ziemny skroplony [TJ];;TJ;brak_rekordu_w_api;;;;;;6649889;8212945000062;282
2021;2021;;Rumunia;RO;kraj_lub_terytorium;27112100;27112100 - Gaz ziemny w stanie gazowym [TJ];;TJ;brak_rekordu_w_api;;;;;;6649889;8212898000062;282
2021;2021;;Rwanda;RW;kraj_lub_terytorium;27111100;27111100 - Gaz ziemny skroplony [TJ];;TJ;brak_rekordu_w_api;;;;;;6649721;8212945000062;282
2021;2021;;Rwanda;RW;kraj_lub_terytorium;27112100;27112100 - Gaz ziemny w stanie gazowym [TJ];;TJ;brak_rekordu_w_api;;;;;;6649721;8212898000062;282
2021;2021;;Sahara Zachodnia;EH;kraj_lub_terytorium;27111100;27111100 - Gaz ziemny skroplony [TJ];;TJ;brak_rekordu_w_api;;;;;;6649711;8212945000062;282
2021;2021;;Sahara Zachodnia;EH;kraj_lub_terytorium;27112100;27112100 - Gaz ziemny w stanie gazowym [TJ];;TJ;brak_rekordu_w_api;;;;;;6649711;8212898000062;282
2021;2021;;Saint  Pierre i Miquelon;PM;kraj_lub_terytorium;27111100;27111100 - Gaz ziemny skroplony [TJ];;TJ;brak_rekordu_w_api;;;;;;6649787;8212945000062;282
2021;2021;;Saint  Pierre i Miquelon;PM;kraj_lub_terytorium;27112100;27112100 - Gaz ziemny w stanie gazowym [TJ];;TJ;brak_rekordu_w_api;;;;;;6649787;8212898000062;282
2021;2021;;Saint Kitts i Nevis;KN;kraj_lub_terytorium;27111100;27111100 - Gaz ziemny skroplony [TJ];;TJ;brak_rekordu_w_api;;;;;;6649791;8212945000062;282
2021;2021;;Saint Kitts i Nevis;KN;kraj_lub_terytorium;27112100;27112100 - Gaz ziemny w stanie gazowym [TJ];;TJ;brak_rekordu_w_api;;;;;;6649791;8212898000062;282
2021;2021;;Saint Lucia;LC;kraj_lub_terytorium;27111100;27111100 - Gaz ziemny skroplony [TJ];;TJ;brak_rekordu_w_api;;;;;;6649789;8212945000062;282
2021;2021;;Saint Lucia;LC;kraj_lub_terytorium;27112100;27112100 - Gaz ziemny w stanie gazowym [TJ];;TJ;brak_rekordu_w_api;;;;;;6649789;8212898000062;282
2021;2021;;Saint Vincent i Grenadyny;VC;kraj_lub_terytorium;27111100;27111100 - Gaz ziemny skroplony [TJ];;TJ;brak_rekordu_w_api;;;;;;6649786;8212945000062;282
2021;2021;;Saint Vincent i Grenadyny;VC;kraj_lub_terytorium;27112100;27112100 - Gaz ziemny w stanie gazowym [TJ];;TJ;brak_rekordu_w_api;;;;;;6649786;8212898000062;282
2021;2021;;Saint-Barthélemy;BL;kraj_lub_terytorium;27111100;27111100 - Gaz ziemny skroplony [TJ];;TJ;brak_rekordu_w_api;;;;;;7463787;8212945000062;282
2021;2021;;Saint-Barthélemy;BL;kraj_lub_terytorium;27112100;27112100 - Gaz ziemny w stanie gazowym [TJ];;TJ;brak_rekordu_w_api;;;;;;7463787;8212898000062;282
2021;2021;;Salwador;SV;kraj_lub_terytorium;27111100;27111100 - Gaz ziemny skroplony [TJ];;TJ;brak_rekordu_w_api;;;;;;6649808;8212945000062;282
2021;2021;;Salwador;SV;kraj_lub_terytorium;27112100;27112100 - Gaz ziemny w stanie gazowym [TJ];;TJ;brak_rekordu_w_api;;;;;;6649808;8212898000062;282
2021;2021;;Samoa;WS;kraj_lub_terytorium;27111100;27111100 - Gaz ziemny skroplony [TJ];;TJ;brak_rekordu_w_api;;;;;;6649672;8212945000062;282
2021;2021;;Samoa;WS;kraj_lub_terytorium;27112100;27112100 - Gaz ziemny w stanie gazowym [TJ];;TJ;brak_rekordu_w_api;;;;;;6649672;8212898000062;282
2021;2021;;Samoa Amerykańskie;AS;kraj_lub_terytorium;27111100;27111100 - Gaz ziemny skroplony [TJ];;TJ;brak_rekordu_w_api;;;;;;6649700;8212945000062;282
2021;2021;;Samoa Amerykańskie;AS;kraj_lub_terytorium;27112100;27112100 - Gaz ziemny w stanie gazowym [TJ];;TJ;brak_rekordu_w_api;;;;;;6649700;8212898000062;282
2021;2021;;San Marino;SM;kraj_lub_terytorium;27111100;27111100 - Gaz ziemny skroplony [TJ];;TJ;brak_rekordu_w_api;;;;;;6649887;8212945000062;282
2021;2021;;San Marino;SM;kraj_lub_terytorium;27112100;27112100 - Gaz ziemny w stanie gazowym [TJ];;TJ;brak_rekordu_w_api;;;;;;6649887;8212898000062;282
2021;2021;;Senegal;SN;kraj_lub_terytorium;27111100;27111100 - Gaz ziemny skroplony [TJ];;TJ;brak_rekordu_w_api;;;;;;6649717;8212945000062;282
2021;2021;;Senegal;SN;kraj_lub_terytorium;27112100;27112100 - Gaz ziemny w stanie gazowym [TJ];;TJ;brak_rekordu_w_api;;;;;;6649717;8212898000062;282
2021;2021;;Serbia;XS;kraj_lub_terytorium;27111100;27111100 - Gaz ziemny skroplony [TJ];;TJ;brak_rekordu_w_api;;;;;;6649951;8212945000062;282
2021;2021;;Serbia;XS;kraj_lub_terytorium;27112100;27112100 - Gaz ziemny w stanie gazowym [TJ];;TJ;brak_rekordu_w_api;;;;;;6649951;8212898000062;282
2021;2021;;Seszele;SC;kraj_lub_terytorium;27111100;27111100 - Gaz ziemny skroplony [TJ];;TJ;brak_rekordu_w_api;;;;;;6649716;8212945000062;282
2021;2021;;Seszele;SC;kraj_lub_terytorium;27112100;27112100 - Gaz ziemny w stanie gazowym [TJ];;TJ;brak_rekordu_w_api;;;;;;6649716;8212898000062;282
2021;2021;;Sierra Leone;SL;kraj_lub_terytorium;27111100;27111100 - Gaz ziemny skroplony [TJ];;TJ;brak_rekordu_w_api;;;;;;6649715;8212945000062;282
2021;2021;;Sierra Leone;SL;kraj_lub_terytorium;27112100;27112100 - Gaz ziemny w stanie gazowym [TJ];;TJ;brak_rekordu_w_api;;;;;;6649715;8212898000062;282
2021;2021;;Singapur;SG;kraj_lub_terytorium;27111100;27111100 - Gaz ziemny skroplony [TJ];;TJ;brak_rekordu_w_api;;;;;;6649829;8212945000062;282
2021;2021;;Singapur;SG;kraj_lub_terytorium;27112100;27112100 - Gaz ziemny w stanie gazowym [TJ];;TJ;brak_rekordu_w_api;;;;;;6649829;8212898000062;282
2021;2021;;Sint Maarten (część niderlandzka);SX;kraj_lub_terytorium;27111100;27111100 - Gaz ziemny skroplony [TJ];;TJ;brak_rekordu_w_api;;;;;;7548327;8212945000062;282
2021;2021;;Sint Maarten (część niderlandzka);SX;kraj_lub_terytorium;27112100;27112100 - Gaz ziemny w stanie gazowym [TJ];;TJ;brak_rekordu_w_api;;;;;;7548327;8212898000062;282
2021;2021;;Somalia;SO;kraj_lub_terytorium;27111100;27111100 - Gaz ziemny skroplony [TJ];;TJ;brak_rekordu_w_api;;;;;;6649714;8212945000062;282
2021;2021;;Somalia;SO;kraj_lub_terytorium;27112100;27112100 - Gaz ziemny w stanie gazowym [TJ];;TJ;brak_rekordu_w_api;;;;;;6649714;8212898000062;282
2021;2021;;Sri Lanka;LK;kraj_lub_terytorium;27111100;27111100 - Gaz ziemny skroplony [TJ];;TJ;brak_rekordu_w_api;;;;;;6649863;8212945000062;282
2021;2021;;Sri Lanka;LK;kraj_lub_terytorium;27112100;27112100 - Gaz ziemny w stanie gazowym [TJ];;TJ;brak_rekordu_w_api;;;;;;6649863;8212898000062;282
2021;2021;;Stany Zjednoczone;US;kraj_lub_terytorium;27111100;27111100 - Gaz ziemny skroplony [TJ];;TJ;brak_rekordu_w_api;;;;;;6649783;8212945000062;282
2021;2021;;Stany Zjednoczone;US;kraj_lub_terytorium;27112100;27112100 - Gaz ziemny w stanie gazowym [TJ];;TJ;brak_rekordu_w_api;;;;;;6649783;8212898000062;282
2021;2021;;Sudan;SD;kraj_lub_terytorium;27111100;27111100 - Gaz ziemny skroplony [TJ];;TJ;brak_rekordu_w_api;;;;;;6649710;8212945000062;282
2021;2021;;Sudan;SD;kraj_lub_terytorium;27112100;27112100 - Gaz ziemny w stanie gazowym [TJ];;TJ;brak_rekordu_w_api;;;;;;6649710;8212898000062;282
2021;2021;;Sudan Południowy;SS;kraj_lub_terytorium;27111100;27111100 - Gaz ziemny skroplony [TJ];;TJ;brak_rekordu_w_api;;;;;;6649709;8212945000062;282
2021;2021;;Sudan Południowy;SS;kraj_lub_terytorium;27112100;27112100 - Gaz ziemny w stanie gazowym [TJ];;TJ;brak_rekordu_w_api;;;;;;6649709;8212898000062;282
2021;2021;;Surinam;SR;kraj_lub_terytorium;27111100;27111100 - Gaz ziemny skroplony [TJ];;TJ;brak_rekordu_w_api;;;;;;6649766;8212945000062;282
2021;2021;;Surinam;SR;kraj_lub_terytorium;27112100;27112100 - Gaz ziemny w stanie gazowym [TJ];;TJ;brak_rekordu_w_api;;;;;;6649766;8212898000062;282
2021;2021;;Syria;SY;kraj_lub_terytorium;27111100;27111100 - Gaz ziemny skroplony [TJ];;TJ;brak_rekordu_w_api;;;;;;6649827;8212945000062;282
2021;2021;;Syria;SY;kraj_lub_terytorium;27112100;27112100 - Gaz ziemny w stanie gazowym [TJ];;TJ;brak_rekordu_w_api;;;;;;6649827;8212898000062;282
2021;2021;;Szwajcaria;CH;kraj_lub_terytorium;27111100;27111100 - Gaz ziemny skroplony [TJ];;TJ;brak_rekordu_w_api;;;;;;6649881;8212945000062;282
2021;2021;;Szwajcaria;CH;kraj_lub_terytorium;27112100;27112100 - Gaz ziemny w stanie gazowym [TJ];;TJ;brak_rekordu_w_api;;;;;;6649881;8212898000062;282
2021;2021;;Szwecja;SE;kraj_lub_terytorium;27111100;27111100 - Gaz ziemny skroplony [TJ];14,0;TJ;wartosc_opublikowana;Dane ostateczne;Dane jawne;Nie dotyczy;;1;6649882;8212945000062;282
2021;2021;;Szwecja;SE;kraj_lub_terytorium;27112100;27112100 - Gaz ziemny w stanie gazowym [TJ];;TJ;brak_rekordu_w_api;;;;;;6649882;8212898000062;282
2021;2021;;Słowacja;SK;kraj_lub_terytorium;27111100;27111100 - Gaz ziemny skroplony [TJ];38,0;TJ;wartosc_opublikowana;Dane ostateczne;Dane jawne;Nie dotyczy;;1;6649886;8212945000062;282
2021;2021;;Słowacja;SK;kraj_lub_terytorium;27112100;27112100 - Gaz ziemny w stanie gazowym [TJ];;TJ;brak_rekordu_w_api;;;;;;6649886;8212898000062;282
2021;2021;;Słowenia;SI;kraj_lub_terytorium;27111100;27111100 - Gaz ziemny skroplony [TJ];;TJ;brak_rekordu_w_api;;;;;;6649885;8212945000062;282
2021;2021;;Słowenia;SI;kraj_lub_terytorium;27112100;27112100 - Gaz ziemny w stanie gazowym [TJ];;TJ;brak_rekordu_w_api;;;;;;6649885;8212898000062;282
2021;2021;;Tadżykistan;TJ;kraj_lub_terytorium;27111100;27111100 - Gaz ziemny skroplony [TJ];;TJ;brak_rekordu_w_api;;;;;;6649826;8212945000062;282
2021;2021;;Tadżykistan;TJ;kraj_lub_terytorium;27112100;27112100 - Gaz ziemny w stanie gazowym [TJ];;TJ;brak_rekordu_w_api;;;;;;6649826;8212898000062;282
2021;2021;;Tajlandia;TH;kraj_lub_terytorium;27111100;27111100 - Gaz ziemny skroplony [TJ];;TJ;brak_rekordu_w_api;;;;;;6649824;8212945000062;282
2021;2021;;Tajlandia;TH;kraj_lub_terytorium;27112100;27112100 - Gaz ziemny w stanie gazowym [TJ];;TJ;brak_rekordu_w_api;;;;;;6649824;8212898000062;282
2021;2021;;Tajwan;TW;kraj_lub_terytorium;27111100;27111100 - Gaz ziemny skroplony [TJ];;TJ;brak_rekordu_w_api;;;;;;7548478;8212945000062;282
2021;2021;;Tajwan;TW;kraj_lub_terytorium;27112100;27112100 - Gaz ziemny w stanie gazowym [TJ];;TJ;brak_rekordu_w_api;;;;;;7548478;8212898000062;282
2021;2021;;Tanzania;TZ;kraj_lub_terytorium;27111100;27111100 - Gaz ziemny skroplony [TJ];;TJ;brak_rekordu_w_api;;;;;;6649703;8212945000062;282
2021;2021;;Tanzania;TZ;kraj_lub_terytorium;27112100;27112100 - Gaz ziemny w stanie gazowym [TJ];;TJ;brak_rekordu_w_api;;;;;;6649703;8212898000062;282
2021;2021;;Timor Wschodni;TL;kraj_lub_terytorium;27111100;27111100 - Gaz ziemny skroplony [TJ];;TJ;brak_rekordu_w_api;;;;;;6649832;8212945000062;282
2021;2021;;Timor Wschodni;TL;kraj_lub_terytorium;27112100;27112100 - Gaz ziemny w stanie gazowym [TJ];;TJ;brak_rekordu_w_api;;;;;;6649832;8212898000062;282
2021;2021;;Togo;TG;kraj_lub_terytorium;27111100;27111100 - Gaz ziemny skroplony [TJ];;TJ;brak_rekordu_w_api;;;;;;6649707;8212945000062;282
2021;2021;;Togo;TG;kraj_lub_terytorium;27112100;27112100 - Gaz ziemny w stanie gazowym [TJ];;TJ;brak_rekordu_w_api;;;;;;6649707;8212898000062;282
2021;2021;;Tokelau;TK;kraj_lub_terytorium;27111100;27111100 - Gaz ziemny skroplony [TJ];;TJ;brak_rekordu_w_api;;;;;;6649676;8212945000062;282
2021;2021;;Tokelau;TK;kraj_lub_terytorium;27112100;27112100 - Gaz ziemny w stanie gazowym [TJ];;TJ;brak_rekordu_w_api;;;;;;6649676;8212898000062;282
2021;2021;;Tonga;TO;kraj_lub_terytorium;27111100;27111100 - Gaz ziemny skroplony [TJ];;TJ;brak_rekordu_w_api;;;;;;6649675;8212945000062;282
2021;2021;;Tonga;TO;kraj_lub_terytorium;27112100;27112100 - Gaz ziemny w stanie gazowym [TJ];;TJ;brak_rekordu_w_api;;;;;;6649675;8212898000062;282
2021;2021;;Trynidad i Tobago;TT;kraj_lub_terytorium;27111100;27111100 - Gaz ziemny skroplony [TJ];;TJ;brak_rekordu_w_api;;;;;;6649785;8212945000062;282
2021;2021;;Trynidad i Tobago;TT;kraj_lub_terytorium;27112100;27112100 - Gaz ziemny w stanie gazowym [TJ];;TJ;brak_rekordu_w_api;;;;;;6649785;8212898000062;282
2021;2021;;Tunezja;TN;kraj_lub_terytorium;27111100;27111100 - Gaz ziemny skroplony [TJ];;TJ;brak_rekordu_w_api;;;;;;6649706;8212945000062;282
2021;2021;;Tunezja;TN;kraj_lub_terytorium;27112100;27112100 - Gaz ziemny w stanie gazowym [TJ];;TJ;brak_rekordu_w_api;;;;;;6649706;8212898000062;282
2021;2021;;Turcja;TR;kraj_lub_terytorium;27111100;27111100 - Gaz ziemny skroplony [TJ];;TJ;brak_rekordu_w_api;;;;;;6649880;8212945000062;282
2021;2021;;Turcja;TR;kraj_lub_terytorium;27112100;27112100 - Gaz ziemny w stanie gazowym [TJ];;TJ;brak_rekordu_w_api;;;;;;6649880;8212898000062;282
2021;2021;;Turkmenistan;TM;kraj_lub_terytorium;27111100;27111100 - Gaz ziemny skroplony [TJ];;TJ;brak_rekordu_w_api;;;;;;6649822;8212945000062;282
2021;2021;;Turkmenistan;TM;kraj_lub_terytorium;27112100;27112100 - Gaz ziemny w stanie gazowym [TJ];;TJ;brak_rekordu_w_api;;;;;;6649822;8212898000062;282
2021;2021;;Turks i Caicos;TC;kraj_lub_terytorium;27111100;27111100 - Gaz ziemny skroplony [TJ];;TJ;brak_rekordu_w_api;;;;;;6649939;8212945000062;282
2021;2021;;Turks i Caicos;TC;kraj_lub_terytorium;27112100;27112100 - Gaz ziemny w stanie gazowym [TJ];;TJ;brak_rekordu_w_api;;;;;;6649939;8212898000062;282
2021;2021;;Tuvalu;TV;kraj_lub_terytorium;27111100;27111100 - Gaz ziemny skroplony [TJ];;TJ;brak_rekordu_w_api;;;;;;6649674;8212945000062;282
2021;2021;;Tuvalu;TV;kraj_lub_terytorium;27112100;27112100 - Gaz ziemny w stanie gazowym [TJ];;TJ;brak_rekordu_w_api;;;;;;6649674;8212898000062;282
2021;2021;;Uganda;UG;kraj_lub_terytorium;27111100;27111100 - Gaz ziemny skroplony [TJ];;TJ;brak_rekordu_w_api;;;;;;6649705;8212945000062;282
2021;2021;;Uganda;UG;kraj_lub_terytorium;27112100;27112100 - Gaz ziemny w stanie gazowym [TJ];;TJ;brak_rekordu_w_api;;;;;;6649705;8212898000062;282
2021;2021;;Ukraina;UA;kraj_lub_terytorium;27111100;27111100 - Gaz ziemny skroplony [TJ];;TJ;brak_rekordu_w_api;;;;;;6649879;8212945000062;282
2021;2021;;Ukraina;UA;kraj_lub_terytorium;27112100;27112100 - Gaz ziemny w stanie gazowym [TJ];2975,0;TJ;wartosc_opublikowana;Dane ostateczne;Dane jawne;Nie dotyczy;;1;6649879;8212898000062;282
2021;2021;;Urugwaj;UY;kraj_lub_terytorium;27111100;27111100 - Gaz ziemny skroplony [TJ];;TJ;brak_rekordu_w_api;;;;;;6649765;8212945000062;282
2021;2021;;Urugwaj;UY;kraj_lub_terytorium;27112100;27112100 - Gaz ziemny w stanie gazowym [TJ];;TJ;brak_rekordu_w_api;;;;;;6649765;8212898000062;282
2021;2021;;Uzbekistan;UZ;kraj_lub_terytorium;27111100;27111100 - Gaz ziemny skroplony [TJ];;TJ;brak_rekordu_w_api;;;;;;6649820;8212945000062;282
2021;2021;;Uzbekistan;UZ;kraj_lub_terytorium;27112100;27112100 - Gaz ziemny w stanie gazowym [TJ];;TJ;brak_rekordu_w_api;;;;;;6649820;8212898000062;282
2021;2021;;Vanuatu;VU;kraj_lub_terytorium;27111100;27111100 - Gaz ziemny skroplony [TJ];;TJ;brak_rekordu_w_api;;;;;;6649688;8212945000062;282
2021;2021;;Vanuatu;VU;kraj_lub_terytorium;27112100;27112100 - Gaz ziemny w stanie gazowym [TJ];;TJ;brak_rekordu_w_api;;;;;;6649688;8212898000062;282
2021;2021;;Wallis i Futuna;WF;kraj_lub_terytorium;27111100;27111100 - Gaz ziemny skroplony [TJ];;TJ;brak_rekordu_w_api;;;;;;6649673;8212945000062;282
2021;2021;;Wallis i Futuna;WF;kraj_lub_terytorium;27112100;27112100 - Gaz ziemny w stanie gazowym [TJ];;TJ;brak_rekordu_w_api;;;;;;6649673;8212898000062;282
2021;2021;;Watykan;VA;kraj_lub_terytorium;27111100;27111100 - Gaz ziemny skroplony [TJ];;TJ;brak_rekordu_w_api;;;;;;6649907;8212945000062;282
2021;2021;;Watykan;VA;kraj_lub_terytorium;27112100;27112100 - Gaz ziemny w stanie gazowym [TJ];;TJ;brak_rekordu_w_api;;;;;;6649907;8212898000062;282
2021;2021;;Wenezuela;VE;kraj_lub_terytorium;27111100;27111100 - Gaz ziemny skroplony [TJ];;TJ;brak_rekordu_w_api;;;;;;6649764;8212945000062;282
2021;2021;;Wenezuela;VE;kraj_lub_terytorium;27112100;27112100 - Gaz ziemny w stanie gazowym [TJ];;TJ;brak_rekordu_w_api;;;;;;6649764;8212898000062;282
2021;2021;;Wielka Brytania;GB;kraj_lub_terytorium;27111100;27111100 - Gaz ziemny skroplony [TJ];;TJ;brak_rekordu_w_api;;;;;;6649877;8212945000062;282
2021;2021;;Wielka Brytania;GB;kraj_lub_terytorium;27112100;27112100 - Gaz ziemny w stanie gazowym [TJ];;TJ;brak_rekordu_w_api;;;;;;6649877;8212898000062;282
2021;2021;;Wietnam;VN;kraj_lub_terytorium;27111100;27111100 - Gaz ziemny skroplony [TJ];;TJ;brak_rekordu_w_api;;;;;;7548674;8212945000062;282
2021;2021;;Wietnam;VN;kraj_lub_terytorium;27112100;27112100 - Gaz ziemny w stanie gazowym [TJ];;TJ;brak_rekordu_w_api;;;;;;7548674;8212898000062;282
2021;2021;;Wybrzeże Kości Słoniowej;CI;kraj_lub_terytorium;27111100;27111100 - Gaz ziemny skroplony [TJ];;TJ;brak_rekordu_w_api;;;;;;6649738;8212945000062;282
2021;2021;;Wybrzeże Kości Słoniowej;CI;kraj_lub_terytorium;27112100;27112100 - Gaz ziemny w stanie gazowym [TJ];;TJ;brak_rekordu_w_api;;;;;;6649738;8212898000062;282
2021;2021;;Wyspa Bouveta;BV;kraj_lub_terytorium;27111100;27111100 - Gaz ziemny skroplony [TJ];;TJ;brak_rekordu_w_api;;;;;;6649758;8212945000062;282
2021;2021;;Wyspa Bouveta;BV;kraj_lub_terytorium;27112100;27112100 - Gaz ziemny w stanie gazowym [TJ];;TJ;brak_rekordu_w_api;;;;;;6649758;8212898000062;282
2021;2021;;Wyspa Bożego Narodzenia;CX;kraj_lub_terytorium;27111100;27111100 - Gaz ziemny skroplony [TJ];;TJ;brak_rekordu_w_api;;;;;;6649860;8212945000062;282
2021;2021;;Wyspa Bożego Narodzenia;CX;kraj_lub_terytorium;27112100;27112100 - Gaz ziemny w stanie gazowym [TJ];;TJ;brak_rekordu_w_api;;;;;;6649860;8212898000062;282
2021;2021;;Wyspa Świętej Heleny, Wyspa Wniebowstąpienia i Tristan da Cunha;SH;kraj_lub_terytorium;27111100;27111100 - Gaz ziemny skroplony [TJ];;TJ;brak_rekordu_w_api;;;;;;6649720;8212945000062;282
2021;2021;;Wyspa Świętej Heleny, Wyspa Wniebowstąpienia i Tristan da Cunha;SH;kraj_lub_terytorium;27112100;27112100 - Gaz ziemny w stanie gazowym [TJ];;TJ;brak_rekordu_w_api;;;;;;6649720;8212898000062;282
2021;2021;;Wyspy Cooka;CK;kraj_lub_terytorium;27111100;27111100 - Gaz ziemny skroplony [TJ];;TJ;brak_rekordu_w_api;;;;;;6649697;8212945000062;282
2021;2021;;Wyspy Cooka;CK;kraj_lub_terytorium;27112100;27112100 - Gaz ziemny w stanie gazowym [TJ];;TJ;brak_rekordu_w_api;;;;;;6649697;8212898000062;282
2021;2021;;Wyspy Dziewicze Stanów Zjednoczonych;VI;kraj_lub_terytorium;27111100;27111100 - Gaz ziemny skroplony [TJ];;TJ;brak_rekordu_w_api;;;;;;6649782;8212945000062;282
2021;2021;;Wyspy Dziewicze Stanów Zjednoczonych;VI;kraj_lub_terytorium;27112100;27112100 - Gaz ziemny w stanie gazowym [TJ];;TJ;brak_rekordu_w_api;;;;;;6649782;8212898000062;282
2021;2021;;Wyspy Heard i McDonalda;HM;kraj_lub_terytorium;27111100;27111100 - Gaz ziemny skroplony [TJ];;TJ;brak_rekordu_w_api;;;;;;6649691;8212945000062;282
2021;2021;;Wyspy Heard i McDonalda;HM;kraj_lub_terytorium;27112100;27112100 - Gaz ziemny w stanie gazowym [TJ];;TJ;brak_rekordu_w_api;;;;;;6649691;8212898000062;282
2021;2021;;Wyspy Kokosowe (inaczej Wyspy Keelinga);CC;kraj_lub_terytorium;27111100;27111100 - Gaz ziemny skroplony [TJ];;TJ;brak_rekordu_w_api;;;;;;7473122;8212945000062;282
2021;2021;;Wyspy Kokosowe (inaczej Wyspy Keelinga);CC;kraj_lub_terytorium;27112100;27112100 - Gaz ziemny w stanie gazowym [TJ];;TJ;brak_rekordu_w_api;;;;;;7473122;8212898000062;282
2021;2021;;Wyspy Marshalla;MH;kraj_lub_terytorium;27111100;27111100 - Gaz ziemny skroplony [TJ];;TJ;brak_rekordu_w_api;;;;;;6649681;8212945000062;282
2021;2021;;Wyspy Marshalla;MH;kraj_lub_terytorium;27112100;27112100 - Gaz ziemny w stanie gazowym [TJ];;TJ;brak_rekordu_w_api;;;;;;6649681;8212898000062;282
2021;2021;;Wyspy Owcze;FO;kraj_lub_terytorium;27111100;27111100 - Gaz ziemny skroplony [TJ];;TJ;brak_rekordu_w_api;;;;;;6649914;8212945000062;282
2021;2021;;Wyspy Owcze;FO;kraj_lub_terytorium;27112100;27112100 - Gaz ziemny w stanie gazowym [TJ];;TJ;brak_rekordu_w_api;;;;;;6649914;8212898000062;282
2021;2021;;Wyspy Salomona;SB;kraj_lub_terytorium;27111100;27111100 - Gaz ziemny skroplony [TJ];;TJ;brak_rekordu_w_api;;;;;;6649698;8212945000062;282
2021;2021;;Wyspy Salomona;SB;kraj_lub_terytorium;27112100;27112100 - Gaz ziemny w stanie gazowym [TJ];;TJ;brak_rekordu_w_api;;;;;;6649698;8212898000062;282
2021;2021;;Wyspy Świętego Tomasza i Książęca;ST;kraj_lub_terytorium;27111100;27111100 - Gaz ziemny skroplony [TJ];;TJ;brak_rekordu_w_api;;;;;;6649718;8212945000062;282
2021;2021;;Wyspy Świętego Tomasza i Książęca;ST;kraj_lub_terytorium;27112100;27112100 - Gaz ziemny w stanie gazowym [TJ];;TJ;brak_rekordu_w_api;;;;;;6649718;8212898000062;282
2021;2021;;Węgry;HU;kraj_lub_terytorium;27111100;27111100 - Gaz ziemny skroplony [TJ];;TJ;brak_rekordu_w_api;;;;;;6649906;8212945000062;282
2021;2021;;Węgry;HU;kraj_lub_terytorium;27112100;27112100 - Gaz ziemny w stanie gazowym [TJ];;TJ;brak_rekordu_w_api;;;;;;6649906;8212898000062;282
2021;2021;;Włochy;IT;kraj_lub_terytorium;27111100;27111100 - Gaz ziemny skroplony [TJ];;TJ;brak_rekordu_w_api;;;;;;6649903;8212945000062;282
2021;2021;;Włochy;IT;kraj_lub_terytorium;27112100;27112100 - Gaz ziemny w stanie gazowym [TJ];;TJ;brak_rekordu_w_api;;;;;;6649903;8212898000062;282
2021;2021;;Zambia;ZM;kraj_lub_terytorium;27111100;27111100 - Gaz ziemny skroplony [TJ];;TJ;brak_rekordu_w_api;;;;;;6649701;8212945000062;282
2021;2021;;Zambia;ZM;kraj_lub_terytorium;27112100;27112100 - Gaz ziemny w stanie gazowym [TJ];;TJ;brak_rekordu_w_api;;;;;;6649701;8212898000062;282
2021;2021;;Zap. i zaop. statków, niezn.arm.;QQ;kategoria_specjalna;27111100;27111100 - Gaz ziemny skroplony [TJ];;TJ;brak_rekordu_w_api;;;;;;7277329;8212945000062;282
2021;2021;;Zap. i zaop. statków, niezn.arm.;QQ;kategoria_specjalna;27112100;27112100 - Gaz ziemny w stanie gazowym [TJ];;TJ;brak_rekordu_w_api;;;;;;7277329;8212898000062;282
2021;2021;;Zimbabwe;ZW;kraj_lub_terytorium;27111100;27111100 - Gaz ziemny skroplony [TJ];;TJ;brak_rekordu_w_api;;;;;;6649712;8212945000062;282
2021;2021;;Zimbabwe;ZW;kraj_lub_terytorium;27112100;27112100 - Gaz ziemny w stanie gazowym [TJ];;TJ;brak_rekordu_w_api;;;;;;6649712;8212898000062;282
2021;2021;;Zjednoczone Emiraty Arabskie;AE;kraj_lub_terytorium;27111100;27111100 - Gaz ziemny skroplony [TJ];;TJ;brak_rekordu_w_api;;;;;;6649823;8212945000062;282
2021;2021;;Zjednoczone Emiraty Arabskie;AE;kraj_lub_terytorium;27112100;27112100 - Gaz ziemny w stanie gazowym [TJ];;TJ;brak_rekordu_w_api;;;;;;6649823;8212898000062;282
2021;2021;;Łotwa;LV;kraj_lub_terytorium;27111100;27111100 - Gaz ziemny skroplony [TJ];;TJ;brak_rekordu_w_api;;;;;;6649902;8212945000062;282
2021;2021;;Łotwa;LV;kraj_lub_terytorium;27112100;27112100 - Gaz ziemny w stanie gazowym [TJ];;TJ;brak_rekordu_w_api;;;;;;6649902;8212898000062;282
2022;2022;;Afganistan;AF;kraj_lub_terytorium;27111100;27111100 - Gaz ziemny skroplony [TJ];;TJ;brak_rekordu_w_api;;;;;;6649873;8212945000062;282
2022;2022;;Afganistan;AF;kraj_lub_terytorium;27112100;27112100 - Gaz ziemny w stanie gazowym [TJ];;TJ;brak_rekordu_w_api;;;;;;6649873;8212898000062;282
2022;2022;;Albania;AL;kraj_lub_terytorium;27111100;27111100 - Gaz ziemny skroplony [TJ];;TJ;brak_rekordu_w_api;;;;;;6649925;8212945000062;282
2022;2022;;Albania;AL;kraj_lub_terytorium;27112100;27112100 - Gaz ziemny w stanie gazowym [TJ];;TJ;brak_rekordu_w_api;;;;;;6649925;8212898000062;282
2022;2022;;Algieria;DZ;kraj_lub_terytorium;27111100;27111100 - Gaz ziemny skroplony [TJ];;TJ;brak_rekordu_w_api;;;;;;6649763;8212945000062;282
2022;2022;;Algieria;DZ;kraj_lub_terytorium;27112100;27112100 - Gaz ziemny w stanie gazowym [TJ];;TJ;brak_rekordu_w_api;;;;;;6649763;8212898000062;282
2022;2022;;Andora;AD;kraj_lub_terytorium;27111100;27111100 - Gaz ziemny skroplony [TJ];;TJ;brak_rekordu_w_api;;;;;;6649924;8212945000062;282
2022;2022;;Andora;AD;kraj_lub_terytorium;27112100;27112100 - Gaz ziemny w stanie gazowym [TJ];;TJ;brak_rekordu_w_api;;;;;;6649924;8212898000062;282
2022;2022;;Angola;AO;kraj_lub_terytorium;27111100;27111100 - Gaz ziemny skroplony [TJ];;TJ;brak_rekordu_w_api;;;;;;6649760;8212945000062;282
2022;2022;;Angola;AO;kraj_lub_terytorium;27112100;27112100 - Gaz ziemny w stanie gazowym [TJ];;TJ;brak_rekordu_w_api;;;;;;6649760;8212898000062;282
2022;2022;;Anguilla;AI;kraj_lub_terytorium;27111100;27111100 - Gaz ziemny skroplony [TJ];;TJ;brak_rekordu_w_api;;;;;;6649790;8212945000062;282
2022;2022;;Anguilla;AI;kraj_lub_terytorium;27112100;27112100 - Gaz ziemny w stanie gazowym [TJ];;TJ;brak_rekordu_w_api;;;;;;6649790;8212898000062;282
2022;2022;;Antarktyda;AQ;kraj_lub_terytorium;27111100;27111100 - Gaz ziemny skroplony [TJ];;TJ;brak_rekordu_w_api;;;;;;6649670;8212945000062;282
2022;2022;;Antarktyda;AQ;kraj_lub_terytorium;27112100;27112100 - Gaz ziemny w stanie gazowym [TJ];;TJ;brak_rekordu_w_api;;;;;;6649670;8212898000062;282
2022;2022;;Antigua i Barbuda;AG;kraj_lub_terytorium;27111100;27111100 - Gaz ziemny skroplony [TJ];;TJ;brak_rekordu_w_api;;;;;;6649818;8212945000062;282
2022;2022;;Antigua i Barbuda;AG;kraj_lub_terytorium;27112100;27112100 - Gaz ziemny w stanie gazowym [TJ];;TJ;brak_rekordu_w_api;;;;;;6649818;8212898000062;282
2022;2022;;Arabia Saudyjska;SA;kraj_lub_terytorium;27111100;27111100 - Gaz ziemny skroplony [TJ];;TJ;brak_rekordu_w_api;;;;;;6649830;8212945000062;282
2022;2022;;Arabia Saudyjska;SA;kraj_lub_terytorium;27112100;27112100 - Gaz ziemny w stanie gazowym [TJ];;TJ;brak_rekordu_w_api;;;;;;6649830;8212898000062;282
2022;2022;;Argentyna;AR;kraj_lub_terytorium;27111100;27111100 - Gaz ziemny skroplony [TJ];;TJ;brak_rekordu_w_api;;;;;;6649781;8212945000062;282
2022;2022;;Argentyna;AR;kraj_lub_terytorium;27112100;27112100 - Gaz ziemny w stanie gazowym [TJ];;TJ;brak_rekordu_w_api;;;;;;6649781;8212898000062;282
2022;2022;;Armenia;AM;kraj_lub_terytorium;27111100;27111100 - Gaz ziemny skroplony [TJ];;TJ;brak_rekordu_w_api;;;;;;6649869;8212945000062;282
2022;2022;;Armenia;AM;kraj_lub_terytorium;27112100;27112100 - Gaz ziemny w stanie gazowym [TJ];;TJ;brak_rekordu_w_api;;;;;;6649869;8212898000062;282
2022;2022;;Aruba;AW;kraj_lub_terytorium;27111100;27111100 - Gaz ziemny skroplony [TJ];;TJ;brak_rekordu_w_api;;;;;;6649770;8212945000062;282
2022;2022;;Aruba;AW;kraj_lub_terytorium;27112100;27112100 - Gaz ziemny w stanie gazowym [TJ];;TJ;brak_rekordu_w_api;;;;;;6649770;8212898000062;282
2022;2022;;Australia;AU;kraj_lub_terytorium;27111100;27111100 - Gaz ziemny skroplony [TJ];;TJ;brak_rekordu_w_api;;;;;;6649699;8212945000062;282
2022;2022;;Australia;AU;kraj_lub_terytorium;27112100;27112100 - Gaz ziemny w stanie gazowym [TJ];;TJ;brak_rekordu_w_api;;;;;;6649699;8212898000062;282
2022;2022;;Austria;AT;kraj_lub_terytorium;27111100;27111100 - Gaz ziemny skroplony [TJ];;TJ;brak_rekordu_w_api;;;;;;6649923;8212945000062;282
2022;2022;;Austria;AT;kraj_lub_terytorium;27112100;27112100 - Gaz ziemny w stanie gazowym [TJ];;TJ;brak_rekordu_w_api;;;;;;6649923;8212898000062;282
2022;2022;;Azerbejdżan;AZ;kraj_lub_terytorium;27111100;27111100 - Gaz ziemny skroplony [TJ];;TJ;brak_rekordu_w_api;;;;;;6649872;8212945000062;282
2022;2022;;Azerbejdżan;AZ;kraj_lub_terytorium;27112100;27112100 - Gaz ziemny w stanie gazowym [TJ];;TJ;brak_rekordu_w_api;;;;;;6649872;8212898000062;282
2022;2022;;Bahamy;BS;kraj_lub_terytorium;27111100;27111100 - Gaz ziemny skroplony [TJ];;TJ;brak_rekordu_w_api;;;;;;7473138;8212945000062;282
2022;2022;;Bahamy;BS;kraj_lub_terytorium;27112100;27112100 - Gaz ziemny w stanie gazowym [TJ];;TJ;brak_rekordu_w_api;;;;;;7473138;8212898000062;282
2022;2022;;Bahrajn;BH;kraj_lub_terytorium;27111100;27111100 - Gaz ziemny skroplony [TJ];;TJ;brak_rekordu_w_api;;;;;;6649871;8212945000062;282
2022;2022;;Bahrajn;BH;kraj_lub_terytorium;27112100;27112100 - Gaz ziemny w stanie gazowym [TJ];;TJ;brak_rekordu_w_api;;;;;;6649871;8212898000062;282
2022;2022;;Bangladesz;BD;kraj_lub_terytorium;27111100;27111100 - Gaz ziemny skroplony [TJ];;TJ;brak_rekordu_w_api;;;;;;6649870;8212945000062;282
2022;2022;;Bangladesz;BD;kraj_lub_terytorium;27112100;27112100 - Gaz ziemny w stanie gazowym [TJ];;TJ;brak_rekordu_w_api;;;;;;6649870;8212898000062;282
2022;2022;;Barbados;BB;kraj_lub_terytorium;27111100;27111100 - Gaz ziemny skroplony [TJ];;TJ;brak_rekordu_w_api;;;;;;6649817;8212945000062;282
2022;2022;;Barbados;BB;kraj_lub_terytorium;27112100;27112100 - Gaz ziemny w stanie gazowym [TJ];;TJ;brak_rekordu_w_api;;;;;;6649817;8212898000062;282
2022;2022;;Belgia;BE;kraj_lub_terytorium;27111100;27111100 - Gaz ziemny skroplony [TJ];78,0;TJ;wartosc_opublikowana;Dane ostateczne;Dane jawne;Nie dotyczy;;1;6649922;8212945000062;282
2022;2022;;Belgia;BE;kraj_lub_terytorium;27112100;27112100 - Gaz ziemny w stanie gazowym [TJ];;TJ;brak_rekordu_w_api;;;;;;6649922;8212898000062;282
2022;2022;;Belize;BZ;kraj_lub_terytorium;27111100;27111100 - Gaz ziemny skroplony [TJ];;TJ;brak_rekordu_w_api;;;;;;6649815;8212945000062;282
2022;2022;;Belize;BZ;kraj_lub_terytorium;27112100;27112100 - Gaz ziemny w stanie gazowym [TJ];;TJ;brak_rekordu_w_api;;;;;;6649815;8212898000062;282
2022;2022;;Benin;BJ;kraj_lub_terytorium;27111100;27111100 - Gaz ziemny skroplony [TJ];;TJ;brak_rekordu_w_api;;;;;;6649747;8212945000062;282
2022;2022;;Benin;BJ;kraj_lub_terytorium;27112100;27112100 - Gaz ziemny w stanie gazowym [TJ];;TJ;brak_rekordu_w_api;;;;;;6649747;8212898000062;282
2022;2022;;Bermudy;BM;kraj_lub_terytorium;27111100;27111100 - Gaz ziemny skroplony [TJ];;TJ;brak_rekordu_w_api;;;;;;6649816;8212945000062;282
2022;2022;;Bermudy;BM;kraj_lub_terytorium;27112100;27112100 - Gaz ziemny w stanie gazowym [TJ];;TJ;brak_rekordu_w_api;;;;;;6649816;8212898000062;282
2022;2022;;Bhutan;BT;kraj_lub_terytorium;27111100;27111100 - Gaz ziemny skroplony [TJ];;TJ;brak_rekordu_w_api;;;;;;6649868;8212945000062;282
2022;2022;;Bhutan;BT;kraj_lub_terytorium;27112100;27112100 - Gaz ziemny w stanie gazowym [TJ];;TJ;brak_rekordu_w_api;;;;;;6649868;8212898000062;282
2022;2022;;Białoruś;BY;kraj_lub_terytorium;27111100;27111100 - Gaz ziemny skroplony [TJ];;TJ;brak_rekordu_w_api;;;;;;6649919;8212945000062;282
2022;2022;;Białoruś;BY;kraj_lub_terytorium;27112100;27112100 - Gaz ziemny w stanie gazowym [TJ];;TJ;brak_rekordu_w_api;;;;;;6649919;8212898000062;282
2022;2022;;Boliwia;BO;kraj_lub_terytorium;27111100;27111100 - Gaz ziemny skroplony [TJ];;TJ;brak_rekordu_w_api;;;;;;6649780;8212945000062;282
2022;2022;;Boliwia;BO;kraj_lub_terytorium;27112100;27112100 - Gaz ziemny w stanie gazowym [TJ];;TJ;brak_rekordu_w_api;;;;;;6649780;8212898000062;282
2022;2022;;Bonaire, Sint Eustatius i Saba;BQ;kraj_lub_terytorium;27111100;27111100 - Gaz ziemny skroplony [TJ];;TJ;brak_rekordu_w_api;;;;;;6649769;8212945000062;282
2022;2022;;Bonaire, Sint Eustatius i Saba;BQ;kraj_lub_terytorium;27112100;27112100 - Gaz ziemny w stanie gazowym [TJ];;TJ;brak_rekordu_w_api;;;;;;6649769;8212898000062;282
2022;2022;;Botswana;BW;kraj_lub_terytorium;27111100;27111100 - Gaz ziemny skroplony [TJ];;TJ;brak_rekordu_w_api;;;;;;6649759;8212945000062;282
2022;2022;;Botswana;BW;kraj_lub_terytorium;27112100;27112100 - Gaz ziemny w stanie gazowym [TJ];;TJ;brak_rekordu_w_api;;;;;;6649759;8212898000062;282
2022;2022;;Bośnia i Hercegowina;BA;kraj_lub_terytorium;27111100;27111100 - Gaz ziemny skroplony [TJ];;TJ;brak_rekordu_w_api;;;;;;6649921;8212945000062;282
2022;2022;;Bośnia i Hercegowina;BA;kraj_lub_terytorium;27112100;27112100 - Gaz ziemny w stanie gazowym [TJ];;TJ;brak_rekordu_w_api;;;;;;6649921;8212898000062;282
2022;2022;;Brazylia;BR;kraj_lub_terytorium;27111100;27111100 - Gaz ziemny skroplony [TJ];;TJ;brak_rekordu_w_api;;;;;;6649779;8212945000062;282
2022;2022;;Brazylia;BR;kraj_lub_terytorium;27112100;27112100 - Gaz ziemny w stanie gazowym [TJ];;TJ;brak_rekordu_w_api;;;;;;6649779;8212898000062;282
2022;2022;;Brunei;BN;kraj_lub_terytorium;27111100;27111100 - Gaz ziemny skroplony [TJ];;TJ;brak_rekordu_w_api;;;;;;6649866;8212945000062;282
2022;2022;;Brunei;BN;kraj_lub_terytorium;27112100;27112100 - Gaz ziemny w stanie gazowym [TJ];;TJ;brak_rekordu_w_api;;;;;;6649866;8212898000062;282
2022;2022;;Brytyjskie Terytorium Oceanu Indyjskiego;IO;kraj_lub_terytorium;27111100;27111100 - Gaz ziemny skroplony [TJ];;TJ;brak_rekordu_w_api;;;;;;6649867;8212945000062;282
2022;2022;;Brytyjskie Terytorium Oceanu Indyjskiego;IO;kraj_lub_terytorium;27112100;27112100 - Gaz ziemny w stanie gazowym [TJ];;TJ;brak_rekordu_w_api;;;;;;6649867;8212898000062;282
2022;2022;;Brytyjskie Wyspy Dziewicze;VG;kraj_lub_terytorium;27111100;27111100 - Gaz ziemny skroplony [TJ];;TJ;brak_rekordu_w_api;;;;;;6649814;8212945000062;282
2022;2022;;Brytyjskie Wyspy Dziewicze;VG;kraj_lub_terytorium;27112100;27112100 - Gaz ziemny w stanie gazowym [TJ];;TJ;brak_rekordu_w_api;;;;;;6649814;8212898000062;282
2022;2022;;Burkina Faso;BF;kraj_lub_terytorium;27111100;27111100 - Gaz ziemny skroplony [TJ];;TJ;brak_rekordu_w_api;;;;;;6649702;8212945000062;282
2022;2022;;Burkina Faso;BF;kraj_lub_terytorium;27112100;27112100 - Gaz ziemny w stanie gazowym [TJ];;TJ;brak_rekordu_w_api;;;;;;6649702;8212898000062;282
2022;2022;;Burundi;BI;kraj_lub_terytorium;27111100;27111100 - Gaz ziemny skroplony [TJ];;TJ;brak_rekordu_w_api;;;;;;6649757;8212945000062;282
2022;2022;;Burundi;BI;kraj_lub_terytorium;27112100;27112100 - Gaz ziemny w stanie gazowym [TJ];;TJ;brak_rekordu_w_api;;;;;;6649757;8212898000062;282
2022;2022;;Bułgaria;BG;kraj_lub_terytorium;27111100;27111100 - Gaz ziemny skroplony [TJ];;TJ;brak_rekordu_w_api;;;;;;6649920;8212945000062;282
2022;2022;;Bułgaria;BG;kraj_lub_terytorium;27112100;27112100 - Gaz ziemny w stanie gazowym [TJ];;TJ;brak_rekordu_w_api;;;;;;6649920;8212898000062;282
2022;2022;;Ceuta;XC;kraj_lub_terytorium;27111100;27111100 - Gaz ziemny skroplony [TJ];;TJ;brak_rekordu_w_api;;;;;;6649762;8212945000062;282
2022;2022;;Ceuta;XC;kraj_lub_terytorium;27112100;27112100 - Gaz ziemny w stanie gazowym [TJ];;TJ;brak_rekordu_w_api;;;;;;6649762;8212898000062;282
2022;2022;;Chile;CL;kraj_lub_terytorium;27111100;27111100 - Gaz ziemny skroplony [TJ];;TJ;brak_rekordu_w_api;;;;;;6649778;8212945000062;282
2022;2022;;Chile;CL;kraj_lub_terytorium;27112100;27112100 - Gaz ziemny w stanie gazowym [TJ];;TJ;brak_rekordu_w_api;;;;;;6649778;8212898000062;282
2022;2022;;Chiny;CN;kraj_lub_terytorium;27111100;27111100 - Gaz ziemny skroplony [TJ];;TJ;brak_rekordu_w_api;;;;;;6649862;8212945000062;282
2022;2022;;Chiny;CN;kraj_lub_terytorium;27112100;27112100 - Gaz ziemny w stanie gazowym [TJ];;TJ;brak_rekordu_w_api;;;;;;6649862;8212898000062;282
2022;2022;;Chorwacja;HR;kraj_lub_terytorium;27111100;27111100 - Gaz ziemny skroplony [TJ];;TJ;brak_rekordu_w_api;;;;;;6649918;8212945000062;282
2022;2022;;Chorwacja;HR;kraj_lub_terytorium;27112100;27112100 - Gaz ziemny w stanie gazowym [TJ];;TJ;brak_rekordu_w_api;;;;;;6649918;8212898000062;282
2022;2022;;Curaçao;CW;kraj_lub_terytorium;27111100;27111100 - Gaz ziemny skroplony [TJ];;TJ;brak_rekordu_w_api;;;;;;7463815;8212945000062;282
2022;2022;;Curaçao;CW;kraj_lub_terytorium;27112100;27112100 - Gaz ziemny w stanie gazowym [TJ];;TJ;brak_rekordu_w_api;;;;;;7463815;8212898000062;282
2022;2022;;Cypr;CY;kraj_lub_terytorium;27111100;27111100 - Gaz ziemny skroplony [TJ];;TJ;brak_rekordu_w_api;;;;;;6649917;8212945000062;282
2022;2022;;Cypr;CY;kraj_lub_terytorium;27112100;27112100 - Gaz ziemny w stanie gazowym [TJ];;TJ;brak_rekordu_w_api;;;;;;6649917;8212898000062;282
2022;2022;;Czad;TD;kraj_lub_terytorium;27111100;27111100 - Gaz ziemny skroplony [TJ];;TJ;brak_rekordu_w_api;;;;;;6649753;8212945000062;282
2022;2022;;Czad;TD;kraj_lub_terytorium;27112100;27112100 - Gaz ziemny w stanie gazowym [TJ];;TJ;brak_rekordu_w_api;;;;;;6649753;8212898000062;282
2022;2022;;Czarnogóra;ME;kraj_lub_terytorium;27111100;27111100 - Gaz ziemny skroplony [TJ];;TJ;brak_rekordu_w_api;;;;;;6649895;8212945000062;282
2022;2022;;Czarnogóra;ME;kraj_lub_terytorium;27112100;27112100 - Gaz ziemny w stanie gazowym [TJ];;TJ;brak_rekordu_w_api;;;;;;6649895;8212898000062;282
2022;2022;;Czechy;CZ;kraj_lub_terytorium;27111100;27111100 - Gaz ziemny skroplony [TJ];127,0;TJ;wartosc_opublikowana;Dane ostateczne;Dane jawne;Nie dotyczy;;1;7439975;8212945000062;282
2022;2022;;Czechy;CZ;kraj_lub_terytorium;27112100;27112100 - Gaz ziemny w stanie gazowym [TJ];;TJ;brak_rekordu_w_api;;;;;;7439975;8212898000062;282
2022;2022;;Dania;DK;kraj_lub_terytorium;27111100;27111100 - Gaz ziemny skroplony [TJ];;TJ;brak_rekordu_w_api;;;;;;6649916;8212945000062;282
2022;2022;;Dania;DK;kraj_lub_terytorium;27112100;27112100 - Gaz ziemny w stanie gazowym [TJ];140,0;TJ;wartosc_opublikowana;Dane ostateczne;Dane jawne;Nie dotyczy;;1;6649916;8212898000062;282
2022;2022;;Demokratyczna Republika Konga;CD;kraj_lub_terytorium;27111100;27111100 - Gaz ziemny skroplony [TJ];;TJ;brak_rekordu_w_api;;;;;;6649750;8212945000062;282
2022;2022;;Demokratyczna Republika Konga;CD;kraj_lub_terytorium;27112100;27112100 - Gaz ziemny w stanie gazowym [TJ];;TJ;brak_rekordu_w_api;;;;;;6649750;8212898000062;282
2022;2022;;Dominika;DM;kraj_lub_terytorium;27111100;27111100 - Gaz ziemny skroplony [TJ];;TJ;brak_rekordu_w_api;;;;;;6649809;8212945000062;282
2022;2022;;Dominika;DM;kraj_lub_terytorium;27112100;27112100 - Gaz ziemny w stanie gazowym [TJ];;TJ;brak_rekordu_w_api;;;;;;6649809;8212898000062;282
2022;2022;;Dominikana;DO;kraj_lub_terytorium;27111100;27111100 - Gaz ziemny skroplony [TJ];;TJ;brak_rekordu_w_api;;;;;;6649941;8212945000062;282
2022;2022;;Dominikana;DO;kraj_lub_terytorium;27112100;27112100 - Gaz ziemny w stanie gazowym [TJ];;TJ;brak_rekordu_w_api;;;;;;6649941;8212898000062;282
2022;2022;;Dżibuti;DJ;kraj_lub_terytorium;27111100;27111100 - Gaz ziemny skroplony [TJ];;TJ;brak_rekordu_w_api;;;;;;6649743;8212945000062;282
2022;2022;;Dżibuti;DJ;kraj_lub_terytorium;27112100;27112100 - Gaz ziemny w stanie gazowym [TJ];;TJ;brak_rekordu_w_api;;;;;;6649743;8212898000062;282
2022;2022;;Egipt;EG;kraj_lub_terytorium;27111100;27111100 - Gaz ziemny skroplony [TJ];;TJ;brak_rekordu_w_api;;;;;;6649704;8212945000062;282
2022;2022;;Egipt;EG;kraj_lub_terytorium;27112100;27112100 - Gaz ziemny w stanie gazowym [TJ];;TJ;brak_rekordu_w_api;;;;;;6649704;8212898000062;282
2022;2022;;Ekwador;EC;kraj_lub_terytorium;27111100;27111100 - Gaz ziemny skroplony [TJ];;TJ;brak_rekordu_w_api;;;;;;6649776;8212945000062;282
2022;2022;;Ekwador;EC;kraj_lub_terytorium;27112100;27112100 - Gaz ziemny w stanie gazowym [TJ];;TJ;brak_rekordu_w_api;;;;;;6649776;8212898000062;282
2022;2022;;Erytrea;ER;kraj_lub_terytorium;27111100;27111100 - Gaz ziemny skroplony [TJ];;TJ;brak_rekordu_w_api;;;;;;6649744;8212945000062;282
2022;2022;;Erytrea;ER;kraj_lub_terytorium;27112100;27112100 - Gaz ziemny w stanie gazowym [TJ];;TJ;brak_rekordu_w_api;;;;;;6649744;8212898000062;282
2022;2022;;Estonia;EE;kraj_lub_terytorium;27111100;27111100 - Gaz ziemny skroplony [TJ];;TJ;brak_rekordu_w_api;;;;;;6649915;8212945000062;282
2022;2022;;Estonia;EE;kraj_lub_terytorium;27112100;27112100 - Gaz ziemny w stanie gazowym [TJ];;TJ;brak_rekordu_w_api;;;;;;6649915;8212898000062;282
2022;2022;;Eswatini;SZ;kraj_lub_terytorium;27111100;27111100 - Gaz ziemny skroplony [TJ];;TJ;brak_rekordu_w_api;;;;;;7437348;8212945000062;282
2022;2022;;Eswatini;SZ;kraj_lub_terytorium;27112100;27112100 - Gaz ziemny w stanie gazowym [TJ];;TJ;brak_rekordu_w_api;;;;;;7437348;8212898000062;282
2022;2022;;Etiopia;ET;kraj_lub_terytorium;27111100;27111100 - Gaz ziemny skroplony [TJ];;TJ;brak_rekordu_w_api;;;;;;6649745;8212945000062;282
2022;2022;;Etiopia;ET;kraj_lub_terytorium;27112100;27112100 - Gaz ziemny w stanie gazowym [TJ];;TJ;brak_rekordu_w_api;;;;;;6649745;8212898000062;282
2022;2022;;Falklandy;FK;kraj_lub_terytorium;27111100;27111100 - Gaz ziemny skroplony [TJ];;TJ;brak_rekordu_w_api;;;;;;6649775;8212945000062;282
2022;2022;;Falklandy;FK;kraj_lub_terytorium;27112100;27112100 - Gaz ziemny w stanie gazowym [TJ];;TJ;brak_rekordu_w_api;;;;;;6649775;8212898000062;282
2022;2022;;Fidżi;FJ;kraj_lub_terytorium;27111100;27111100 - Gaz ziemny skroplony [TJ];;TJ;brak_rekordu_w_api;;;;;;6649696;8212945000062;282
2022;2022;;Fidżi;FJ;kraj_lub_terytorium;27112100;27112100 - Gaz ziemny w stanie gazowym [TJ];;TJ;brak_rekordu_w_api;;;;;;6649696;8212898000062;282
2022;2022;;Filipiny;PH;kraj_lub_terytorium;27111100;27111100 - Gaz ziemny skroplony [TJ];;TJ;brak_rekordu_w_api;;;;;;6649833;8212945000062;282
2022;2022;;Filipiny;PH;kraj_lub_terytorium;27112100;27112100 - Gaz ziemny w stanie gazowym [TJ];;TJ;brak_rekordu_w_api;;;;;;6649833;8212898000062;282
2022;2022;;Finlandia;FI;kraj_lub_terytorium;27111100;27111100 - Gaz ziemny skroplony [TJ];;TJ;brak_rekordu_w_api;;;;;;6649913;8212945000062;282
2022;2022;;Finlandia;FI;kraj_lub_terytorium;27112100;27112100 - Gaz ziemny w stanie gazowym [TJ];;TJ;brak_rekordu_w_api;;;;;;6649913;8212898000062;282
2022;2022;;Francja;FR;kraj_lub_terytorium;27111100;27111100 - Gaz ziemny skroplony [TJ];;TJ;brak_rekordu_w_api;;;;;;6649911;8212945000062;282
2022;2022;;Francja;FR;kraj_lub_terytorium;27112100;27112100 - Gaz ziemny w stanie gazowym [TJ];;TJ;brak_rekordu_w_api;;;;;;6649911;8212898000062;282
2022;2022;;Francuskie Terytoria Południowe;TF;kraj_lub_terytorium;27111100;27111100 - Gaz ziemny skroplony [TJ];;TJ;brak_rekordu_w_api;;;;;;7548413;8212945000062;282
2022;2022;;Francuskie Terytoria Południowe;TF;kraj_lub_terytorium;27112100;27112100 - Gaz ziemny w stanie gazowym [TJ];;TJ;brak_rekordu_w_api;;;;;;7548413;8212898000062;282
2022;2022;;Gabon;GA;kraj_lub_terytorium;27111100;27111100 - Gaz ziemny skroplony [TJ];;TJ;brak_rekordu_w_api;;;;;;6649742;8212945000062;282
2022;2022;;Gabon;GA;kraj_lub_terytorium;27112100;27112100 - Gaz ziemny w stanie gazowym [TJ];;TJ;brak_rekordu_w_api;;;;;;6649742;8212898000062;282
2022;2022;;Gambia;GM;kraj_lub_terytorium;27111100;27111100 - Gaz ziemny skroplony [TJ];;TJ;brak_rekordu_w_api;;;;;;7475101;8212945000062;282
2022;2022;;Gambia;GM;kraj_lub_terytorium;27112100;27112100 - Gaz ziemny w stanie gazowym [TJ];;TJ;brak_rekordu_w_api;;;;;;7475101;8212898000062;282
2022;2022;;Georgia Południowa i Sandwich Południowy;GS;kraj_lub_terytorium;27111100;27111100 - Gaz ziemny skroplony [TJ];;TJ;brak_rekordu_w_api;;;;;;6649774;8212945000062;282
2022;2022;;Georgia Południowa i Sandwich Południowy;GS;kraj_lub_terytorium;27112100;27112100 - Gaz ziemny w stanie gazowym [TJ];;TJ;brak_rekordu_w_api;;;;;;6649774;8212898000062;282
2022;2022;;Ghana;GH;kraj_lub_terytorium;27111100;27111100 - Gaz ziemny skroplony [TJ];;TJ;brak_rekordu_w_api;;;;;;6649740;8212945000062;282
2022;2022;;Ghana;GH;kraj_lub_terytorium;27112100;27112100 - Gaz ziemny w stanie gazowym [TJ];;TJ;brak_rekordu_w_api;;;;;;6649740;8212898000062;282
2022;2022;;Gibraltar;GI;kraj_lub_terytorium;27111100;27111100 - Gaz ziemny skroplony [TJ];;TJ;brak_rekordu_w_api;;;;;;6649909;8212945000062;282
2022;2022;;Gibraltar;GI;kraj_lub_terytorium;27112100;27112100 - Gaz ziemny w stanie gazowym [TJ];;TJ;brak_rekordu_w_api;;;;;;6649909;8212898000062;282
2022;2022;;Grecja;GR;kraj_lub_terytorium;27111100;27111100 - Gaz ziemny skroplony [TJ];;TJ;brak_rekordu_w_api;;;;;;6649908;8212945000062;282
2022;2022;;Grecja;GR;kraj_lub_terytorium;27112100;27112100 - Gaz ziemny w stanie gazowym [TJ];;TJ;brak_rekordu_w_api;;;;;;6649908;8212898000062;282
2022;2022;;Grenada;GD;kraj_lub_terytorium;27111100;27111100 - Gaz ziemny skroplony [TJ];;TJ;brak_rekordu_w_api;;;;;;6649806;8212945000062;282
2022;2022;;Grenada;GD;kraj_lub_terytorium;27112100;27112100 - Gaz ziemny w stanie gazowym [TJ];;TJ;brak_rekordu_w_api;;;;;;6649806;8212898000062;282
2022;2022;;Grenlandia;GL;kraj_lub_terytorium;27111100;27111100 - Gaz ziemny skroplony [TJ];;TJ;brak_rekordu_w_api;;;;;;6649807;8212945000062;282
2022;2022;;Grenlandia;GL;kraj_lub_terytorium;27112100;27112100 - Gaz ziemny w stanie gazowym [TJ];;TJ;brak_rekordu_w_api;;;;;;6649807;8212898000062;282
2022;2022;;Gruzja;GE;kraj_lub_terytorium;27111100;27111100 - Gaz ziemny skroplony [TJ];;TJ;brak_rekordu_w_api;;;;;;6649858;8212945000062;282
2022;2022;;Gruzja;GE;kraj_lub_terytorium;27112100;27112100 - Gaz ziemny w stanie gazowym [TJ];;TJ;brak_rekordu_w_api;;;;;;6649858;8212898000062;282
2022;2022;;Guam;GU;kraj_lub_terytorium;27111100;27111100 - Gaz ziemny skroplony [TJ];;TJ;brak_rekordu_w_api;;;;;;6649692;8212945000062;282
2022;2022;;Guam;GU;kraj_lub_terytorium;27112100;27112100 - Gaz ziemny w stanie gazowym [TJ];;TJ;brak_rekordu_w_api;;;;;;6649692;8212898000062;282
2022;2022;;Gujana;GY;kraj_lub_terytorium;27111100;27111100 - Gaz ziemny skroplony [TJ];;TJ;brak_rekordu_w_api;;;;;;6649772;8212945000062;282
2022;2022;;Gujana;GY;kraj_lub_terytorium;27112100;27112100 - Gaz ziemny w stanie gazowym [TJ];;TJ;brak_rekordu_w_api;;;;;;6649772;8212898000062;282
2022;2022;;Gwatemala;GT;kraj_lub_terytorium;27111100;27111100 - Gaz ziemny skroplony [TJ];;TJ;brak_rekordu_w_api;;;;;;6649804;8212945000062;282
2022;2022;;Gwatemala;GT;kraj_lub_terytorium;27112100;27112100 - Gaz ziemny w stanie gazowym [TJ];;TJ;brak_rekordu_w_api;;;;;;6649804;8212898000062;282
2022;2022;;Gwinea;GN;kraj_lub_terytorium;27111100;27111100 - Gaz ziemny skroplony [TJ];;TJ;brak_rekordu_w_api;;;;;;6649739;8212945000062;282
2022;2022;;Gwinea;GN;kraj_lub_terytorium;27112100;27112100 - Gaz ziemny w stanie gazowym [TJ];;TJ;brak_rekordu_w_api;;;;;;6649739;8212898000062;282
2022;2022;;Gwinea Bissau;GW;kraj_lub_terytorium;27111100;27111100 - Gaz ziemny skroplony [TJ];;TJ;brak_rekordu_w_api;;;;;;6649723;8212945000062;282
2022;2022;;Gwinea Bissau;GW;kraj_lub_terytorium;27112100;27112100 - Gaz ziemny w stanie gazowym [TJ];;TJ;brak_rekordu_w_api;;;;;;6649723;8212898000062;282
2022;2022;;Gwinea Równikowa;GQ;kraj_lub_terytorium;27111100;27111100 - Gaz ziemny skroplony [TJ];;TJ;brak_rekordu_w_api;;;;;;6649746;8212945000062;282
2022;2022;;Gwinea Równikowa;GQ;kraj_lub_terytorium;27112100;27112100 - Gaz ziemny w stanie gazowym [TJ];;TJ;brak_rekordu_w_api;;;;;;6649746;8212898000062;282
2022;2022;;Haiti;HT;kraj_lub_terytorium;27111100;27111100 - Gaz ziemny skroplony [TJ];;TJ;brak_rekordu_w_api;;;;;;6649803;8212945000062;282
2022;2022;;Haiti;HT;kraj_lub_terytorium;27112100;27112100 - Gaz ziemny w stanie gazowym [TJ];;TJ;brak_rekordu_w_api;;;;;;6649803;8212898000062;282
2022;2022;;Hiszpania;ES;kraj_lub_terytorium;27111100;27111100 - Gaz ziemny skroplony [TJ];;TJ;brak_rekordu_w_api;;;;;;6649884;8212945000062;282
2022;2022;;Hiszpania;ES;kraj_lub_terytorium;27112100;27112100 - Gaz ziemny w stanie gazowym [TJ];;TJ;brak_rekordu_w_api;;;;;;6649884;8212898000062;282
2022;2022;;Holandia;NL;kraj_lub_terytorium;27111100;27111100 - Gaz ziemny skroplony [TJ];;TJ;brak_rekordu_w_api;;;;;;6649894;8212945000062;282
2022;2022;;Holandia;NL;kraj_lub_terytorium;27112100;27112100 - Gaz ziemny w stanie gazowym [TJ];;TJ;brak_rekordu_w_api;;;;;;6649894;8212898000062;282
2022;2022;;Honduras;HN;kraj_lub_terytorium;27111100;27111100 - Gaz ziemny skroplony [TJ];;TJ;brak_rekordu_w_api;;;;;;6649802;8212945000062;282
2022;2022;;Honduras;HN;kraj_lub_terytorium;27112100;27112100 - Gaz ziemny w stanie gazowym [TJ];;TJ;brak_rekordu_w_api;;;;;;6649802;8212898000062;282
2022;2022;;Hongkong;HK;kraj_lub_terytorium;27111100;27111100 - Gaz ziemny skroplony [TJ];;TJ;brak_rekordu_w_api;;;;;;7475865;8212945000062;282
2022;2022;;Hongkong;HK;kraj_lub_terytorium;27112100;27112100 - Gaz ziemny w stanie gazowym [TJ];;TJ;brak_rekordu_w_api;;;;;;7475865;8212898000062;282
2022;2022;;Indie;IN;kraj_lub_terytorium;27111100;27111100 - Gaz ziemny skroplony [TJ];;TJ;brak_rekordu_w_api;;;;;;6649855;8212945000062;282
2022;2022;;Indie;IN;kraj_lub_terytorium;27112100;27112100 - Gaz ziemny w stanie gazowym [TJ];;TJ;brak_rekordu_w_api;;;;;;6649855;8212898000062;282
2022;2022;;Indonezja;ID;kraj_lub_terytorium;27111100;27111100 - Gaz ziemny skroplony [TJ];;TJ;brak_rekordu_w_api;;;;;;6649854;8212945000062;282
2022;2022;;Indonezja;ID;kraj_lub_terytorium;27112100;27112100 - Gaz ziemny w stanie gazowym [TJ];;TJ;brak_rekordu_w_api;;;;;;6649854;8212898000062;282
2022;2022;;Irak;IQ;kraj_lub_terytorium;27111100;27111100 - Gaz ziemny skroplony [TJ];;TJ;brak_rekordu_w_api;;;;;;6649852;8212945000062;282
2022;2022;;Irak;IQ;kraj_lub_terytorium;27112100;27112100 - Gaz ziemny w stanie gazowym [TJ];;TJ;brak_rekordu_w_api;;;;;;6649852;8212898000062;282
2022;2022;;Iran;IR;kraj_lub_terytorium;27111100;27111100 - Gaz ziemny skroplony [TJ];;TJ;brak_rekordu_w_api;;;;;;6649853;8212945000062;282
2022;2022;;Iran;IR;kraj_lub_terytorium;27112100;27112100 - Gaz ziemny w stanie gazowym [TJ];;TJ;brak_rekordu_w_api;;;;;;6649853;8212898000062;282
2022;2022;;Irlandia;IE;kraj_lub_terytorium;27111100;27111100 - Gaz ziemny skroplony [TJ];;TJ;brak_rekordu_w_api;;;;;;6649904;8212945000062;282
2022;2022;;Irlandia;IE;kraj_lub_terytorium;27112100;27112100 - Gaz ziemny w stanie gazowym [TJ];;TJ;brak_rekordu_w_api;;;;;;6649904;8212898000062;282
2022;2022;;Islandia;IS;kraj_lub_terytorium;27111100;27111100 - Gaz ziemny skroplony [TJ];;TJ;brak_rekordu_w_api;;;;;;6649905;8212945000062;282
2022;2022;;Islandia;IS;kraj_lub_terytorium;27112100;27112100 - Gaz ziemny w stanie gazowym [TJ];;TJ;brak_rekordu_w_api;;;;;;6649905;8212898000062;282
2022;2022;;Izrael;IL;kraj_lub_terytorium;27111100;27111100 - Gaz ziemny skroplony [TJ];;TJ;brak_rekordu_w_api;;;;;;6649851;8212945000062;282
2022;2022;;Izrael;IL;kraj_lub_terytorium;27112100;27112100 - Gaz ziemny w stanie gazowym [TJ];;TJ;brak_rekordu_w_api;;;;;;6649851;8212898000062;282
2022;2022;;Jamajka;JM;kraj_lub_terytorium;27111100;27111100 - Gaz ziemny skroplony [TJ];;TJ;brak_rekordu_w_api;;;;;;6649801;8212945000062;282
2022;2022;;Jamajka;JM;kraj_lub_terytorium;27112100;27112100 - Gaz ziemny w stanie gazowym [TJ];;TJ;brak_rekordu_w_api;;;;;;6649801;8212898000062;282
2022;2022;;Japonia;JP;kraj_lub_terytorium;27111100;27111100 - Gaz ziemny skroplony [TJ];;TJ;brak_rekordu_w_api;;;;;;6649850;8212945000062;282
2022;2022;;Japonia;JP;kraj_lub_terytorium;27112100;27112100 - Gaz ziemny w stanie gazowym [TJ];;TJ;brak_rekordu_w_api;;;;;;6649850;8212898000062;282
2022;2022;;Jemen;YE;kraj_lub_terytorium;27111100;27111100 - Gaz ziemny skroplony [TJ];;TJ;brak_rekordu_w_api;;;;;;6649819;8212945000062;282
2022;2022;;Jemen;YE;kraj_lub_terytorium;27112100;27112100 - Gaz ziemny w stanie gazowym [TJ];;TJ;brak_rekordu_w_api;;;;;;6649819;8212898000062;282
2022;2022;;Jordania;JO;kraj_lub_terytorium;27111100;27111100 - Gaz ziemny skroplony [TJ];;TJ;brak_rekordu_w_api;;;;;;6649848;8212945000062;282
2022;2022;;Jordania;JO;kraj_lub_terytorium;27112100;27112100 - Gaz ziemny w stanie gazowym [TJ];;TJ;brak_rekordu_w_api;;;;;;6649848;8212898000062;282
2022;2022;;Kajmany;KY;kraj_lub_terytorium;27111100;27111100 - Gaz ziemny skroplony [TJ];;TJ;brak_rekordu_w_api;;;;;;6649812;8212945000062;282
2022;2022;;Kajmany;KY;kraj_lub_terytorium;27112100;27112100 - Gaz ziemny w stanie gazowym [TJ];;TJ;brak_rekordu_w_api;;;;;;6649812;8212898000062;282
2022;2022;;Kambodża;KH;kraj_lub_terytorium;27111100;27111100 - Gaz ziemny skroplony [TJ];;TJ;brak_rekordu_w_api;;;;;;6649864;8212945000062;282
2022;2022;;Kambodża;KH;kraj_lub_terytorium;27112100;27112100 - Gaz ziemny w stanie gazowym [TJ];;TJ;brak_rekordu_w_api;;;;;;6649864;8212898000062;282
2022;2022;;Kamerun;CM;kraj_lub_terytorium;27111100;27111100 - Gaz ziemny skroplony [TJ];;TJ;brak_rekordu_w_api;;;;;;6649756;8212945000062;282
2022;2022;;Kamerun;CM;kraj_lub_terytorium;27112100;27112100 - Gaz ziemny w stanie gazowym [TJ];;TJ;brak_rekordu_w_api;;;;;;6649756;8212898000062;282
2022;2022;;Kanada;CA;kraj_lub_terytorium;27111100;27111100 - Gaz ziemny skroplony [TJ];;TJ;brak_rekordu_w_api;;;;;;6649813;8212945000062;282
2022;2022;;Kanada;CA;kraj_lub_terytorium;27112100;27112100 - Gaz ziemny w stanie gazowym [TJ];;TJ;brak_rekordu_w_api;;;;;;6649813;8212898000062;282
2022;2022;;Katar;QA;kraj_lub_terytorium;27111100;27111100 - Gaz ziemny skroplony [TJ];;TJ;brak_rekordu_w_api;;;;;;6649831;8212945000062;282
2022;2022;;Katar;QA;kraj_lub_terytorium;27112100;27112100 - Gaz ziemny w stanie gazowym [TJ];;TJ;brak_rekordu_w_api;;;;;;6649831;8212898000062;282
2022;2022;;Kazachstan;KZ;kraj_lub_terytorium;27111100;27111100 - Gaz ziemny skroplony [TJ];;TJ;brak_rekordu_w_api;;;;;;6649849;8212945000062;282
2022;2022;;Kazachstan;KZ;kraj_lub_terytorium;27112100;27112100 - Gaz ziemny w stanie gazowym [TJ];;TJ;brak_rekordu_w_api;;;;;;6649849;8212898000062;282
2022;2022;;Kenia;KE;kraj_lub_terytorium;27111100;27111100 - Gaz ziemny skroplony [TJ];;TJ;brak_rekordu_w_api;;;;;;6649737;8212945000062;282
2022;2022;;Kenia;KE;kraj_lub_terytorium;27112100;27112100 - Gaz ziemny w stanie gazowym [TJ];;TJ;brak_rekordu_w_api;;;;;;6649737;8212898000062;282
2022;2022;;Kirgistan;KG;kraj_lub_terytorium;27111100;27111100 - Gaz ziemny skroplony [TJ];;TJ;brak_rekordu_w_api;;;;;;6649844;8212945000062;282
2022;2022;;Kirgistan;KG;kraj_lub_terytorium;27112100;27112100 - Gaz ziemny w stanie gazowym [TJ];;TJ;brak_rekordu_w_api;;;;;;6649844;8212898000062;282
2022;2022;;Kiribati;KI;kraj_lub_terytorium;27111100;27111100 - Gaz ziemny skroplony [TJ];;TJ;brak_rekordu_w_api;;;;;;6649694;8212945000062;282
2022;2022;;Kiribati;KI;kraj_lub_terytorium;27112100;27112100 - Gaz ziemny w stanie gazowym [TJ];;TJ;brak_rekordu_w_api;;;;;;6649694;8212898000062;282
2022;2022;;Kolumbia;CO;kraj_lub_terytorium;27111100;27111100 - Gaz ziemny skroplony [TJ];;TJ;brak_rekordu_w_api;;;;;;6649777;8212945000062;282
2022;2022;;Kolumbia;CO;kraj_lub_terytorium;27112100;27112100 - Gaz ziemny w stanie gazowym [TJ];;TJ;brak_rekordu_w_api;;;;;;6649777;8212898000062;282
2022;2022;;Komory;KM;kraj_lub_terytorium;27111100;27111100 - Gaz ziemny skroplony [TJ];;TJ;brak_rekordu_w_api;;;;;;6649752;8212945000062;282
2022;2022;;Komory;KM;kraj_lub_terytorium;27112100;27112100 - Gaz ziemny w stanie gazowym [TJ];;TJ;brak_rekordu_w_api;;;;;;6649752;8212898000062;282
2022;2022;;Kongo;CG;kraj_lub_terytorium;27111100;27111100 - Gaz ziemny skroplony [TJ];;TJ;brak_rekordu_w_api;;;;;;6649749;8212945000062;282
2022;2022;;Kongo;CG;kraj_lub_terytorium;27112100;27112100 - Gaz ziemny w stanie gazowym [TJ];;TJ;brak_rekordu_w_api;;;;;;6649749;8212898000062;282
2022;2022;;Korea Południowa;KR;kraj_lub_terytorium;27111100;27111100 - Gaz ziemny skroplony [TJ];;TJ;brak_rekordu_w_api;;;;;;6649846;8212945000062;282
2022;2022;;Korea Południowa;KR;kraj_lub_terytorium;27112100;27112100 - Gaz ziemny w stanie gazowym [TJ];;TJ;brak_rekordu_w_api;;;;;;6649846;8212898000062;282
2022;2022;;Korea Północna;KP;kraj_lub_terytorium;27111100;27111100 - Gaz ziemny skroplony [TJ];;TJ;brak_rekordu_w_api;;;;;;6649847;8212945000062;282
2022;2022;;Korea Północna;KP;kraj_lub_terytorium;27112100;27112100 - Gaz ziemny w stanie gazowym [TJ];;TJ;brak_rekordu_w_api;;;;;;6649847;8212898000062;282
2022;2022;;Kosowo;XK;kraj_lub_terytorium;27111100;27111100 - Gaz ziemny skroplony [TJ];;TJ;brak_rekordu_w_api;;;;;;6649893;8212945000062;282
2022;2022;;Kosowo;XK;kraj_lub_terytorium;27112100;27112100 - Gaz ziemny w stanie gazowym [TJ];;TJ;brak_rekordu_w_api;;;;;;6649893;8212898000062;282
2022;2022;;Kostaryka;CR;kraj_lub_terytorium;27111100;27111100 - Gaz ziemny skroplony [TJ];;TJ;brak_rekordu_w_api;;;;;;6649811;8212945000062;282
2022;2022;;Kostaryka;CR;kraj_lub_terytorium;27112100;27112100 - Gaz ziemny w stanie gazowym [TJ];;TJ;brak_rekordu_w_api;;;;;;6649811;8212898000062;282
2022;2022;;Kuba;CU;kraj_lub_terytorium;27111100;27111100 - Gaz ziemny skroplony [TJ];;TJ;brak_rekordu_w_api;;;;;;6649810;8212945000062;282
2022;2022;;Kuba;CU;kraj_lub_terytorium;27112100;27112100 - Gaz ziemny w stanie gazowym [TJ];;TJ;brak_rekordu_w_api;;;;;;6649810;8212898000062;282
2022;2022;;Kuwejt;KW;kraj_lub_terytorium;27111100;27111100 - Gaz ziemny skroplony [TJ];;TJ;brak_rekordu_w_api;;;;;;6649845;8212945000062;282
2022;2022;;Kuwejt;KW;kraj_lub_terytorium;27112100;27112100 - Gaz ziemny w stanie gazowym [TJ];;TJ;brak_rekordu_w_api;;;;;;6649845;8212898000062;282
2022;2022;;Laos;LA;kraj_lub_terytorium;27111100;27111100 - Gaz ziemny skroplony [TJ];;TJ;brak_rekordu_w_api;;;;;;6649843;8212945000062;282
2022;2022;;Laos;LA;kraj_lub_terytorium;27112100;27112100 - Gaz ziemny w stanie gazowym [TJ];;TJ;brak_rekordu_w_api;;;;;;6649843;8212898000062;282
2022;2022;;Lesotho;LS;kraj_lub_terytorium;27111100;27111100 - Gaz ziemny skroplony [TJ];;TJ;brak_rekordu_w_api;;;;;;6649736;8212945000062;282
2022;2022;;Lesotho;LS;kraj_lub_terytorium;27112100;27112100 - Gaz ziemny w stanie gazowym [TJ];;TJ;brak_rekordu_w_api;;;;;;6649736;8212898000062;282
2022;2022;;Liban;LB;kraj_lub_terytorium;27111100;27111100 - Gaz ziemny skroplony [TJ];;TJ;brak_rekordu_w_api;;;;;;6649841;8212945000062;282
2022;2022;;Liban;LB;kraj_lub_terytorium;27112100;27112100 - Gaz ziemny w stanie gazowym [TJ];;TJ;brak_rekordu_w_api;;;;;;6649841;8212898000062;282
2022;2022;;Liberia;LR;kraj_lub_terytorium;27111100;27111100 - Gaz ziemny skroplony [TJ];;TJ;brak_rekordu_w_api;;;;;;6649735;8212945000062;282
2022;2022;;Liberia;LR;kraj_lub_terytorium;27112100;27112100 - Gaz ziemny w stanie gazowym [TJ];;TJ;brak_rekordu_w_api;;;;;;6649735;8212898000062;282
2022;2022;;Libia;LY;kraj_lub_terytorium;27111100;27111100 - Gaz ziemny skroplony [TJ];;TJ;brak_rekordu_w_api;;;;;;6649734;8212945000062;282
2022;2022;;Libia;LY;kraj_lub_terytorium;27112100;27112100 - Gaz ziemny w stanie gazowym [TJ];;TJ;brak_rekordu_w_api;;;;;;6649734;8212898000062;282
2022;2022;;Liechtenstein;LI;kraj_lub_terytorium;27111100;27111100 - Gaz ziemny skroplony [TJ];;TJ;brak_rekordu_w_api;;;;;;6649901;8212945000062;282
2022;2022;;Liechtenstein;LI;kraj_lub_terytorium;27112100;27112100 - Gaz ziemny w stanie gazowym [TJ];;TJ;brak_rekordu_w_api;;;;;;6649901;8212898000062;282
2022;2022;;Litwa;LT;kraj_lub_terytorium;27111100;27111100 - Gaz ziemny skroplony [TJ];24,0;TJ;wartosc_opublikowana;Dane ostateczne;Dane jawne;Nie dotyczy;;1;6649900;8212945000062;282
2022;2022;;Litwa;LT;kraj_lub_terytorium;27112100;27112100 - Gaz ziemny w stanie gazowym [TJ];3223,0;TJ;wartosc_opublikowana;Dane ostateczne;Dane jawne;Nie dotyczy;;1;6649900;8212898000062;282
2022;2022;;Luksemburg;LU;kraj_lub_terytorium;27111100;27111100 - Gaz ziemny skroplony [TJ];;TJ;brak_rekordu_w_api;;;;;;6649899;8212945000062;282
2022;2022;;Luksemburg;LU;kraj_lub_terytorium;27112100;27112100 - Gaz ziemny w stanie gazowym [TJ];;TJ;brak_rekordu_w_api;;;;;;6649899;8212898000062;282
2022;2022;;Macedonia Północna;MK;kraj_lub_terytorium;27111100;27111100 - Gaz ziemny skroplony [TJ];;TJ;brak_rekordu_w_api;;;;;;7437335;8212945000062;282
2022;2022;;Macedonia Północna;MK;kraj_lub_terytorium;27112100;27112100 - Gaz ziemny w stanie gazowym [TJ];;TJ;brak_rekordu_w_api;;;;;;7437335;8212898000062;282
2022;2022;;Madagaskar;MG;kraj_lub_terytorium;27111100;27111100 - Gaz ziemny skroplony [TJ];;TJ;brak_rekordu_w_api;;;;;;6649733;8212945000062;282
2022;2022;;Madagaskar;MG;kraj_lub_terytorium;27112100;27112100 - Gaz ziemny w stanie gazowym [TJ];;TJ;brak_rekordu_w_api;;;;;;6649733;8212898000062;282
2022;2022;;Majotta;YT;kraj_lub_terytorium;27111100;27111100 - Gaz ziemny skroplony [TJ];;TJ;brak_rekordu_w_api;;;;;;6649751;8212945000062;282
2022;2022;;Majotta;YT;kraj_lub_terytorium;27112100;27112100 - Gaz ziemny w stanie gazowym [TJ];;TJ;brak_rekordu_w_api;;;;;;6649751;8212898000062;282
2022;2022;;Makau;MO;kraj_lub_terytorium;27111100;27111100 - Gaz ziemny skroplony [TJ];;TJ;brak_rekordu_w_api;;;;;;7548214;8212945000062;282
2022;2022;;Makau;MO;kraj_lub_terytorium;27112100;27112100 - Gaz ziemny w stanie gazowym [TJ];;TJ;brak_rekordu_w_api;;;;;;7548214;8212898000062;282
2022;2022;;Malawi;MW;kraj_lub_terytorium;27111100;27111100 - Gaz ziemny skroplony [TJ];;TJ;brak_rekordu_w_api;;;;;;6649732;8212945000062;282
2022;2022;;Malawi;MW;kraj_lub_terytorium;27112100;27112100 - Gaz ziemny w stanie gazowym [TJ];;TJ;brak_rekordu_w_api;;;;;;6649732;8212898000062;282
2022;2022;;Malediwy;MV;kraj_lub_terytorium;27111100;27111100 - Gaz ziemny skroplony [TJ];;TJ;brak_rekordu_w_api;;;;;;6649838;8212945000062;282
2022;2022;;Malediwy;MV;kraj_lub_terytorium;27112100;27112100 - Gaz ziemny w stanie gazowym [TJ];;TJ;brak_rekordu_w_api;;;;;;6649838;8212898000062;282
2022;2022;;Malezja;MY;kraj_lub_terytorium;27111100;27111100 - Gaz ziemny skroplony [TJ];;TJ;brak_rekordu_w_api;;;;;;6649839;8212945000062;282
2022;2022;;Malezja;MY;kraj_lub_terytorium;27112100;27112100 - Gaz ziemny w stanie gazowym [TJ];;TJ;brak_rekordu_w_api;;;;;;6649839;8212898000062;282
2022;2022;;Mali;ML;kraj_lub_terytorium;27111100;27111100 - Gaz ziemny skroplony [TJ];;TJ;brak_rekordu_w_api;;;;;;6649731;8212945000062;282
2022;2022;;Mali;ML;kraj_lub_terytorium;27112100;27112100 - Gaz ziemny w stanie gazowym [TJ];;TJ;brak_rekordu_w_api;;;;;;6649731;8212898000062;282
2022;2022;;Malta;MT;kraj_lub_terytorium;27111100;27111100 - Gaz ziemny skroplony [TJ];;TJ;brak_rekordu_w_api;;;;;;6649898;8212945000062;282
2022;2022;;Malta;MT;kraj_lub_terytorium;27112100;27112100 - Gaz ziemny w stanie gazowym [TJ];;TJ;brak_rekordu_w_api;;;;;;6649898;8212898000062;282
2022;2022;;Mariany Północne;MP;kraj_lub_terytorium;27111100;27111100 - Gaz ziemny skroplony [TJ];;TJ;brak_rekordu_w_api;;;;;;6649684;8212945000062;282
2022;2022;;Mariany Północne;MP;kraj_lub_terytorium;27112100;27112100 - Gaz ziemny w stanie gazowym [TJ];;TJ;brak_rekordu_w_api;;;;;;6649684;8212898000062;282
2022;2022;;Maroko;MA;kraj_lub_terytorium;27111100;27111100 - Gaz ziemny skroplony [TJ];;TJ;brak_rekordu_w_api;;;;;;6649728;8212945000062;282
2022;2022;;Maroko;MA;kraj_lub_terytorium;27112100;27112100 - Gaz ziemny w stanie gazowym [TJ];;TJ;brak_rekordu_w_api;;;;;;6649728;8212898000062;282
2022;2022;;Mauretania;MR;kraj_lub_terytorium;27111100;27111100 - Gaz ziemny skroplony [TJ];;TJ;brak_rekordu_w_api;;;;;;6649730;8212945000062;282
2022;2022;;Mauretania;MR;kraj_lub_terytorium;27112100;27112100 - Gaz ziemny w stanie gazowym [TJ];;TJ;brak_rekordu_w_api;;;;;;6649730;8212898000062;282
2022;2022;;Mauritius;MU;kraj_lub_terytorium;27111100;27111100 - Gaz ziemny skroplony [TJ];;TJ;brak_rekordu_w_api;;;;;;6649729;8212945000062;282
2022;2022;;Mauritius;MU;kraj_lub_terytorium;27112100;27112100 - Gaz ziemny w stanie gazowym [TJ];;TJ;brak_rekordu_w_api;;;;;;6649729;8212898000062;282
2022;2022;;Małe Oddalone Wyspy Stanów Zjednoczonych;UM;kraj_lub_terytorium;27111100;27111100 - Gaz ziemny skroplony [TJ];;TJ;brak_rekordu_w_api;;;;;;7548583;8212945000062;282
2022;2022;;Małe Oddalone Wyspy Stanów Zjednoczonych;UM;kraj_lub_terytorium;27112100;27112100 - Gaz ziemny w stanie gazowym [TJ];;TJ;brak_rekordu_w_api;;;;;;7548583;8212898000062;282
2022;2022;;Meksyk;MX;kraj_lub_terytorium;27111100;27111100 - Gaz ziemny skroplony [TJ];;TJ;brak_rekordu_w_api;;;;;;6649799;8212945000062;282
2022;2022;;Meksyk;MX;kraj_lub_terytorium;27112100;27112100 - Gaz ziemny w stanie gazowym [TJ];;TJ;brak_rekordu_w_api;;;;;;6649799;8212898000062;282
2022;2022;;Melilla;XL;kraj_lub_terytorium;27111100;27111100 - Gaz ziemny skroplony [TJ];;TJ;brak_rekordu_w_api;;;;;;6649761;8212945000062;282
2022;2022;;Melilla;XL;kraj_lub_terytorium;27112100;27112100 - Gaz ziemny w stanie gazowym [TJ];;TJ;brak_rekordu_w_api;;;;;;6649761;8212898000062;282
2022;2022;;Mikronezja;FM;kraj_lub_terytorium;27111100;27111100 - Gaz ziemny skroplony [TJ];;TJ;brak_rekordu_w_api;;;;;;6649682;8212945000062;282
2022;2022;;Mikronezja;FM;kraj_lub_terytorium;27112100;27112100 - Gaz ziemny w stanie gazowym [TJ];;TJ;brak_rekordu_w_api;;;;;;6649682;8212898000062;282
2022;2022;;Mjanma (Birma);MM;kraj_lub_terytorium;27111100;27111100 - Gaz ziemny skroplony [TJ];;TJ;brak_rekordu_w_api;;;;;;6649865;8212945000062;282
2022;2022;;Mjanma (Birma);MM;kraj_lub_terytorium;27112100;27112100 - Gaz ziemny w stanie gazowym [TJ];;TJ;brak_rekordu_w_api;;;;;;6649865;8212898000062;282
2022;2022;;Mongolia;MN;kraj_lub_terytorium;27111100;27111100 - Gaz ziemny skroplony [TJ];;TJ;brak_rekordu_w_api;;;;;;6649837;8212945000062;282
2022;2022;;Mongolia;MN;kraj_lub_terytorium;27112100;27112100 - Gaz ziemny w stanie gazowym [TJ];;TJ;brak_rekordu_w_api;;;;;;6649837;8212898000062;282
2022;2022;;Montserrat;MS;kraj_lub_terytorium;27111100;27111100 - Gaz ziemny skroplony [TJ];;TJ;brak_rekordu_w_api;;;;;;6649798;8212945000062;282
2022;2022;;Montserrat;MS;kraj_lub_terytorium;27112100;27112100 - Gaz ziemny w stanie gazowym [TJ];;TJ;brak_rekordu_w_api;;;;;;6649798;8212898000062;282
2022;2022;;Mozambik;MZ;kraj_lub_terytorium;27111100;27111100 - Gaz ziemny skroplony [TJ];;TJ;brak_rekordu_w_api;;;;;;6649727;8212945000062;282
2022;2022;;Mozambik;MZ;kraj_lub_terytorium;27112100;27112100 - Gaz ziemny w stanie gazowym [TJ];;TJ;brak_rekordu_w_api;;;;;;6649727;8212898000062;282
2022;2022;;Mołdawia;MD;kraj_lub_terytorium;27111100;27111100 - Gaz ziemny skroplony [TJ];;TJ;brak_rekordu_w_api;;;;;;6649896;8212945000062;282
2022;2022;;Mołdawia;MD;kraj_lub_terytorium;27112100;27112100 - Gaz ziemny w stanie gazowym [TJ];;TJ;brak_rekordu_w_api;;;;;;6649896;8212898000062;282
2022;2022;;Namibia;NA;kraj_lub_terytorium;27111100;27111100 - Gaz ziemny skroplony [TJ];;TJ;brak_rekordu_w_api;;;;;;6649726;8212945000062;282
2022;2022;;Namibia;NA;kraj_lub_terytorium;27112100;27112100 - Gaz ziemny w stanie gazowym [TJ];;TJ;brak_rekordu_w_api;;;;;;6649726;8212898000062;282
2022;2022;;Nauru;NR;kraj_lub_terytorium;27111100;27111100 - Gaz ziemny skroplony [TJ];;TJ;brak_rekordu_w_api;;;;;;6649690;8212945000062;282
2022;2022;;Nauru;NR;kraj_lub_terytorium;27112100;27112100 - Gaz ziemny w stanie gazowym [TJ];;TJ;brak_rekordu_w_api;;;;;;6649690;8212898000062;282
2022;2022;;Nepal;NP;kraj_lub_terytorium;27111100;27111100 - Gaz ziemny skroplony [TJ];;TJ;brak_rekordu_w_api;;;;;;6649835;8212945000062;282
2022;2022;;Nepal;NP;kraj_lub_terytorium;27112100;27112100 - Gaz ziemny w stanie gazowym [TJ];;TJ;brak_rekordu_w_api;;;;;;6649835;8212898000062;282
2022;2022;;Niemcy;DE;kraj_lub_terytorium;27111100;27111100 - Gaz ziemny skroplony [TJ];788,0;TJ;wartosc_opublikowana;Dane ostateczne;Dane jawne;Nie dotyczy;;1;6649910;8212945000062;282
2022;2022;;Niemcy;DE;kraj_lub_terytorium;27112100;27112100 - Gaz ziemny w stanie gazowym [TJ];197,0;TJ;wartosc_opublikowana;Dane ostateczne;Dane jawne;Nie dotyczy;;1;6649910;8212898000062;282
2022;2022;;Niew.kr.i teryt, p. handl.i mil;QX;kategoria_specjalna;27111100;27111100 - Gaz ziemny skroplony [TJ];;TJ;brak_rekordu_w_api;;;;;;7276956;8212945000062;282
2022;2022;;Niew.kr.i teryt, p. handl.i mil;QX;kategoria_specjalna;27112100;27112100 - Gaz ziemny w stanie gazowym [TJ];;TJ;brak_rekordu_w_api;;;;;;7276956;8212898000062;282
2022;2022;;Niewyszczególnione kr. i teryt.;QU;kategoria_specjalna;27111100;27111100 - Gaz ziemny skroplony [TJ];;TJ;brak_rekordu_w_api;;;;;;7276957;8212945000062;282
2022;2022;;Niewyszczególnione kr. i teryt.;QU;kategoria_specjalna;27112100;27112100 - Gaz ziemny w stanie gazowym [TJ];;TJ;brak_rekordu_w_api;;;;;;7276957;8212898000062;282
2022;2022;;Nieznany kraj;_no;kategoria_specjalna;27111100;27111100 - Gaz ziemny skroplony [TJ];;TJ;brak_rekordu_w_api;;;;;;7639645;8212945000062;282
2022;2022;;Nieznany kraj;_no;kategoria_specjalna;27112100;27112100 - Gaz ziemny w stanie gazowym [TJ];;TJ;brak_rekordu_w_api;;;;;;7639645;8212898000062;282
2022;2022;;Niger;NE;kraj_lub_terytorium;27111100;27111100 - Gaz ziemny skroplony [TJ];;TJ;brak_rekordu_w_api;;;;;;6649725;8212945000062;282
2022;2022;;Niger;NE;kraj_lub_terytorium;27112100;27112100 - Gaz ziemny w stanie gazowym [TJ];;TJ;brak_rekordu_w_api;;;;;;6649725;8212898000062;282
2022;2022;;Nigeria;NG;kraj_lub_terytorium;27111100;27111100 - Gaz ziemny skroplony [TJ];;TJ;brak_rekordu_w_api;;;;;;6649724;8212945000062;282
2022;2022;;Nigeria;NG;kraj_lub_terytorium;27112100;27112100 - Gaz ziemny w stanie gazowym [TJ];;TJ;brak_rekordu_w_api;;;;;;6649724;8212898000062;282
2022;2022;;Nikaragua;NI;kraj_lub_terytorium;27111100;27111100 - Gaz ziemny skroplony [TJ];;TJ;brak_rekordu_w_api;;;;;;6649795;8212945000062;282
2022;2022;;Nikaragua;NI;kraj_lub_terytorium;27112100;27112100 - Gaz ziemny w stanie gazowym [TJ];;TJ;brak_rekordu_w_api;;;;;;6649795;8212898000062;282
2022;2022;;Niue;NU;kraj_lub_terytorium;27111100;27111100 - Gaz ziemny skroplony [TJ];;TJ;brak_rekordu_w_api;;;;;;6649686;8212945000062;282
2022;2022;;Niue;NU;kraj_lub_terytorium;27112100;27112100 - Gaz ziemny w stanie gazowym [TJ];;TJ;brak_rekordu_w_api;;;;;;6649686;8212898000062;282
2022;2022;;Norfolk;NF;kraj_lub_terytorium;27111100;27111100 - Gaz ziemny skroplony [TJ];;TJ;brak_rekordu_w_api;;;;;;6649685;8212945000062;282
2022;2022;;Norfolk;NF;kraj_lub_terytorium;27112100;27112100 - Gaz ziemny w stanie gazowym [TJ];;TJ;brak_rekordu_w_api;;;;;;6649685;8212898000062;282
2022;2022;;Norwegia;NO;kraj_lub_terytorium;27111100;27111100 - Gaz ziemny skroplony [TJ];;TJ;brak_rekordu_w_api;;;;;;6649892;8212945000062;282
2022;2022;;Norwegia;NO;kraj_lub_terytorium;27112100;27112100 - Gaz ziemny w stanie gazowym [TJ];;TJ;brak_rekordu_w_api;;;;;;6649892;8212898000062;282
2022;2022;;Nowa Kaledonia;NC;kraj_lub_terytorium;27111100;27111100 - Gaz ziemny skroplony [TJ];;TJ;brak_rekordu_w_api;;;;;;6649689;8212945000062;282
2022;2022;;Nowa Kaledonia;NC;kraj_lub_terytorium;27112100;27112100 - Gaz ziemny w stanie gazowym [TJ];;TJ;brak_rekordu_w_api;;;;;;6649689;8212898000062;282
2022;2022;;Nowa Zelandia;NZ;kraj_lub_terytorium;27111100;27111100 - Gaz ziemny skroplony [TJ];;TJ;brak_rekordu_w_api;;;;;;6649687;8212945000062;282
2022;2022;;Nowa Zelandia;NZ;kraj_lub_terytorium;27112100;27112100 - Gaz ziemny w stanie gazowym [TJ];;TJ;brak_rekordu_w_api;;;;;;6649687;8212898000062;282
2022;2022;;Oman;OM;kraj_lub_terytorium;27111100;27111100 - Gaz ziemny skroplony [TJ];;TJ;brak_rekordu_w_api;;;;;;6649836;8212945000062;282
2022;2022;;Oman;OM;kraj_lub_terytorium;27112100;27112100 - Gaz ziemny w stanie gazowym [TJ];;TJ;brak_rekordu_w_api;;;;;;6649836;8212898000062;282
2022;2022;;Pakistan;PK;kraj_lub_terytorium;27111100;27111100 - Gaz ziemny skroplony [TJ];;TJ;brak_rekordu_w_api;;;;;;6649834;8212945000062;282
2022;2022;;Pakistan;PK;kraj_lub_terytorium;27112100;27112100 - Gaz ziemny w stanie gazowym [TJ];;TJ;brak_rekordu_w_api;;;;;;6649834;8212898000062;282
2022;2022;;Palau;PW;kraj_lub_terytorium;27111100;27111100 - Gaz ziemny skroplony [TJ];;TJ;brak_rekordu_w_api;;;;;;6649680;8212945000062;282
2022;2022;;Palau;PW;kraj_lub_terytorium;27112100;27112100 - Gaz ziemny w stanie gazowym [TJ];;TJ;brak_rekordu_w_api;;;;;;6649680;8212898000062;282
2022;2022;;Palestyna;PS;kraj_lub_terytorium;27111100;27111100 - Gaz ziemny skroplony [TJ];;TJ;brak_rekordu_w_api;;;;;;6649857;8212945000062;282
2022;2022;;Palestyna;PS;kraj_lub_terytorium;27112100;27112100 - Gaz ziemny w stanie gazowym [TJ];;TJ;brak_rekordu_w_api;;;;;;6649857;8212898000062;282
2022;2022;;Panama;PA;kraj_lub_terytorium;27111100;27111100 - Gaz ziemny skroplony [TJ];;TJ;brak_rekordu_w_api;;;;;;6649794;8212945000062;282
2022;2022;;Panama;PA;kraj_lub_terytorium;27112100;27112100 - Gaz ziemny w stanie gazowym [TJ];;TJ;brak_rekordu_w_api;;;;;;6649794;8212898000062;282
2022;2022;;Papua-Nowa Gwinea;PG;kraj_lub_terytorium;27111100;27111100 - Gaz ziemny skroplony [TJ];;TJ;brak_rekordu_w_api;;;;;;6649679;8212945000062;282
2022;2022;;Papua-Nowa Gwinea;PG;kraj_lub_terytorium;27112100;27112100 - Gaz ziemny w stanie gazowym [TJ];;TJ;brak_rekordu_w_api;;;;;;6649679;8212898000062;282
2022;2022;;Paragwaj;PY;kraj_lub_terytorium;27111100;27111100 - Gaz ziemny skroplony [TJ];;TJ;brak_rekordu_w_api;;;;;;6649768;8212945000062;282
2022;2022;;Paragwaj;PY;kraj_lub_terytorium;27112100;27112100 - Gaz ziemny w stanie gazowym [TJ];;TJ;brak_rekordu_w_api;;;;;;6649768;8212898000062;282
2022;2022;;Peru;PE;kraj_lub_terytorium;27111100;27111100 - Gaz ziemny skroplony [TJ];;TJ;brak_rekordu_w_api;;;;;;6649767;8212945000062;282
2022;2022;;Peru;PE;kraj_lub_terytorium;27112100;27112100 - Gaz ziemny w stanie gazowym [TJ];;TJ;brak_rekordu_w_api;;;;;;6649767;8212898000062;282
2022;2022;;Pełne morze;QP;kategoria_specjalna;27111100;27111100 - Gaz ziemny skroplony [TJ];;TJ;brak_rekordu_w_api;;;;;;7277327;8212945000062;282
2022;2022;;Pełne morze;QP;kategoria_specjalna;27112100;27112100 - Gaz ziemny w stanie gazowym [TJ];;TJ;brak_rekordu_w_api;;;;;;7277327;8212898000062;282
2022;2022;;Pitcairn;PN;kraj_lub_terytorium;27111100;27111100 - Gaz ziemny skroplony [TJ];;TJ;brak_rekordu_w_api;;;;;;6649678;8212945000062;282
2022;2022;;Pitcairn;PN;kraj_lub_terytorium;27112100;27112100 - Gaz ziemny w stanie gazowym [TJ];;TJ;brak_rekordu_w_api;;;;;;6649678;8212898000062;282
2022;2022;;Polinezja Francuska;PF;kraj_lub_terytorium;27111100;27111100 - Gaz ziemny skroplony [TJ];;TJ;brak_rekordu_w_api;;;;;;6649695;8212945000062;282
2022;2022;;Polinezja Francuska;PF;kraj_lub_terytorium;27112100;27112100 - Gaz ziemny w stanie gazowym [TJ];;TJ;brak_rekordu_w_api;;;;;;6649695;8212898000062;282
2022;2022;;Polska;PL;kraj_lub_terytorium;27111100;27111100 - Gaz ziemny skroplony [TJ];;TJ;brak_rekordu_w_api;;;;;;6649891;8212945000062;282
2022;2022;;Polska;PL;kraj_lub_terytorium;27112100;27112100 - Gaz ziemny w stanie gazowym [TJ];;TJ;brak_rekordu_w_api;;;;;;6649891;8212898000062;282
2022;2022;;Portugalia;PT;kraj_lub_terytorium;27111100;27111100 - Gaz ziemny skroplony [TJ];;TJ;brak_rekordu_w_api;;;;;;6649890;8212945000062;282
2022;2022;;Portugalia;PT;kraj_lub_terytorium;27112100;27112100 - Gaz ziemny w stanie gazowym [TJ];;TJ;brak_rekordu_w_api;;;;;;6649890;8212898000062;282
2022;2022;;Południowa Afryka;ZA;kraj_lub_terytorium;27111100;27111100 - Gaz ziemny skroplony [TJ];;TJ;brak_rekordu_w_api;;;;;;7548785;8212945000062;282
2022;2022;;Południowa Afryka;ZA;kraj_lub_terytorium;27112100;27112100 - Gaz ziemny w stanie gazowym [TJ];;TJ;brak_rekordu_w_api;;;;;;7548785;8212898000062;282
2022;2022;;QQ w ramach handlu z UE;QR;kategoria_specjalna;27111100;27111100 - Gaz ziemny skroplony [TJ];;TJ;brak_rekordu_w_api;;;;;;7277330;8212945000062;282
2022;2022;;QQ w ramach handlu z UE;QR;kategoria_specjalna;27112100;27112100 - Gaz ziemny w stanie gazowym [TJ];;TJ;brak_rekordu_w_api;;;;;;7277330;8212898000062;282
2022;2022;;QQ w ramach handlu z kr.trzecimi;QS;kategoria_specjalna;27111100;27111100 - Gaz ziemny skroplony [TJ];;TJ;brak_rekordu_w_api;;;;;;7277331;8212945000062;282
2022;2022;;QQ w ramach handlu z kr.trzecimi;QS;kategoria_specjalna;27112100;27112100 - Gaz ziemny w stanie gazowym [TJ];;TJ;brak_rekordu_w_api;;;;;;7277331;8212898000062;282
2022;2022;;QU w ramach handlu z UE;QV;kategoria_specjalna;27111100;27111100 - Gaz ziemny skroplony [TJ];;TJ;brak_rekordu_w_api;;;;;;7277396;8212945000062;282
2022;2022;;QU w ramach handlu z UE;QV;kategoria_specjalna;27112100;27112100 - Gaz ziemny w stanie gazowym [TJ];;TJ;brak_rekordu_w_api;;;;;;7277396;8212898000062;282
2022;2022;;QU w ramach handlu z kr.trzecimi;QW;kategoria_specjalna;27111100;27111100 - Gaz ziemny skroplony [TJ];;TJ;brak_rekordu_w_api;;;;;;7277333;8212945000062;282
2022;2022;;QU w ramach handlu z kr.trzecimi;QW;kategoria_specjalna;27112100;27112100 - Gaz ziemny w stanie gazowym [TJ];;TJ;brak_rekordu_w_api;;;;;;7277333;8212898000062;282
2022;2022;;QX w ramach handlu z UE;QY;kategoria_specjalna;27111100;27111100 - Gaz ziemny skroplony [TJ];;TJ;brak_rekordu_w_api;;;;;;7277399;8212945000062;282
2022;2022;;QX w ramach handlu z UE;QY;kategoria_specjalna;27112100;27112100 - Gaz ziemny w stanie gazowym [TJ];;TJ;brak_rekordu_w_api;;;;;;7277399;8212898000062;282
2022;2022;;QX w ramach handlu z kr.trzecimi;QZ;kategoria_specjalna;27111100;27111100 - Gaz ziemny skroplony [TJ];;TJ;brak_rekordu_w_api;;;;;;7277397;8212945000062;282
2022;2022;;QX w ramach handlu z kr.trzecimi;QZ;kategoria_specjalna;27112100;27112100 - Gaz ziemny w stanie gazowym [TJ];;TJ;brak_rekordu_w_api;;;;;;7277397;8212898000062;282
2022;2022;;Republika Zielonego Przylądka;CV;kraj_lub_terytorium;27111100;27111100 - Gaz ziemny skroplony [TJ];;TJ;brak_rekordu_w_api;;;;;;7473154;8212945000062;282
2022;2022;;Republika Zielonego Przylądka;CV;kraj_lub_terytorium;27112100;27112100 - Gaz ziemny w stanie gazowym [TJ];;TJ;brak_rekordu_w_api;;;;;;7473154;8212898000062;282
2022;2022;;Republika Środkowoafrykańska;CF;kraj_lub_terytorium;27111100;27111100 - Gaz ziemny skroplony [TJ];;TJ;brak_rekordu_w_api;;;;;;6649754;8212945000062;282
2022;2022;;Republika Środkowoafrykańska;CF;kraj_lub_terytorium;27112100;27112100 - Gaz ziemny w stanie gazowym [TJ];;TJ;brak_rekordu_w_api;;;;;;6649754;8212898000062;282
2022;2022;;Rosja;RU;kraj_lub_terytorium;27111100;27111100 - Gaz ziemny skroplony [TJ];;TJ;brak_rekordu_w_api;;;;;;6649888;8212945000062;282
2022;2022;;Rosja;RU;kraj_lub_terytorium;27112100;27112100 - Gaz ziemny w stanie gazowym [TJ];;TJ;brak_rekordu_w_api;;;;;;6649888;8212898000062;282
2022;2022;;Rumunia;RO;kraj_lub_terytorium;27111100;27111100 - Gaz ziemny skroplony [TJ];;TJ;brak_rekordu_w_api;;;;;;6649889;8212945000062;282
2022;2022;;Rumunia;RO;kraj_lub_terytorium;27112100;27112100 - Gaz ziemny w stanie gazowym [TJ];;TJ;brak_rekordu_w_api;;;;;;6649889;8212898000062;282
2022;2022;;Rwanda;RW;kraj_lub_terytorium;27111100;27111100 - Gaz ziemny skroplony [TJ];;TJ;brak_rekordu_w_api;;;;;;6649721;8212945000062;282
2022;2022;;Rwanda;RW;kraj_lub_terytorium;27112100;27112100 - Gaz ziemny w stanie gazowym [TJ];;TJ;brak_rekordu_w_api;;;;;;6649721;8212898000062;282
2022;2022;;Sahara Zachodnia;EH;kraj_lub_terytorium;27111100;27111100 - Gaz ziemny skroplony [TJ];;TJ;brak_rekordu_w_api;;;;;;6649711;8212945000062;282
2022;2022;;Sahara Zachodnia;EH;kraj_lub_terytorium;27112100;27112100 - Gaz ziemny w stanie gazowym [TJ];;TJ;brak_rekordu_w_api;;;;;;6649711;8212898000062;282
2022;2022;;Saint  Pierre i Miquelon;PM;kraj_lub_terytorium;27111100;27111100 - Gaz ziemny skroplony [TJ];;TJ;brak_rekordu_w_api;;;;;;6649787;8212945000062;282
2022;2022;;Saint  Pierre i Miquelon;PM;kraj_lub_terytorium;27112100;27112100 - Gaz ziemny w stanie gazowym [TJ];;TJ;brak_rekordu_w_api;;;;;;6649787;8212898000062;282
2022;2022;;Saint Kitts i Nevis;KN;kraj_lub_terytorium;27111100;27111100 - Gaz ziemny skroplony [TJ];;TJ;brak_rekordu_w_api;;;;;;6649791;8212945000062;282
2022;2022;;Saint Kitts i Nevis;KN;kraj_lub_terytorium;27112100;27112100 - Gaz ziemny w stanie gazowym [TJ];;TJ;brak_rekordu_w_api;;;;;;6649791;8212898000062;282
2022;2022;;Saint Lucia;LC;kraj_lub_terytorium;27111100;27111100 - Gaz ziemny skroplony [TJ];;TJ;brak_rekordu_w_api;;;;;;6649789;8212945000062;282
2022;2022;;Saint Lucia;LC;kraj_lub_terytorium;27112100;27112100 - Gaz ziemny w stanie gazowym [TJ];;TJ;brak_rekordu_w_api;;;;;;6649789;8212898000062;282
2022;2022;;Saint Vincent i Grenadyny;VC;kraj_lub_terytorium;27111100;27111100 - Gaz ziemny skroplony [TJ];;TJ;brak_rekordu_w_api;;;;;;6649786;8212945000062;282
2022;2022;;Saint Vincent i Grenadyny;VC;kraj_lub_terytorium;27112100;27112100 - Gaz ziemny w stanie gazowym [TJ];;TJ;brak_rekordu_w_api;;;;;;6649786;8212898000062;282
2022;2022;;Saint-Barthélemy;BL;kraj_lub_terytorium;27111100;27111100 - Gaz ziemny skroplony [TJ];;TJ;brak_rekordu_w_api;;;;;;7463787;8212945000062;282
2022;2022;;Saint-Barthélemy;BL;kraj_lub_terytorium;27112100;27112100 - Gaz ziemny w stanie gazowym [TJ];;TJ;brak_rekordu_w_api;;;;;;7463787;8212898000062;282
2022;2022;;Salwador;SV;kraj_lub_terytorium;27111100;27111100 - Gaz ziemny skroplony [TJ];;TJ;brak_rekordu_w_api;;;;;;6649808;8212945000062;282
2022;2022;;Salwador;SV;kraj_lub_terytorium;27112100;27112100 - Gaz ziemny w stanie gazowym [TJ];;TJ;brak_rekordu_w_api;;;;;;6649808;8212898000062;282
2022;2022;;Samoa;WS;kraj_lub_terytorium;27111100;27111100 - Gaz ziemny skroplony [TJ];;TJ;brak_rekordu_w_api;;;;;;6649672;8212945000062;282
2022;2022;;Samoa;WS;kraj_lub_terytorium;27112100;27112100 - Gaz ziemny w stanie gazowym [TJ];;TJ;brak_rekordu_w_api;;;;;;6649672;8212898000062;282
2022;2022;;Samoa Amerykańskie;AS;kraj_lub_terytorium;27111100;27111100 - Gaz ziemny skroplony [TJ];;TJ;brak_rekordu_w_api;;;;;;6649700;8212945000062;282
2022;2022;;Samoa Amerykańskie;AS;kraj_lub_terytorium;27112100;27112100 - Gaz ziemny w stanie gazowym [TJ];;TJ;brak_rekordu_w_api;;;;;;6649700;8212898000062;282
2022;2022;;San Marino;SM;kraj_lub_terytorium;27111100;27111100 - Gaz ziemny skroplony [TJ];;TJ;brak_rekordu_w_api;;;;;;6649887;8212945000062;282
2022;2022;;San Marino;SM;kraj_lub_terytorium;27112100;27112100 - Gaz ziemny w stanie gazowym [TJ];;TJ;brak_rekordu_w_api;;;;;;6649887;8212898000062;282
2022;2022;;Senegal;SN;kraj_lub_terytorium;27111100;27111100 - Gaz ziemny skroplony [TJ];;TJ;brak_rekordu_w_api;;;;;;6649717;8212945000062;282
2022;2022;;Senegal;SN;kraj_lub_terytorium;27112100;27112100 - Gaz ziemny w stanie gazowym [TJ];;TJ;brak_rekordu_w_api;;;;;;6649717;8212898000062;282
2022;2022;;Serbia;XS;kraj_lub_terytorium;27111100;27111100 - Gaz ziemny skroplony [TJ];;TJ;brak_rekordu_w_api;;;;;;6649951;8212945000062;282
2022;2022;;Serbia;XS;kraj_lub_terytorium;27112100;27112100 - Gaz ziemny w stanie gazowym [TJ];;TJ;brak_rekordu_w_api;;;;;;6649951;8212898000062;282
2022;2022;;Seszele;SC;kraj_lub_terytorium;27111100;27111100 - Gaz ziemny skroplony [TJ];;TJ;brak_rekordu_w_api;;;;;;6649716;8212945000062;282
2022;2022;;Seszele;SC;kraj_lub_terytorium;27112100;27112100 - Gaz ziemny w stanie gazowym [TJ];;TJ;brak_rekordu_w_api;;;;;;6649716;8212898000062;282
2022;2022;;Sierra Leone;SL;kraj_lub_terytorium;27111100;27111100 - Gaz ziemny skroplony [TJ];;TJ;brak_rekordu_w_api;;;;;;6649715;8212945000062;282
2022;2022;;Sierra Leone;SL;kraj_lub_terytorium;27112100;27112100 - Gaz ziemny w stanie gazowym [TJ];;TJ;brak_rekordu_w_api;;;;;;6649715;8212898000062;282
2022;2022;;Singapur;SG;kraj_lub_terytorium;27111100;27111100 - Gaz ziemny skroplony [TJ];;TJ;brak_rekordu_w_api;;;;;;6649829;8212945000062;282
2022;2022;;Singapur;SG;kraj_lub_terytorium;27112100;27112100 - Gaz ziemny w stanie gazowym [TJ];;TJ;brak_rekordu_w_api;;;;;;6649829;8212898000062;282
2022;2022;;Sint Maarten (część niderlandzka);SX;kraj_lub_terytorium;27111100;27111100 - Gaz ziemny skroplony [TJ];;TJ;brak_rekordu_w_api;;;;;;7548327;8212945000062;282
2022;2022;;Sint Maarten (część niderlandzka);SX;kraj_lub_terytorium;27112100;27112100 - Gaz ziemny w stanie gazowym [TJ];;TJ;brak_rekordu_w_api;;;;;;7548327;8212898000062;282
2022;2022;;Somalia;SO;kraj_lub_terytorium;27111100;27111100 - Gaz ziemny skroplony [TJ];;TJ;brak_rekordu_w_api;;;;;;6649714;8212945000062;282
2022;2022;;Somalia;SO;kraj_lub_terytorium;27112100;27112100 - Gaz ziemny w stanie gazowym [TJ];;TJ;brak_rekordu_w_api;;;;;;6649714;8212898000062;282
2022;2022;;Sri Lanka;LK;kraj_lub_terytorium;27111100;27111100 - Gaz ziemny skroplony [TJ];;TJ;brak_rekordu_w_api;;;;;;6649863;8212945000062;282
2022;2022;;Sri Lanka;LK;kraj_lub_terytorium;27112100;27112100 - Gaz ziemny w stanie gazowym [TJ];;TJ;brak_rekordu_w_api;;;;;;6649863;8212898000062;282
2022;2022;;Stany Zjednoczone;US;kraj_lub_terytorium;27111100;27111100 - Gaz ziemny skroplony [TJ];;TJ;brak_rekordu_w_api;;;;;;6649783;8212945000062;282
2022;2022;;Stany Zjednoczone;US;kraj_lub_terytorium;27112100;27112100 - Gaz ziemny w stanie gazowym [TJ];;TJ;brak_rekordu_w_api;;;;;;6649783;8212898000062;282
2022;2022;;Sudan;SD;kraj_lub_terytorium;27111100;27111100 - Gaz ziemny skroplony [TJ];;TJ;brak_rekordu_w_api;;;;;;6649710;8212945000062;282
2022;2022;;Sudan;SD;kraj_lub_terytorium;27112100;27112100 - Gaz ziemny w stanie gazowym [TJ];;TJ;brak_rekordu_w_api;;;;;;6649710;8212898000062;282
2022;2022;;Sudan Południowy;SS;kraj_lub_terytorium;27111100;27111100 - Gaz ziemny skroplony [TJ];;TJ;brak_rekordu_w_api;;;;;;6649709;8212945000062;282
2022;2022;;Sudan Południowy;SS;kraj_lub_terytorium;27112100;27112100 - Gaz ziemny w stanie gazowym [TJ];;TJ;brak_rekordu_w_api;;;;;;6649709;8212898000062;282
2022;2022;;Surinam;SR;kraj_lub_terytorium;27111100;27111100 - Gaz ziemny skroplony [TJ];;TJ;brak_rekordu_w_api;;;;;;6649766;8212945000062;282
2022;2022;;Surinam;SR;kraj_lub_terytorium;27112100;27112100 - Gaz ziemny w stanie gazowym [TJ];;TJ;brak_rekordu_w_api;;;;;;6649766;8212898000062;282
2022;2022;;Syria;SY;kraj_lub_terytorium;27111100;27111100 - Gaz ziemny skroplony [TJ];;TJ;brak_rekordu_w_api;;;;;;6649827;8212945000062;282
2022;2022;;Syria;SY;kraj_lub_terytorium;27112100;27112100 - Gaz ziemny w stanie gazowym [TJ];;TJ;brak_rekordu_w_api;;;;;;6649827;8212898000062;282
2022;2022;;Szwajcaria;CH;kraj_lub_terytorium;27111100;27111100 - Gaz ziemny skroplony [TJ];;TJ;brak_rekordu_w_api;;;;;;6649881;8212945000062;282
2022;2022;;Szwajcaria;CH;kraj_lub_terytorium;27112100;27112100 - Gaz ziemny w stanie gazowym [TJ];;TJ;brak_rekordu_w_api;;;;;;6649881;8212898000062;282
2022;2022;;Szwecja;SE;kraj_lub_terytorium;27111100;27111100 - Gaz ziemny skroplony [TJ];;TJ;brak_rekordu_w_api;;;;;;6649882;8212945000062;282
2022;2022;;Szwecja;SE;kraj_lub_terytorium;27112100;27112100 - Gaz ziemny w stanie gazowym [TJ];;TJ;brak_rekordu_w_api;;;;;;6649882;8212898000062;282
2022;2022;;Słowacja;SK;kraj_lub_terytorium;27111100;27111100 - Gaz ziemny skroplony [TJ];7,0;TJ;wartosc_opublikowana;Dane ostateczne;Dane jawne;Nie dotyczy;;1;6649886;8212945000062;282
2022;2022;;Słowacja;SK;kraj_lub_terytorium;27112100;27112100 - Gaz ziemny w stanie gazowym [TJ];;TJ;brak_rekordu_w_api;;;;;;6649886;8212898000062;282
2022;2022;;Słowenia;SI;kraj_lub_terytorium;27111100;27111100 - Gaz ziemny skroplony [TJ];;TJ;brak_rekordu_w_api;;;;;;6649885;8212945000062;282
2022;2022;;Słowenia;SI;kraj_lub_terytorium;27112100;27112100 - Gaz ziemny w stanie gazowym [TJ];;TJ;brak_rekordu_w_api;;;;;;6649885;8212898000062;282
2022;2022;;Tadżykistan;TJ;kraj_lub_terytorium;27111100;27111100 - Gaz ziemny skroplony [TJ];;TJ;brak_rekordu_w_api;;;;;;6649826;8212945000062;282
2022;2022;;Tadżykistan;TJ;kraj_lub_terytorium;27112100;27112100 - Gaz ziemny w stanie gazowym [TJ];;TJ;brak_rekordu_w_api;;;;;;6649826;8212898000062;282
2022;2022;;Tajlandia;TH;kraj_lub_terytorium;27111100;27111100 - Gaz ziemny skroplony [TJ];;TJ;brak_rekordu_w_api;;;;;;6649824;8212945000062;282
2022;2022;;Tajlandia;TH;kraj_lub_terytorium;27112100;27112100 - Gaz ziemny w stanie gazowym [TJ];;TJ;brak_rekordu_w_api;;;;;;6649824;8212898000062;282
2022;2022;;Tajwan;TW;kraj_lub_terytorium;27111100;27111100 - Gaz ziemny skroplony [TJ];;TJ;brak_rekordu_w_api;;;;;;7548478;8212945000062;282
2022;2022;;Tajwan;TW;kraj_lub_terytorium;27112100;27112100 - Gaz ziemny w stanie gazowym [TJ];;TJ;brak_rekordu_w_api;;;;;;7548478;8212898000062;282
2022;2022;;Tanzania;TZ;kraj_lub_terytorium;27111100;27111100 - Gaz ziemny skroplony [TJ];;TJ;brak_rekordu_w_api;;;;;;6649703;8212945000062;282
2022;2022;;Tanzania;TZ;kraj_lub_terytorium;27112100;27112100 - Gaz ziemny w stanie gazowym [TJ];;TJ;brak_rekordu_w_api;;;;;;6649703;8212898000062;282
2022;2022;;Timor Wschodni;TL;kraj_lub_terytorium;27111100;27111100 - Gaz ziemny skroplony [TJ];;TJ;brak_rekordu_w_api;;;;;;6649832;8212945000062;282
2022;2022;;Timor Wschodni;TL;kraj_lub_terytorium;27112100;27112100 - Gaz ziemny w stanie gazowym [TJ];;TJ;brak_rekordu_w_api;;;;;;6649832;8212898000062;282
2022;2022;;Togo;TG;kraj_lub_terytorium;27111100;27111100 - Gaz ziemny skroplony [TJ];;TJ;brak_rekordu_w_api;;;;;;6649707;8212945000062;282
2022;2022;;Togo;TG;kraj_lub_terytorium;27112100;27112100 - Gaz ziemny w stanie gazowym [TJ];;TJ;brak_rekordu_w_api;;;;;;6649707;8212898000062;282
2022;2022;;Tokelau;TK;kraj_lub_terytorium;27111100;27111100 - Gaz ziemny skroplony [TJ];;TJ;brak_rekordu_w_api;;;;;;6649676;8212945000062;282
2022;2022;;Tokelau;TK;kraj_lub_terytorium;27112100;27112100 - Gaz ziemny w stanie gazowym [TJ];;TJ;brak_rekordu_w_api;;;;;;6649676;8212898000062;282
2022;2022;;Tonga;TO;kraj_lub_terytorium;27111100;27111100 - Gaz ziemny skroplony [TJ];;TJ;brak_rekordu_w_api;;;;;;6649675;8212945000062;282
2022;2022;;Tonga;TO;kraj_lub_terytorium;27112100;27112100 - Gaz ziemny w stanie gazowym [TJ];;TJ;brak_rekordu_w_api;;;;;;6649675;8212898000062;282
2022;2022;;Trynidad i Tobago;TT;kraj_lub_terytorium;27111100;27111100 - Gaz ziemny skroplony [TJ];;TJ;brak_rekordu_w_api;;;;;;6649785;8212945000062;282
2022;2022;;Trynidad i Tobago;TT;kraj_lub_terytorium;27112100;27112100 - Gaz ziemny w stanie gazowym [TJ];;TJ;brak_rekordu_w_api;;;;;;6649785;8212898000062;282
2022;2022;;Tunezja;TN;kraj_lub_terytorium;27111100;27111100 - Gaz ziemny skroplony [TJ];;TJ;brak_rekordu_w_api;;;;;;6649706;8212945000062;282
2022;2022;;Tunezja;TN;kraj_lub_terytorium;27112100;27112100 - Gaz ziemny w stanie gazowym [TJ];;TJ;brak_rekordu_w_api;;;;;;6649706;8212898000062;282
2022;2022;;Turcja;TR;kraj_lub_terytorium;27111100;27111100 - Gaz ziemny skroplony [TJ];;TJ;brak_rekordu_w_api;;;;;;6649880;8212945000062;282
2022;2022;;Turcja;TR;kraj_lub_terytorium;27112100;27112100 - Gaz ziemny w stanie gazowym [TJ];;TJ;brak_rekordu_w_api;;;;;;6649880;8212898000062;282
2022;2022;;Turkmenistan;TM;kraj_lub_terytorium;27111100;27111100 - Gaz ziemny skroplony [TJ];;TJ;brak_rekordu_w_api;;;;;;6649822;8212945000062;282
2022;2022;;Turkmenistan;TM;kraj_lub_terytorium;27112100;27112100 - Gaz ziemny w stanie gazowym [TJ];;TJ;brak_rekordu_w_api;;;;;;6649822;8212898000062;282
2022;2022;;Turks i Caicos;TC;kraj_lub_terytorium;27111100;27111100 - Gaz ziemny skroplony [TJ];;TJ;brak_rekordu_w_api;;;;;;6649939;8212945000062;282
2022;2022;;Turks i Caicos;TC;kraj_lub_terytorium;27112100;27112100 - Gaz ziemny w stanie gazowym [TJ];;TJ;brak_rekordu_w_api;;;;;;6649939;8212898000062;282
2022;2022;;Tuvalu;TV;kraj_lub_terytorium;27111100;27111100 - Gaz ziemny skroplony [TJ];;TJ;brak_rekordu_w_api;;;;;;6649674;8212945000062;282
2022;2022;;Tuvalu;TV;kraj_lub_terytorium;27112100;27112100 - Gaz ziemny w stanie gazowym [TJ];;TJ;brak_rekordu_w_api;;;;;;6649674;8212898000062;282
2022;2022;;Uganda;UG;kraj_lub_terytorium;27111100;27111100 - Gaz ziemny skroplony [TJ];;TJ;brak_rekordu_w_api;;;;;;6649705;8212945000062;282
2022;2022;;Uganda;UG;kraj_lub_terytorium;27112100;27112100 - Gaz ziemny w stanie gazowym [TJ];;TJ;brak_rekordu_w_api;;;;;;6649705;8212898000062;282
2022;2022;;Ukraina;UA;kraj_lub_terytorium;27111100;27111100 - Gaz ziemny skroplony [TJ];;TJ;brak_rekordu_w_api;;;;;;6649879;8212945000062;282
2022;2022;;Ukraina;UA;kraj_lub_terytorium;27112100;27112100 - Gaz ziemny w stanie gazowym [TJ];14864,0;TJ;wartosc_opublikowana;Dane ostateczne;Dane jawne;Nie dotyczy;;1;6649879;8212898000062;282
2022;2022;;Urugwaj;UY;kraj_lub_terytorium;27111100;27111100 - Gaz ziemny skroplony [TJ];;TJ;brak_rekordu_w_api;;;;;;6649765;8212945000062;282
2022;2022;;Urugwaj;UY;kraj_lub_terytorium;27112100;27112100 - Gaz ziemny w stanie gazowym [TJ];;TJ;brak_rekordu_w_api;;;;;;6649765;8212898000062;282
2022;2022;;Uzbekistan;UZ;kraj_lub_terytorium;27111100;27111100 - Gaz ziemny skroplony [TJ];;TJ;brak_rekordu_w_api;;;;;;6649820;8212945000062;282
2022;2022;;Uzbekistan;UZ;kraj_lub_terytorium;27112100;27112100 - Gaz ziemny w stanie gazowym [TJ];;TJ;brak_rekordu_w_api;;;;;;6649820;8212898000062;282
2022;2022;;Vanuatu;VU;kraj_lub_terytorium;27111100;27111100 - Gaz ziemny skroplony [TJ];;TJ;brak_rekordu_w_api;;;;;;6649688;8212945000062;282
2022;2022;;Vanuatu;VU;kraj_lub_terytorium;27112100;27112100 - Gaz ziemny w stanie gazowym [TJ];;TJ;brak_rekordu_w_api;;;;;;6649688;8212898000062;282
2022;2022;;Wallis i Futuna;WF;kraj_lub_terytorium;27111100;27111100 - Gaz ziemny skroplony [TJ];;TJ;brak_rekordu_w_api;;;;;;6649673;8212945000062;282
2022;2022;;Wallis i Futuna;WF;kraj_lub_terytorium;27112100;27112100 - Gaz ziemny w stanie gazowym [TJ];;TJ;brak_rekordu_w_api;;;;;;6649673;8212898000062;282
2022;2022;;Watykan;VA;kraj_lub_terytorium;27111100;27111100 - Gaz ziemny skroplony [TJ];;TJ;brak_rekordu_w_api;;;;;;6649907;8212945000062;282
2022;2022;;Watykan;VA;kraj_lub_terytorium;27112100;27112100 - Gaz ziemny w stanie gazowym [TJ];;TJ;brak_rekordu_w_api;;;;;;6649907;8212898000062;282
2022;2022;;Wenezuela;VE;kraj_lub_terytorium;27111100;27111100 - Gaz ziemny skroplony [TJ];;TJ;brak_rekordu_w_api;;;;;;6649764;8212945000062;282
2022;2022;;Wenezuela;VE;kraj_lub_terytorium;27112100;27112100 - Gaz ziemny w stanie gazowym [TJ];;TJ;brak_rekordu_w_api;;;;;;6649764;8212898000062;282
2022;2022;;Wielka Brytania;GB;kraj_lub_terytorium;27111100;27111100 - Gaz ziemny skroplony [TJ];;TJ;brak_rekordu_w_api;;;;;;6649877;8212945000062;282
2022;2022;;Wielka Brytania;GB;kraj_lub_terytorium;27112100;27112100 - Gaz ziemny w stanie gazowym [TJ];;TJ;brak_rekordu_w_api;;;;;;6649877;8212898000062;282
2022;2022;;Wietnam;VN;kraj_lub_terytorium;27111100;27111100 - Gaz ziemny skroplony [TJ];;TJ;brak_rekordu_w_api;;;;;;7548674;8212945000062;282
2022;2022;;Wietnam;VN;kraj_lub_terytorium;27112100;27112100 - Gaz ziemny w stanie gazowym [TJ];;TJ;brak_rekordu_w_api;;;;;;7548674;8212898000062;282
2022;2022;;Wybrzeże Kości Słoniowej;CI;kraj_lub_terytorium;27111100;27111100 - Gaz ziemny skroplony [TJ];;TJ;brak_rekordu_w_api;;;;;;6649738;8212945000062;282
2022;2022;;Wybrzeże Kości Słoniowej;CI;kraj_lub_terytorium;27112100;27112100 - Gaz ziemny w stanie gazowym [TJ];;TJ;brak_rekordu_w_api;;;;;;6649738;8212898000062;282
2022;2022;;Wyspa Bouveta;BV;kraj_lub_terytorium;27111100;27111100 - Gaz ziemny skroplony [TJ];;TJ;brak_rekordu_w_api;;;;;;6649758;8212945000062;282
2022;2022;;Wyspa Bouveta;BV;kraj_lub_terytorium;27112100;27112100 - Gaz ziemny w stanie gazowym [TJ];;TJ;brak_rekordu_w_api;;;;;;6649758;8212898000062;282
2022;2022;;Wyspa Bożego Narodzenia;CX;kraj_lub_terytorium;27111100;27111100 - Gaz ziemny skroplony [TJ];;TJ;brak_rekordu_w_api;;;;;;6649860;8212945000062;282
2022;2022;;Wyspa Bożego Narodzenia;CX;kraj_lub_terytorium;27112100;27112100 - Gaz ziemny w stanie gazowym [TJ];;TJ;brak_rekordu_w_api;;;;;;6649860;8212898000062;282
2022;2022;;Wyspa Świętej Heleny, Wyspa Wniebowstąpienia i Tristan da Cunha;SH;kraj_lub_terytorium;27111100;27111100 - Gaz ziemny skroplony [TJ];;TJ;brak_rekordu_w_api;;;;;;6649720;8212945000062;282
2022;2022;;Wyspa Świętej Heleny, Wyspa Wniebowstąpienia i Tristan da Cunha;SH;kraj_lub_terytorium;27112100;27112100 - Gaz ziemny w stanie gazowym [TJ];;TJ;brak_rekordu_w_api;;;;;;6649720;8212898000062;282
2022;2022;;Wyspy Cooka;CK;kraj_lub_terytorium;27111100;27111100 - Gaz ziemny skroplony [TJ];;TJ;brak_rekordu_w_api;;;;;;6649697;8212945000062;282
2022;2022;;Wyspy Cooka;CK;kraj_lub_terytorium;27112100;27112100 - Gaz ziemny w stanie gazowym [TJ];;TJ;brak_rekordu_w_api;;;;;;6649697;8212898000062;282
2022;2022;;Wyspy Dziewicze Stanów Zjednoczonych;VI;kraj_lub_terytorium;27111100;27111100 - Gaz ziemny skroplony [TJ];;TJ;brak_rekordu_w_api;;;;;;6649782;8212945000062;282
2022;2022;;Wyspy Dziewicze Stanów Zjednoczonych;VI;kraj_lub_terytorium;27112100;27112100 - Gaz ziemny w stanie gazowym [TJ];;TJ;brak_rekordu_w_api;;;;;;6649782;8212898000062;282
2022;2022;;Wyspy Heard i McDonalda;HM;kraj_lub_terytorium;27111100;27111100 - Gaz ziemny skroplony [TJ];;TJ;brak_rekordu_w_api;;;;;;6649691;8212945000062;282
2022;2022;;Wyspy Heard i McDonalda;HM;kraj_lub_terytorium;27112100;27112100 - Gaz ziemny w stanie gazowym [TJ];;TJ;brak_rekordu_w_api;;;;;;6649691;8212898000062;282
2022;2022;;Wyspy Kokosowe (inaczej Wyspy Keelinga);CC;kraj_lub_terytorium;27111100;27111100 - Gaz ziemny skroplony [TJ];;TJ;brak_rekordu_w_api;;;;;;7473122;8212945000062;282
2022;2022;;Wyspy Kokosowe (inaczej Wyspy Keelinga);CC;kraj_lub_terytorium;27112100;27112100 - Gaz ziemny w stanie gazowym [TJ];;TJ;brak_rekordu_w_api;;;;;;7473122;8212898000062;282
2022;2022;;Wyspy Marshalla;MH;kraj_lub_terytorium;27111100;27111100 - Gaz ziemny skroplony [TJ];;TJ;brak_rekordu_w_api;;;;;;6649681;8212945000062;282
2022;2022;;Wyspy Marshalla;MH;kraj_lub_terytorium;27112100;27112100 - Gaz ziemny w stanie gazowym [TJ];;TJ;brak_rekordu_w_api;;;;;;6649681;8212898000062;282
2022;2022;;Wyspy Owcze;FO;kraj_lub_terytorium;27111100;27111100 - Gaz ziemny skroplony [TJ];;TJ;brak_rekordu_w_api;;;;;;6649914;8212945000062;282
2022;2022;;Wyspy Owcze;FO;kraj_lub_terytorium;27112100;27112100 - Gaz ziemny w stanie gazowym [TJ];;TJ;brak_rekordu_w_api;;;;;;6649914;8212898000062;282
2022;2022;;Wyspy Salomona;SB;kraj_lub_terytorium;27111100;27111100 - Gaz ziemny skroplony [TJ];;TJ;brak_rekordu_w_api;;;;;;6649698;8212945000062;282
2022;2022;;Wyspy Salomona;SB;kraj_lub_terytorium;27112100;27112100 - Gaz ziemny w stanie gazowym [TJ];;TJ;brak_rekordu_w_api;;;;;;6649698;8212898000062;282
2022;2022;;Wyspy Świętego Tomasza i Książęca;ST;kraj_lub_terytorium;27111100;27111100 - Gaz ziemny skroplony [TJ];;TJ;brak_rekordu_w_api;;;;;;6649718;8212945000062;282
2022;2022;;Wyspy Świętego Tomasza i Książęca;ST;kraj_lub_terytorium;27112100;27112100 - Gaz ziemny w stanie gazowym [TJ];;TJ;brak_rekordu_w_api;;;;;;6649718;8212898000062;282
2022;2022;;Węgry;HU;kraj_lub_terytorium;27111100;27111100 - Gaz ziemny skroplony [TJ];;TJ;brak_rekordu_w_api;;;;;;6649906;8212945000062;282
2022;2022;;Węgry;HU;kraj_lub_terytorium;27112100;27112100 - Gaz ziemny w stanie gazowym [TJ];2617,0;TJ;wartosc_opublikowana;Dane ostateczne;Dane jawne;Nie dotyczy;;1;6649906;8212898000062;282
2022;2022;;Włochy;IT;kraj_lub_terytorium;27111100;27111100 - Gaz ziemny skroplony [TJ];1,0;TJ;wartosc_opublikowana;Dane ostateczne;Dane jawne;Nie dotyczy;;1;6649903;8212945000062;282
2022;2022;;Włochy;IT;kraj_lub_terytorium;27112100;27112100 - Gaz ziemny w stanie gazowym [TJ];;TJ;brak_rekordu_w_api;;;;;;6649903;8212898000062;282
2022;2022;;Zambia;ZM;kraj_lub_terytorium;27111100;27111100 - Gaz ziemny skroplony [TJ];;TJ;brak_rekordu_w_api;;;;;;6649701;8212945000062;282
2022;2022;;Zambia;ZM;kraj_lub_terytorium;27112100;27112100 - Gaz ziemny w stanie gazowym [TJ];;TJ;brak_rekordu_w_api;;;;;;6649701;8212898000062;282
2022;2022;;Zap. i zaop. statków, niezn.arm.;QQ;kategoria_specjalna;27111100;27111100 - Gaz ziemny skroplony [TJ];;TJ;brak_rekordu_w_api;;;;;;7277329;8212945000062;282
2022;2022;;Zap. i zaop. statków, niezn.arm.;QQ;kategoria_specjalna;27112100;27112100 - Gaz ziemny w stanie gazowym [TJ];;TJ;brak_rekordu_w_api;;;;;;7277329;8212898000062;282
2022;2022;;Zimbabwe;ZW;kraj_lub_terytorium;27111100;27111100 - Gaz ziemny skroplony [TJ];;TJ;brak_rekordu_w_api;;;;;;6649712;8212945000062;282
2022;2022;;Zimbabwe;ZW;kraj_lub_terytorium;27112100;27112100 - Gaz ziemny w stanie gazowym [TJ];;TJ;brak_rekordu_w_api;;;;;;6649712;8212898000062;282
2022;2022;;Zjednoczone Emiraty Arabskie;AE;kraj_lub_terytorium;27111100;27111100 - Gaz ziemny skroplony [TJ];;TJ;brak_rekordu_w_api;;;;;;6649823;8212945000062;282
2022;2022;;Zjednoczone Emiraty Arabskie;AE;kraj_lub_terytorium;27112100;27112100 - Gaz ziemny w stanie gazowym [TJ];;TJ;brak_rekordu_w_api;;;;;;6649823;8212898000062;282
2022;2022;;Łotwa;LV;kraj_lub_terytorium;27111100;27111100 - Gaz ziemny skroplony [TJ];2,0;TJ;wartosc_opublikowana;Dane ostateczne;Dane jawne;Nie dotyczy;;1;6649902;8212945000062;282
2022;2022;;Łotwa;LV;kraj_lub_terytorium;27112100;27112100 - Gaz ziemny w stanie gazowym [TJ];;TJ;brak_rekordu_w_api;;;;;;6649902;8212898000062;282
2023;2023;;Afganistan;AF;kraj_lub_terytorium;27111100;27111100 - Gaz ziemny skroplony [TJ];;TJ;brak_rekordu_w_api;;;;;;6649873;8212945000062;282
2023;2023;;Afganistan;AF;kraj_lub_terytorium;27112100;27112100 - Gaz ziemny w stanie gazowym [TJ];;TJ;brak_rekordu_w_api;;;;;;6649873;8212898000062;282
2023;2023;;Albania;AL;kraj_lub_terytorium;27111100;27111100 - Gaz ziemny skroplony [TJ];;TJ;brak_rekordu_w_api;;;;;;6649925;8212945000062;282
2023;2023;;Albania;AL;kraj_lub_terytorium;27112100;27112100 - Gaz ziemny w stanie gazowym [TJ];;TJ;brak_rekordu_w_api;;;;;;6649925;8212898000062;282
2023;2023;;Algieria;DZ;kraj_lub_terytorium;27111100;27111100 - Gaz ziemny skroplony [TJ];;TJ;brak_rekordu_w_api;;;;;;6649763;8212945000062;282
2023;2023;;Algieria;DZ;kraj_lub_terytorium;27112100;27112100 - Gaz ziemny w stanie gazowym [TJ];;TJ;brak_rekordu_w_api;;;;;;6649763;8212898000062;282
2023;2023;;Andora;AD;kraj_lub_terytorium;27111100;27111100 - Gaz ziemny skroplony [TJ];;TJ;brak_rekordu_w_api;;;;;;6649924;8212945000062;282
2023;2023;;Andora;AD;kraj_lub_terytorium;27112100;27112100 - Gaz ziemny w stanie gazowym [TJ];;TJ;brak_rekordu_w_api;;;;;;6649924;8212898000062;282
2023;2023;;Angola;AO;kraj_lub_terytorium;27111100;27111100 - Gaz ziemny skroplony [TJ];;TJ;brak_rekordu_w_api;;;;;;6649760;8212945000062;282
2023;2023;;Angola;AO;kraj_lub_terytorium;27112100;27112100 - Gaz ziemny w stanie gazowym [TJ];;TJ;brak_rekordu_w_api;;;;;;6649760;8212898000062;282
2023;2023;;Anguilla;AI;kraj_lub_terytorium;27111100;27111100 - Gaz ziemny skroplony [TJ];;TJ;brak_rekordu_w_api;;;;;;6649790;8212945000062;282
2023;2023;;Anguilla;AI;kraj_lub_terytorium;27112100;27112100 - Gaz ziemny w stanie gazowym [TJ];;TJ;brak_rekordu_w_api;;;;;;6649790;8212898000062;282
2023;2023;;Antarktyda;AQ;kraj_lub_terytorium;27111100;27111100 - Gaz ziemny skroplony [TJ];;TJ;brak_rekordu_w_api;;;;;;6649670;8212945000062;282
2023;2023;;Antarktyda;AQ;kraj_lub_terytorium;27112100;27112100 - Gaz ziemny w stanie gazowym [TJ];;TJ;brak_rekordu_w_api;;;;;;6649670;8212898000062;282
2023;2023;;Antigua i Barbuda;AG;kraj_lub_terytorium;27111100;27111100 - Gaz ziemny skroplony [TJ];;TJ;brak_rekordu_w_api;;;;;;6649818;8212945000062;282
2023;2023;;Antigua i Barbuda;AG;kraj_lub_terytorium;27112100;27112100 - Gaz ziemny w stanie gazowym [TJ];;TJ;brak_rekordu_w_api;;;;;;6649818;8212898000062;282
2023;2023;;Arabia Saudyjska;SA;kraj_lub_terytorium;27111100;27111100 - Gaz ziemny skroplony [TJ];;TJ;brak_rekordu_w_api;;;;;;6649830;8212945000062;282
2023;2023;;Arabia Saudyjska;SA;kraj_lub_terytorium;27112100;27112100 - Gaz ziemny w stanie gazowym [TJ];;TJ;brak_rekordu_w_api;;;;;;6649830;8212898000062;282
2023;2023;;Argentyna;AR;kraj_lub_terytorium;27111100;27111100 - Gaz ziemny skroplony [TJ];;TJ;brak_rekordu_w_api;;;;;;6649781;8212945000062;282
2023;2023;;Argentyna;AR;kraj_lub_terytorium;27112100;27112100 - Gaz ziemny w stanie gazowym [TJ];;TJ;brak_rekordu_w_api;;;;;;6649781;8212898000062;282
2023;2023;;Armenia;AM;kraj_lub_terytorium;27111100;27111100 - Gaz ziemny skroplony [TJ];;TJ;brak_rekordu_w_api;;;;;;6649869;8212945000062;282
2023;2023;;Armenia;AM;kraj_lub_terytorium;27112100;27112100 - Gaz ziemny w stanie gazowym [TJ];;TJ;brak_rekordu_w_api;;;;;;6649869;8212898000062;282
2023;2023;;Aruba;AW;kraj_lub_terytorium;27111100;27111100 - Gaz ziemny skroplony [TJ];;TJ;brak_rekordu_w_api;;;;;;6649770;8212945000062;282
2023;2023;;Aruba;AW;kraj_lub_terytorium;27112100;27112100 - Gaz ziemny w stanie gazowym [TJ];;TJ;brak_rekordu_w_api;;;;;;6649770;8212898000062;282
2023;2023;;Australia;AU;kraj_lub_terytorium;27111100;27111100 - Gaz ziemny skroplony [TJ];;TJ;brak_rekordu_w_api;;;;;;6649699;8212945000062;282
2023;2023;;Australia;AU;kraj_lub_terytorium;27112100;27112100 - Gaz ziemny w stanie gazowym [TJ];;TJ;brak_rekordu_w_api;;;;;;6649699;8212898000062;282
2023;2023;;Austria;AT;kraj_lub_terytorium;27111100;27111100 - Gaz ziemny skroplony [TJ];;TJ;brak_rekordu_w_api;;;;;;6649923;8212945000062;282
2023;2023;;Austria;AT;kraj_lub_terytorium;27112100;27112100 - Gaz ziemny w stanie gazowym [TJ];;TJ;brak_rekordu_w_api;;;;;;6649923;8212898000062;282
2023;2023;;Azerbejdżan;AZ;kraj_lub_terytorium;27111100;27111100 - Gaz ziemny skroplony [TJ];;TJ;brak_rekordu_w_api;;;;;;6649872;8212945000062;282
2023;2023;;Azerbejdżan;AZ;kraj_lub_terytorium;27112100;27112100 - Gaz ziemny w stanie gazowym [TJ];;TJ;brak_rekordu_w_api;;;;;;6649872;8212898000062;282
2023;2023;;Bahamy;BS;kraj_lub_terytorium;27111100;27111100 - Gaz ziemny skroplony [TJ];;TJ;brak_rekordu_w_api;;;;;;7473138;8212945000062;282
2023;2023;;Bahamy;BS;kraj_lub_terytorium;27112100;27112100 - Gaz ziemny w stanie gazowym [TJ];;TJ;brak_rekordu_w_api;;;;;;7473138;8212898000062;282
2023;2023;;Bahrajn;BH;kraj_lub_terytorium;27111100;27111100 - Gaz ziemny skroplony [TJ];;TJ;brak_rekordu_w_api;;;;;;6649871;8212945000062;282
2023;2023;;Bahrajn;BH;kraj_lub_terytorium;27112100;27112100 - Gaz ziemny w stanie gazowym [TJ];;TJ;brak_rekordu_w_api;;;;;;6649871;8212898000062;282
2023;2023;;Bangladesz;BD;kraj_lub_terytorium;27111100;27111100 - Gaz ziemny skroplony [TJ];;TJ;brak_rekordu_w_api;;;;;;6649870;8212945000062;282
2023;2023;;Bangladesz;BD;kraj_lub_terytorium;27112100;27112100 - Gaz ziemny w stanie gazowym [TJ];;TJ;brak_rekordu_w_api;;;;;;6649870;8212898000062;282
2023;2023;;Barbados;BB;kraj_lub_terytorium;27111100;27111100 - Gaz ziemny skroplony [TJ];;TJ;brak_rekordu_w_api;;;;;;6649817;8212945000062;282
2023;2023;;Barbados;BB;kraj_lub_terytorium;27112100;27112100 - Gaz ziemny w stanie gazowym [TJ];;TJ;brak_rekordu_w_api;;;;;;6649817;8212898000062;282
2023;2023;;Belgia;BE;kraj_lub_terytorium;27111100;27111100 - Gaz ziemny skroplony [TJ];;TJ;brak_rekordu_w_api;;;;;;6649922;8212945000062;282
2023;2023;;Belgia;BE;kraj_lub_terytorium;27112100;27112100 - Gaz ziemny w stanie gazowym [TJ];;TJ;brak_rekordu_w_api;;;;;;6649922;8212898000062;282
2023;2023;;Belize;BZ;kraj_lub_terytorium;27111100;27111100 - Gaz ziemny skroplony [TJ];;TJ;brak_rekordu_w_api;;;;;;6649815;8212945000062;282
2023;2023;;Belize;BZ;kraj_lub_terytorium;27112100;27112100 - Gaz ziemny w stanie gazowym [TJ];;TJ;brak_rekordu_w_api;;;;;;6649815;8212898000062;282
2023;2023;;Benin;BJ;kraj_lub_terytorium;27111100;27111100 - Gaz ziemny skroplony [TJ];;TJ;brak_rekordu_w_api;;;;;;6649747;8212945000062;282
2023;2023;;Benin;BJ;kraj_lub_terytorium;27112100;27112100 - Gaz ziemny w stanie gazowym [TJ];;TJ;brak_rekordu_w_api;;;;;;6649747;8212898000062;282
2023;2023;;Bermudy;BM;kraj_lub_terytorium;27111100;27111100 - Gaz ziemny skroplony [TJ];;TJ;brak_rekordu_w_api;;;;;;6649816;8212945000062;282
2023;2023;;Bermudy;BM;kraj_lub_terytorium;27112100;27112100 - Gaz ziemny w stanie gazowym [TJ];;TJ;brak_rekordu_w_api;;;;;;6649816;8212898000062;282
2023;2023;;Bhutan;BT;kraj_lub_terytorium;27111100;27111100 - Gaz ziemny skroplony [TJ];;TJ;brak_rekordu_w_api;;;;;;6649868;8212945000062;282
2023;2023;;Bhutan;BT;kraj_lub_terytorium;27112100;27112100 - Gaz ziemny w stanie gazowym [TJ];;TJ;brak_rekordu_w_api;;;;;;6649868;8212898000062;282
2023;2023;;Białoruś;BY;kraj_lub_terytorium;27111100;27111100 - Gaz ziemny skroplony [TJ];;TJ;brak_rekordu_w_api;;;;;;6649919;8212945000062;282
2023;2023;;Białoruś;BY;kraj_lub_terytorium;27112100;27112100 - Gaz ziemny w stanie gazowym [TJ];;TJ;brak_rekordu_w_api;;;;;;6649919;8212898000062;282
2023;2023;;Boliwia;BO;kraj_lub_terytorium;27111100;27111100 - Gaz ziemny skroplony [TJ];;TJ;brak_rekordu_w_api;;;;;;6649780;8212945000062;282
2023;2023;;Boliwia;BO;kraj_lub_terytorium;27112100;27112100 - Gaz ziemny w stanie gazowym [TJ];;TJ;brak_rekordu_w_api;;;;;;6649780;8212898000062;282
2023;2023;;Bonaire, Sint Eustatius i Saba;BQ;kraj_lub_terytorium;27111100;27111100 - Gaz ziemny skroplony [TJ];;TJ;brak_rekordu_w_api;;;;;;6649769;8212945000062;282
2023;2023;;Bonaire, Sint Eustatius i Saba;BQ;kraj_lub_terytorium;27112100;27112100 - Gaz ziemny w stanie gazowym [TJ];;TJ;brak_rekordu_w_api;;;;;;6649769;8212898000062;282
2023;2023;;Botswana;BW;kraj_lub_terytorium;27111100;27111100 - Gaz ziemny skroplony [TJ];;TJ;brak_rekordu_w_api;;;;;;6649759;8212945000062;282
2023;2023;;Botswana;BW;kraj_lub_terytorium;27112100;27112100 - Gaz ziemny w stanie gazowym [TJ];;TJ;brak_rekordu_w_api;;;;;;6649759;8212898000062;282
2023;2023;;Bośnia i Hercegowina;BA;kraj_lub_terytorium;27111100;27111100 - Gaz ziemny skroplony [TJ];;TJ;brak_rekordu_w_api;;;;;;6649921;8212945000062;282
2023;2023;;Bośnia i Hercegowina;BA;kraj_lub_terytorium;27112100;27112100 - Gaz ziemny w stanie gazowym [TJ];;TJ;brak_rekordu_w_api;;;;;;6649921;8212898000062;282
2023;2023;;Brazylia;BR;kraj_lub_terytorium;27111100;27111100 - Gaz ziemny skroplony [TJ];;TJ;brak_rekordu_w_api;;;;;;6649779;8212945000062;282
2023;2023;;Brazylia;BR;kraj_lub_terytorium;27112100;27112100 - Gaz ziemny w stanie gazowym [TJ];;TJ;brak_rekordu_w_api;;;;;;6649779;8212898000062;282
2023;2023;;Brunei;BN;kraj_lub_terytorium;27111100;27111100 - Gaz ziemny skroplony [TJ];;TJ;brak_rekordu_w_api;;;;;;6649866;8212945000062;282
2023;2023;;Brunei;BN;kraj_lub_terytorium;27112100;27112100 - Gaz ziemny w stanie gazowym [TJ];;TJ;brak_rekordu_w_api;;;;;;6649866;8212898000062;282
2023;2023;;Brytyjskie Terytorium Oceanu Indyjskiego;IO;kraj_lub_terytorium;27111100;27111100 - Gaz ziemny skroplony [TJ];;TJ;brak_rekordu_w_api;;;;;;6649867;8212945000062;282
2023;2023;;Brytyjskie Terytorium Oceanu Indyjskiego;IO;kraj_lub_terytorium;27112100;27112100 - Gaz ziemny w stanie gazowym [TJ];;TJ;brak_rekordu_w_api;;;;;;6649867;8212898000062;282
2023;2023;;Brytyjskie Wyspy Dziewicze;VG;kraj_lub_terytorium;27111100;27111100 - Gaz ziemny skroplony [TJ];;TJ;brak_rekordu_w_api;;;;;;6649814;8212945000062;282
2023;2023;;Brytyjskie Wyspy Dziewicze;VG;kraj_lub_terytorium;27112100;27112100 - Gaz ziemny w stanie gazowym [TJ];;TJ;brak_rekordu_w_api;;;;;;6649814;8212898000062;282
2023;2023;;Burkina Faso;BF;kraj_lub_terytorium;27111100;27111100 - Gaz ziemny skroplony [TJ];;TJ;brak_rekordu_w_api;;;;;;6649702;8212945000062;282
2023;2023;;Burkina Faso;BF;kraj_lub_terytorium;27112100;27112100 - Gaz ziemny w stanie gazowym [TJ];;TJ;brak_rekordu_w_api;;;;;;6649702;8212898000062;282
2023;2023;;Burundi;BI;kraj_lub_terytorium;27111100;27111100 - Gaz ziemny skroplony [TJ];;TJ;brak_rekordu_w_api;;;;;;6649757;8212945000062;282
2023;2023;;Burundi;BI;kraj_lub_terytorium;27112100;27112100 - Gaz ziemny w stanie gazowym [TJ];;TJ;brak_rekordu_w_api;;;;;;6649757;8212898000062;282
2023;2023;;Bułgaria;BG;kraj_lub_terytorium;27111100;27111100 - Gaz ziemny skroplony [TJ];;TJ;brak_rekordu_w_api;;;;;;6649920;8212945000062;282
2023;2023;;Bułgaria;BG;kraj_lub_terytorium;27112100;27112100 - Gaz ziemny w stanie gazowym [TJ];;TJ;brak_rekordu_w_api;;;;;;6649920;8212898000062;282
2023;2023;;Ceuta;XC;kraj_lub_terytorium;27111100;27111100 - Gaz ziemny skroplony [TJ];;TJ;brak_rekordu_w_api;;;;;;6649762;8212945000062;282
2023;2023;;Ceuta;XC;kraj_lub_terytorium;27112100;27112100 - Gaz ziemny w stanie gazowym [TJ];;TJ;brak_rekordu_w_api;;;;;;6649762;8212898000062;282
2023;2023;;Chile;CL;kraj_lub_terytorium;27111100;27111100 - Gaz ziemny skroplony [TJ];;TJ;brak_rekordu_w_api;;;;;;6649778;8212945000062;282
2023;2023;;Chile;CL;kraj_lub_terytorium;27112100;27112100 - Gaz ziemny w stanie gazowym [TJ];;TJ;brak_rekordu_w_api;;;;;;6649778;8212898000062;282
2023;2023;;Chiny;CN;kraj_lub_terytorium;27111100;27111100 - Gaz ziemny skroplony [TJ];;TJ;brak_rekordu_w_api;;;;;;6649862;8212945000062;282
2023;2023;;Chiny;CN;kraj_lub_terytorium;27112100;27112100 - Gaz ziemny w stanie gazowym [TJ];;TJ;brak_rekordu_w_api;;;;;;6649862;8212898000062;282
2023;2023;;Chorwacja;HR;kraj_lub_terytorium;27111100;27111100 - Gaz ziemny skroplony [TJ];;TJ;brak_rekordu_w_api;;;;;;6649918;8212945000062;282
2023;2023;;Chorwacja;HR;kraj_lub_terytorium;27112100;27112100 - Gaz ziemny w stanie gazowym [TJ];;TJ;brak_rekordu_w_api;;;;;;6649918;8212898000062;282
2023;2023;;Curaçao;CW;kraj_lub_terytorium;27111100;27111100 - Gaz ziemny skroplony [TJ];;TJ;brak_rekordu_w_api;;;;;;7463815;8212945000062;282
2023;2023;;Curaçao;CW;kraj_lub_terytorium;27112100;27112100 - Gaz ziemny w stanie gazowym [TJ];;TJ;brak_rekordu_w_api;;;;;;7463815;8212898000062;282
2023;2023;;Cypr;CY;kraj_lub_terytorium;27111100;27111100 - Gaz ziemny skroplony [TJ];;TJ;brak_rekordu_w_api;;;;;;6649917;8212945000062;282
2023;2023;;Cypr;CY;kraj_lub_terytorium;27112100;27112100 - Gaz ziemny w stanie gazowym [TJ];;TJ;brak_rekordu_w_api;;;;;;6649917;8212898000062;282
2023;2023;;Czad;TD;kraj_lub_terytorium;27111100;27111100 - Gaz ziemny skroplony [TJ];;TJ;brak_rekordu_w_api;;;;;;6649753;8212945000062;282
2023;2023;;Czad;TD;kraj_lub_terytorium;27112100;27112100 - Gaz ziemny w stanie gazowym [TJ];;TJ;brak_rekordu_w_api;;;;;;6649753;8212898000062;282
2023;2023;;Czarnogóra;ME;kraj_lub_terytorium;27111100;27111100 - Gaz ziemny skroplony [TJ];;TJ;brak_rekordu_w_api;;;;;;6649895;8212945000062;282
2023;2023;;Czarnogóra;ME;kraj_lub_terytorium;27112100;27112100 - Gaz ziemny w stanie gazowym [TJ];;TJ;brak_rekordu_w_api;;;;;;6649895;8212898000062;282
2023;2023;;Czechy;CZ;kraj_lub_terytorium;27111100;27111100 - Gaz ziemny skroplony [TJ];147,0;TJ;wartosc_opublikowana;Dane ostateczne;Dane jawne;Nie dotyczy;;1;7439975;8212945000062;282
2023;2023;;Czechy;CZ;kraj_lub_terytorium;27112100;27112100 - Gaz ziemny w stanie gazowym [TJ];;TJ;brak_rekordu_w_api;;;;;;7439975;8212898000062;282
2023;2023;;Dania;DK;kraj_lub_terytorium;27111100;27111100 - Gaz ziemny skroplony [TJ];;TJ;brak_rekordu_w_api;;;;;;6649916;8212945000062;282
2023;2023;;Dania;DK;kraj_lub_terytorium;27112100;27112100 - Gaz ziemny w stanie gazowym [TJ];91,0;TJ;wartosc_opublikowana;Dane ostateczne;Dane jawne;Nie dotyczy;;1;6649916;8212898000062;282
2023;2023;;Demokratyczna Republika Konga;CD;kraj_lub_terytorium;27111100;27111100 - Gaz ziemny skroplony [TJ];;TJ;brak_rekordu_w_api;;;;;;6649750;8212945000062;282
2023;2023;;Demokratyczna Republika Konga;CD;kraj_lub_terytorium;27112100;27112100 - Gaz ziemny w stanie gazowym [TJ];;TJ;brak_rekordu_w_api;;;;;;6649750;8212898000062;282
2023;2023;;Dominika;DM;kraj_lub_terytorium;27111100;27111100 - Gaz ziemny skroplony [TJ];;TJ;brak_rekordu_w_api;;;;;;6649809;8212945000062;282
2023;2023;;Dominika;DM;kraj_lub_terytorium;27112100;27112100 - Gaz ziemny w stanie gazowym [TJ];;TJ;brak_rekordu_w_api;;;;;;6649809;8212898000062;282
2023;2023;;Dominikana;DO;kraj_lub_terytorium;27111100;27111100 - Gaz ziemny skroplony [TJ];;TJ;brak_rekordu_w_api;;;;;;6649941;8212945000062;282
2023;2023;;Dominikana;DO;kraj_lub_terytorium;27112100;27112100 - Gaz ziemny w stanie gazowym [TJ];;TJ;brak_rekordu_w_api;;;;;;6649941;8212898000062;282
2023;2023;;Dżibuti;DJ;kraj_lub_terytorium;27111100;27111100 - Gaz ziemny skroplony [TJ];;TJ;brak_rekordu_w_api;;;;;;6649743;8212945000062;282
2023;2023;;Dżibuti;DJ;kraj_lub_terytorium;27112100;27112100 - Gaz ziemny w stanie gazowym [TJ];;TJ;brak_rekordu_w_api;;;;;;6649743;8212898000062;282
2023;2023;;Egipt;EG;kraj_lub_terytorium;27111100;27111100 - Gaz ziemny skroplony [TJ];;TJ;brak_rekordu_w_api;;;;;;6649704;8212945000062;282
2023;2023;;Egipt;EG;kraj_lub_terytorium;27112100;27112100 - Gaz ziemny w stanie gazowym [TJ];;TJ;brak_rekordu_w_api;;;;;;6649704;8212898000062;282
2023;2023;;Ekwador;EC;kraj_lub_terytorium;27111100;27111100 - Gaz ziemny skroplony [TJ];;TJ;brak_rekordu_w_api;;;;;;6649776;8212945000062;282
2023;2023;;Ekwador;EC;kraj_lub_terytorium;27112100;27112100 - Gaz ziemny w stanie gazowym [TJ];;TJ;brak_rekordu_w_api;;;;;;6649776;8212898000062;282
2023;2023;;Erytrea;ER;kraj_lub_terytorium;27111100;27111100 - Gaz ziemny skroplony [TJ];;TJ;brak_rekordu_w_api;;;;;;6649744;8212945000062;282
2023;2023;;Erytrea;ER;kraj_lub_terytorium;27112100;27112100 - Gaz ziemny w stanie gazowym [TJ];;TJ;brak_rekordu_w_api;;;;;;6649744;8212898000062;282
2023;2023;;Estonia;EE;kraj_lub_terytorium;27111100;27111100 - Gaz ziemny skroplony [TJ];;TJ;brak_rekordu_w_api;;;;;;6649915;8212945000062;282
2023;2023;;Estonia;EE;kraj_lub_terytorium;27112100;27112100 - Gaz ziemny w stanie gazowym [TJ];34,0;TJ;wartosc_opublikowana;Dane ostateczne;Dane jawne;Nie dotyczy;;1;6649915;8212898000062;282
2023;2023;;Eswatini;SZ;kraj_lub_terytorium;27111100;27111100 - Gaz ziemny skroplony [TJ];;TJ;brak_rekordu_w_api;;;;;;7437348;8212945000062;282
2023;2023;;Eswatini;SZ;kraj_lub_terytorium;27112100;27112100 - Gaz ziemny w stanie gazowym [TJ];;TJ;brak_rekordu_w_api;;;;;;7437348;8212898000062;282
2023;2023;;Etiopia;ET;kraj_lub_terytorium;27111100;27111100 - Gaz ziemny skroplony [TJ];;TJ;brak_rekordu_w_api;;;;;;6649745;8212945000062;282
2023;2023;;Etiopia;ET;kraj_lub_terytorium;27112100;27112100 - Gaz ziemny w stanie gazowym [TJ];;TJ;brak_rekordu_w_api;;;;;;6649745;8212898000062;282
2023;2023;;Falklandy;FK;kraj_lub_terytorium;27111100;27111100 - Gaz ziemny skroplony [TJ];;TJ;brak_rekordu_w_api;;;;;;6649775;8212945000062;282
2023;2023;;Falklandy;FK;kraj_lub_terytorium;27112100;27112100 - Gaz ziemny w stanie gazowym [TJ];;TJ;brak_rekordu_w_api;;;;;;6649775;8212898000062;282
2023;2023;;Fidżi;FJ;kraj_lub_terytorium;27111100;27111100 - Gaz ziemny skroplony [TJ];;TJ;brak_rekordu_w_api;;;;;;6649696;8212945000062;282
2023;2023;;Fidżi;FJ;kraj_lub_terytorium;27112100;27112100 - Gaz ziemny w stanie gazowym [TJ];;TJ;brak_rekordu_w_api;;;;;;6649696;8212898000062;282
2023;2023;;Filipiny;PH;kraj_lub_terytorium;27111100;27111100 - Gaz ziemny skroplony [TJ];;TJ;brak_rekordu_w_api;;;;;;6649833;8212945000062;282
2023;2023;;Filipiny;PH;kraj_lub_terytorium;27112100;27112100 - Gaz ziemny w stanie gazowym [TJ];;TJ;brak_rekordu_w_api;;;;;;6649833;8212898000062;282
2023;2023;;Finlandia;FI;kraj_lub_terytorium;27111100;27111100 - Gaz ziemny skroplony [TJ];;TJ;brak_rekordu_w_api;;;;;;6649913;8212945000062;282
2023;2023;;Finlandia;FI;kraj_lub_terytorium;27112100;27112100 - Gaz ziemny w stanie gazowym [TJ];17,0;TJ;wartosc_opublikowana;Dane ostateczne;Dane jawne;Nie dotyczy;;1;6649913;8212898000062;282
2023;2023;;Francja;FR;kraj_lub_terytorium;27111100;27111100 - Gaz ziemny skroplony [TJ];;TJ;brak_rekordu_w_api;;;;;;6649911;8212945000062;282
2023;2023;;Francja;FR;kraj_lub_terytorium;27112100;27112100 - Gaz ziemny w stanie gazowym [TJ];;TJ;brak_rekordu_w_api;;;;;;6649911;8212898000062;282
2023;2023;;Francuskie Terytoria Południowe;TF;kraj_lub_terytorium;27111100;27111100 - Gaz ziemny skroplony [TJ];;TJ;brak_rekordu_w_api;;;;;;7548413;8212945000062;282
2023;2023;;Francuskie Terytoria Południowe;TF;kraj_lub_terytorium;27112100;27112100 - Gaz ziemny w stanie gazowym [TJ];;TJ;brak_rekordu_w_api;;;;;;7548413;8212898000062;282
2023;2023;;Gabon;GA;kraj_lub_terytorium;27111100;27111100 - Gaz ziemny skroplony [TJ];;TJ;brak_rekordu_w_api;;;;;;6649742;8212945000062;282
2023;2023;;Gabon;GA;kraj_lub_terytorium;27112100;27112100 - Gaz ziemny w stanie gazowym [TJ];;TJ;brak_rekordu_w_api;;;;;;6649742;8212898000062;282
2023;2023;;Gambia;GM;kraj_lub_terytorium;27111100;27111100 - Gaz ziemny skroplony [TJ];;TJ;brak_rekordu_w_api;;;;;;7475101;8212945000062;282
2023;2023;;Gambia;GM;kraj_lub_terytorium;27112100;27112100 - Gaz ziemny w stanie gazowym [TJ];;TJ;brak_rekordu_w_api;;;;;;7475101;8212898000062;282
2023;2023;;Georgia Południowa i Sandwich Południowy;GS;kraj_lub_terytorium;27111100;27111100 - Gaz ziemny skroplony [TJ];;TJ;brak_rekordu_w_api;;;;;;6649774;8212945000062;282
2023;2023;;Georgia Południowa i Sandwich Południowy;GS;kraj_lub_terytorium;27112100;27112100 - Gaz ziemny w stanie gazowym [TJ];;TJ;brak_rekordu_w_api;;;;;;6649774;8212898000062;282
2023;2023;;Ghana;GH;kraj_lub_terytorium;27111100;27111100 - Gaz ziemny skroplony [TJ];;TJ;brak_rekordu_w_api;;;;;;6649740;8212945000062;282
2023;2023;;Ghana;GH;kraj_lub_terytorium;27112100;27112100 - Gaz ziemny w stanie gazowym [TJ];;TJ;brak_rekordu_w_api;;;;;;6649740;8212898000062;282
2023;2023;;Gibraltar;GI;kraj_lub_terytorium;27111100;27111100 - Gaz ziemny skroplony [TJ];;TJ;brak_rekordu_w_api;;;;;;6649909;8212945000062;282
2023;2023;;Gibraltar;GI;kraj_lub_terytorium;27112100;27112100 - Gaz ziemny w stanie gazowym [TJ];;TJ;brak_rekordu_w_api;;;;;;6649909;8212898000062;282
2023;2023;;Grecja;GR;kraj_lub_terytorium;27111100;27111100 - Gaz ziemny skroplony [TJ];;TJ;brak_rekordu_w_api;;;;;;6649908;8212945000062;282
2023;2023;;Grecja;GR;kraj_lub_terytorium;27112100;27112100 - Gaz ziemny w stanie gazowym [TJ];;TJ;brak_rekordu_w_api;;;;;;6649908;8212898000062;282
2023;2023;;Grenada;GD;kraj_lub_terytorium;27111100;27111100 - Gaz ziemny skroplony [TJ];;TJ;brak_rekordu_w_api;;;;;;6649806;8212945000062;282
2023;2023;;Grenada;GD;kraj_lub_terytorium;27112100;27112100 - Gaz ziemny w stanie gazowym [TJ];;TJ;brak_rekordu_w_api;;;;;;6649806;8212898000062;282
2023;2023;;Grenlandia;GL;kraj_lub_terytorium;27111100;27111100 - Gaz ziemny skroplony [TJ];;TJ;brak_rekordu_w_api;;;;;;6649807;8212945000062;282
2023;2023;;Grenlandia;GL;kraj_lub_terytorium;27112100;27112100 - Gaz ziemny w stanie gazowym [TJ];;TJ;brak_rekordu_w_api;;;;;;6649807;8212898000062;282
2023;2023;;Gruzja;GE;kraj_lub_terytorium;27111100;27111100 - Gaz ziemny skroplony [TJ];;TJ;brak_rekordu_w_api;;;;;;6649858;8212945000062;282
2023;2023;;Gruzja;GE;kraj_lub_terytorium;27112100;27112100 - Gaz ziemny w stanie gazowym [TJ];;TJ;brak_rekordu_w_api;;;;;;6649858;8212898000062;282
2023;2023;;Guam;GU;kraj_lub_terytorium;27111100;27111100 - Gaz ziemny skroplony [TJ];;TJ;brak_rekordu_w_api;;;;;;6649692;8212945000062;282
2023;2023;;Guam;GU;kraj_lub_terytorium;27112100;27112100 - Gaz ziemny w stanie gazowym [TJ];;TJ;brak_rekordu_w_api;;;;;;6649692;8212898000062;282
2023;2023;;Gujana;GY;kraj_lub_terytorium;27111100;27111100 - Gaz ziemny skroplony [TJ];;TJ;brak_rekordu_w_api;;;;;;6649772;8212945000062;282
2023;2023;;Gujana;GY;kraj_lub_terytorium;27112100;27112100 - Gaz ziemny w stanie gazowym [TJ];;TJ;brak_rekordu_w_api;;;;;;6649772;8212898000062;282
2023;2023;;Gwatemala;GT;kraj_lub_terytorium;27111100;27111100 - Gaz ziemny skroplony [TJ];;TJ;brak_rekordu_w_api;;;;;;6649804;8212945000062;282
2023;2023;;Gwatemala;GT;kraj_lub_terytorium;27112100;27112100 - Gaz ziemny w stanie gazowym [TJ];;TJ;brak_rekordu_w_api;;;;;;6649804;8212898000062;282
2023;2023;;Gwinea;GN;kraj_lub_terytorium;27111100;27111100 - Gaz ziemny skroplony [TJ];;TJ;brak_rekordu_w_api;;;;;;6649739;8212945000062;282
2023;2023;;Gwinea;GN;kraj_lub_terytorium;27112100;27112100 - Gaz ziemny w stanie gazowym [TJ];;TJ;brak_rekordu_w_api;;;;;;6649739;8212898000062;282
2023;2023;;Gwinea Bissau;GW;kraj_lub_terytorium;27111100;27111100 - Gaz ziemny skroplony [TJ];;TJ;brak_rekordu_w_api;;;;;;6649723;8212945000062;282
2023;2023;;Gwinea Bissau;GW;kraj_lub_terytorium;27112100;27112100 - Gaz ziemny w stanie gazowym [TJ];;TJ;brak_rekordu_w_api;;;;;;6649723;8212898000062;282
2023;2023;;Gwinea Równikowa;GQ;kraj_lub_terytorium;27111100;27111100 - Gaz ziemny skroplony [TJ];;TJ;brak_rekordu_w_api;;;;;;6649746;8212945000062;282
2023;2023;;Gwinea Równikowa;GQ;kraj_lub_terytorium;27112100;27112100 - Gaz ziemny w stanie gazowym [TJ];;TJ;brak_rekordu_w_api;;;;;;6649746;8212898000062;282
2023;2023;;Haiti;HT;kraj_lub_terytorium;27111100;27111100 - Gaz ziemny skroplony [TJ];;TJ;brak_rekordu_w_api;;;;;;6649803;8212945000062;282
2023;2023;;Haiti;HT;kraj_lub_terytorium;27112100;27112100 - Gaz ziemny w stanie gazowym [TJ];;TJ;brak_rekordu_w_api;;;;;;6649803;8212898000062;282
2023;2023;;Hiszpania;ES;kraj_lub_terytorium;27111100;27111100 - Gaz ziemny skroplony [TJ];;TJ;brak_rekordu_w_api;;;;;;6649884;8212945000062;282
2023;2023;;Hiszpania;ES;kraj_lub_terytorium;27112100;27112100 - Gaz ziemny w stanie gazowym [TJ];;TJ;brak_rekordu_w_api;;;;;;6649884;8212898000062;282
2023;2023;;Holandia;NL;kraj_lub_terytorium;27111100;27111100 - Gaz ziemny skroplony [TJ];;TJ;brak_rekordu_w_api;;;;;;6649894;8212945000062;282
2023;2023;;Holandia;NL;kraj_lub_terytorium;27112100;27112100 - Gaz ziemny w stanie gazowym [TJ];;TJ;brak_rekordu_w_api;;;;;;6649894;8212898000062;282
2023;2023;;Honduras;HN;kraj_lub_terytorium;27111100;27111100 - Gaz ziemny skroplony [TJ];;TJ;brak_rekordu_w_api;;;;;;6649802;8212945000062;282
2023;2023;;Honduras;HN;kraj_lub_terytorium;27112100;27112100 - Gaz ziemny w stanie gazowym [TJ];;TJ;brak_rekordu_w_api;;;;;;6649802;8212898000062;282
2023;2023;;Hongkong;HK;kraj_lub_terytorium;27111100;27111100 - Gaz ziemny skroplony [TJ];;TJ;brak_rekordu_w_api;;;;;;7475865;8212945000062;282
2023;2023;;Hongkong;HK;kraj_lub_terytorium;27112100;27112100 - Gaz ziemny w stanie gazowym [TJ];;TJ;brak_rekordu_w_api;;;;;;7475865;8212898000062;282
2023;2023;;Indie;IN;kraj_lub_terytorium;27111100;27111100 - Gaz ziemny skroplony [TJ];;TJ;brak_rekordu_w_api;;;;;;6649855;8212945000062;282
2023;2023;;Indie;IN;kraj_lub_terytorium;27112100;27112100 - Gaz ziemny w stanie gazowym [TJ];;TJ;brak_rekordu_w_api;;;;;;6649855;8212898000062;282
2023;2023;;Indonezja;ID;kraj_lub_terytorium;27111100;27111100 - Gaz ziemny skroplony [TJ];;TJ;brak_rekordu_w_api;;;;;;6649854;8212945000062;282
2023;2023;;Indonezja;ID;kraj_lub_terytorium;27112100;27112100 - Gaz ziemny w stanie gazowym [TJ];;TJ;brak_rekordu_w_api;;;;;;6649854;8212898000062;282
2023;2023;;Irak;IQ;kraj_lub_terytorium;27111100;27111100 - Gaz ziemny skroplony [TJ];;TJ;brak_rekordu_w_api;;;;;;6649852;8212945000062;282
2023;2023;;Irak;IQ;kraj_lub_terytorium;27112100;27112100 - Gaz ziemny w stanie gazowym [TJ];;TJ;brak_rekordu_w_api;;;;;;6649852;8212898000062;282
2023;2023;;Iran;IR;kraj_lub_terytorium;27111100;27111100 - Gaz ziemny skroplony [TJ];;TJ;brak_rekordu_w_api;;;;;;6649853;8212945000062;282
2023;2023;;Iran;IR;kraj_lub_terytorium;27112100;27112100 - Gaz ziemny w stanie gazowym [TJ];;TJ;brak_rekordu_w_api;;;;;;6649853;8212898000062;282
2023;2023;;Irlandia;IE;kraj_lub_terytorium;27111100;27111100 - Gaz ziemny skroplony [TJ];;TJ;brak_rekordu_w_api;;;;;;6649904;8212945000062;282
2023;2023;;Irlandia;IE;kraj_lub_terytorium;27112100;27112100 - Gaz ziemny w stanie gazowym [TJ];;TJ;brak_rekordu_w_api;;;;;;6649904;8212898000062;282
2023;2023;;Islandia;IS;kraj_lub_terytorium;27111100;27111100 - Gaz ziemny skroplony [TJ];;TJ;brak_rekordu_w_api;;;;;;6649905;8212945000062;282
2023;2023;;Islandia;IS;kraj_lub_terytorium;27112100;27112100 - Gaz ziemny w stanie gazowym [TJ];;TJ;brak_rekordu_w_api;;;;;;6649905;8212898000062;282
2023;2023;;Izrael;IL;kraj_lub_terytorium;27111100;27111100 - Gaz ziemny skroplony [TJ];;TJ;brak_rekordu_w_api;;;;;;6649851;8212945000062;282
2023;2023;;Izrael;IL;kraj_lub_terytorium;27112100;27112100 - Gaz ziemny w stanie gazowym [TJ];;TJ;brak_rekordu_w_api;;;;;;6649851;8212898000062;282
2023;2023;;Jamajka;JM;kraj_lub_terytorium;27111100;27111100 - Gaz ziemny skroplony [TJ];;TJ;brak_rekordu_w_api;;;;;;6649801;8212945000062;282
2023;2023;;Jamajka;JM;kraj_lub_terytorium;27112100;27112100 - Gaz ziemny w stanie gazowym [TJ];;TJ;brak_rekordu_w_api;;;;;;6649801;8212898000062;282
2023;2023;;Japonia;JP;kraj_lub_terytorium;27111100;27111100 - Gaz ziemny skroplony [TJ];;TJ;brak_rekordu_w_api;;;;;;6649850;8212945000062;282
2023;2023;;Japonia;JP;kraj_lub_terytorium;27112100;27112100 - Gaz ziemny w stanie gazowym [TJ];;TJ;brak_rekordu_w_api;;;;;;6649850;8212898000062;282
2023;2023;;Jemen;YE;kraj_lub_terytorium;27111100;27111100 - Gaz ziemny skroplony [TJ];;TJ;brak_rekordu_w_api;;;;;;6649819;8212945000062;282
2023;2023;;Jemen;YE;kraj_lub_terytorium;27112100;27112100 - Gaz ziemny w stanie gazowym [TJ];;TJ;brak_rekordu_w_api;;;;;;6649819;8212898000062;282
2023;2023;;Jordania;JO;kraj_lub_terytorium;27111100;27111100 - Gaz ziemny skroplony [TJ];;TJ;brak_rekordu_w_api;;;;;;6649848;8212945000062;282
2023;2023;;Jordania;JO;kraj_lub_terytorium;27112100;27112100 - Gaz ziemny w stanie gazowym [TJ];;TJ;brak_rekordu_w_api;;;;;;6649848;8212898000062;282
2023;2023;;Kajmany;KY;kraj_lub_terytorium;27111100;27111100 - Gaz ziemny skroplony [TJ];;TJ;brak_rekordu_w_api;;;;;;6649812;8212945000062;282
2023;2023;;Kajmany;KY;kraj_lub_terytorium;27112100;27112100 - Gaz ziemny w stanie gazowym [TJ];;TJ;brak_rekordu_w_api;;;;;;6649812;8212898000062;282
2023;2023;;Kambodża;KH;kraj_lub_terytorium;27111100;27111100 - Gaz ziemny skroplony [TJ];;TJ;brak_rekordu_w_api;;;;;;6649864;8212945000062;282
2023;2023;;Kambodża;KH;kraj_lub_terytorium;27112100;27112100 - Gaz ziemny w stanie gazowym [TJ];;TJ;brak_rekordu_w_api;;;;;;6649864;8212898000062;282
2023;2023;;Kamerun;CM;kraj_lub_terytorium;27111100;27111100 - Gaz ziemny skroplony [TJ];;TJ;brak_rekordu_w_api;;;;;;6649756;8212945000062;282
2023;2023;;Kamerun;CM;kraj_lub_terytorium;27112100;27112100 - Gaz ziemny w stanie gazowym [TJ];;TJ;brak_rekordu_w_api;;;;;;6649756;8212898000062;282
2023;2023;;Kanada;CA;kraj_lub_terytorium;27111100;27111100 - Gaz ziemny skroplony [TJ];;TJ;brak_rekordu_w_api;;;;;;6649813;8212945000062;282
2023;2023;;Kanada;CA;kraj_lub_terytorium;27112100;27112100 - Gaz ziemny w stanie gazowym [TJ];;TJ;brak_rekordu_w_api;;;;;;6649813;8212898000062;282
2023;2023;;Katar;QA;kraj_lub_terytorium;27111100;27111100 - Gaz ziemny skroplony [TJ];;TJ;brak_rekordu_w_api;;;;;;6649831;8212945000062;282
2023;2023;;Katar;QA;kraj_lub_terytorium;27112100;27112100 - Gaz ziemny w stanie gazowym [TJ];;TJ;brak_rekordu_w_api;;;;;;6649831;8212898000062;282
2023;2023;;Kazachstan;KZ;kraj_lub_terytorium;27111100;27111100 - Gaz ziemny skroplony [TJ];;TJ;brak_rekordu_w_api;;;;;;6649849;8212945000062;282
2023;2023;;Kazachstan;KZ;kraj_lub_terytorium;27112100;27112100 - Gaz ziemny w stanie gazowym [TJ];;TJ;brak_rekordu_w_api;;;;;;6649849;8212898000062;282
2023;2023;;Kenia;KE;kraj_lub_terytorium;27111100;27111100 - Gaz ziemny skroplony [TJ];;TJ;brak_rekordu_w_api;;;;;;6649737;8212945000062;282
2023;2023;;Kenia;KE;kraj_lub_terytorium;27112100;27112100 - Gaz ziemny w stanie gazowym [TJ];;TJ;brak_rekordu_w_api;;;;;;6649737;8212898000062;282
2023;2023;;Kirgistan;KG;kraj_lub_terytorium;27111100;27111100 - Gaz ziemny skroplony [TJ];;TJ;brak_rekordu_w_api;;;;;;6649844;8212945000062;282
2023;2023;;Kirgistan;KG;kraj_lub_terytorium;27112100;27112100 - Gaz ziemny w stanie gazowym [TJ];;TJ;brak_rekordu_w_api;;;;;;6649844;8212898000062;282
2023;2023;;Kiribati;KI;kraj_lub_terytorium;27111100;27111100 - Gaz ziemny skroplony [TJ];;TJ;brak_rekordu_w_api;;;;;;6649694;8212945000062;282
2023;2023;;Kiribati;KI;kraj_lub_terytorium;27112100;27112100 - Gaz ziemny w stanie gazowym [TJ];;TJ;brak_rekordu_w_api;;;;;;6649694;8212898000062;282
2023;2023;;Kolumbia;CO;kraj_lub_terytorium;27111100;27111100 - Gaz ziemny skroplony [TJ];;TJ;brak_rekordu_w_api;;;;;;6649777;8212945000062;282
2023;2023;;Kolumbia;CO;kraj_lub_terytorium;27112100;27112100 - Gaz ziemny w stanie gazowym [TJ];;TJ;brak_rekordu_w_api;;;;;;6649777;8212898000062;282
2023;2023;;Komory;KM;kraj_lub_terytorium;27111100;27111100 - Gaz ziemny skroplony [TJ];;TJ;brak_rekordu_w_api;;;;;;6649752;8212945000062;282
2023;2023;;Komory;KM;kraj_lub_terytorium;27112100;27112100 - Gaz ziemny w stanie gazowym [TJ];;TJ;brak_rekordu_w_api;;;;;;6649752;8212898000062;282
2023;2023;;Kongo;CG;kraj_lub_terytorium;27111100;27111100 - Gaz ziemny skroplony [TJ];;TJ;brak_rekordu_w_api;;;;;;6649749;8212945000062;282
2023;2023;;Kongo;CG;kraj_lub_terytorium;27112100;27112100 - Gaz ziemny w stanie gazowym [TJ];;TJ;brak_rekordu_w_api;;;;;;6649749;8212898000062;282
2023;2023;;Korea Południowa;KR;kraj_lub_terytorium;27111100;27111100 - Gaz ziemny skroplony [TJ];;TJ;brak_rekordu_w_api;;;;;;6649846;8212945000062;282
2023;2023;;Korea Południowa;KR;kraj_lub_terytorium;27112100;27112100 - Gaz ziemny w stanie gazowym [TJ];;TJ;brak_rekordu_w_api;;;;;;6649846;8212898000062;282
2023;2023;;Korea Północna;KP;kraj_lub_terytorium;27111100;27111100 - Gaz ziemny skroplony [TJ];;TJ;brak_rekordu_w_api;;;;;;6649847;8212945000062;282
2023;2023;;Korea Północna;KP;kraj_lub_terytorium;27112100;27112100 - Gaz ziemny w stanie gazowym [TJ];;TJ;brak_rekordu_w_api;;;;;;6649847;8212898000062;282
2023;2023;;Kosowo;XK;kraj_lub_terytorium;27111100;27111100 - Gaz ziemny skroplony [TJ];;TJ;brak_rekordu_w_api;;;;;;6649893;8212945000062;282
2023;2023;;Kosowo;XK;kraj_lub_terytorium;27112100;27112100 - Gaz ziemny w stanie gazowym [TJ];;TJ;brak_rekordu_w_api;;;;;;6649893;8212898000062;282
2023;2023;;Kostaryka;CR;kraj_lub_terytorium;27111100;27111100 - Gaz ziemny skroplony [TJ];;TJ;brak_rekordu_w_api;;;;;;6649811;8212945000062;282
2023;2023;;Kostaryka;CR;kraj_lub_terytorium;27112100;27112100 - Gaz ziemny w stanie gazowym [TJ];;TJ;brak_rekordu_w_api;;;;;;6649811;8212898000062;282
2023;2023;;Kuba;CU;kraj_lub_terytorium;27111100;27111100 - Gaz ziemny skroplony [TJ];;TJ;brak_rekordu_w_api;;;;;;6649810;8212945000062;282
2023;2023;;Kuba;CU;kraj_lub_terytorium;27112100;27112100 - Gaz ziemny w stanie gazowym [TJ];;TJ;brak_rekordu_w_api;;;;;;6649810;8212898000062;282
2023;2023;;Kuwejt;KW;kraj_lub_terytorium;27111100;27111100 - Gaz ziemny skroplony [TJ];;TJ;brak_rekordu_w_api;;;;;;6649845;8212945000062;282
2023;2023;;Kuwejt;KW;kraj_lub_terytorium;27112100;27112100 - Gaz ziemny w stanie gazowym [TJ];;TJ;brak_rekordu_w_api;;;;;;6649845;8212898000062;282
2023;2023;;Laos;LA;kraj_lub_terytorium;27111100;27111100 - Gaz ziemny skroplony [TJ];;TJ;brak_rekordu_w_api;;;;;;6649843;8212945000062;282
2023;2023;;Laos;LA;kraj_lub_terytorium;27112100;27112100 - Gaz ziemny w stanie gazowym [TJ];;TJ;brak_rekordu_w_api;;;;;;6649843;8212898000062;282
2023;2023;;Lesotho;LS;kraj_lub_terytorium;27111100;27111100 - Gaz ziemny skroplony [TJ];;TJ;brak_rekordu_w_api;;;;;;6649736;8212945000062;282
2023;2023;;Lesotho;LS;kraj_lub_terytorium;27112100;27112100 - Gaz ziemny w stanie gazowym [TJ];;TJ;brak_rekordu_w_api;;;;;;6649736;8212898000062;282
2023;2023;;Liban;LB;kraj_lub_terytorium;27111100;27111100 - Gaz ziemny skroplony [TJ];;TJ;brak_rekordu_w_api;;;;;;6649841;8212945000062;282
2023;2023;;Liban;LB;kraj_lub_terytorium;27112100;27112100 - Gaz ziemny w stanie gazowym [TJ];;TJ;brak_rekordu_w_api;;;;;;6649841;8212898000062;282
2023;2023;;Liberia;LR;kraj_lub_terytorium;27111100;27111100 - Gaz ziemny skroplony [TJ];;TJ;brak_rekordu_w_api;;;;;;6649735;8212945000062;282
2023;2023;;Liberia;LR;kraj_lub_terytorium;27112100;27112100 - Gaz ziemny w stanie gazowym [TJ];;TJ;brak_rekordu_w_api;;;;;;6649735;8212898000062;282
2023;2023;;Libia;LY;kraj_lub_terytorium;27111100;27111100 - Gaz ziemny skroplony [TJ];;TJ;brak_rekordu_w_api;;;;;;6649734;8212945000062;282
2023;2023;;Libia;LY;kraj_lub_terytorium;27112100;27112100 - Gaz ziemny w stanie gazowym [TJ];;TJ;brak_rekordu_w_api;;;;;;6649734;8212898000062;282
2023;2023;;Liechtenstein;LI;kraj_lub_terytorium;27111100;27111100 - Gaz ziemny skroplony [TJ];;TJ;brak_rekordu_w_api;;;;;;6649901;8212945000062;282
2023;2023;;Liechtenstein;LI;kraj_lub_terytorium;27112100;27112100 - Gaz ziemny w stanie gazowym [TJ];;TJ;brak_rekordu_w_api;;;;;;6649901;8212898000062;282
2023;2023;;Litwa;LT;kraj_lub_terytorium;27111100;27111100 - Gaz ziemny skroplony [TJ];50,0;TJ;wartosc_opublikowana;Dane ostateczne;Dane jawne;Nie dotyczy;;1;6649900;8212945000062;282
2023;2023;;Litwa;LT;kraj_lub_terytorium;27112100;27112100 - Gaz ziemny w stanie gazowym [TJ];10189,0;TJ;wartosc_opublikowana;Dane ostateczne;Dane jawne;Nie dotyczy;;1;6649900;8212898000062;282
2023;2023;;Luksemburg;LU;kraj_lub_terytorium;27111100;27111100 - Gaz ziemny skroplony [TJ];;TJ;brak_rekordu_w_api;;;;;;6649899;8212945000062;282
2023;2023;;Luksemburg;LU;kraj_lub_terytorium;27112100;27112100 - Gaz ziemny w stanie gazowym [TJ];;TJ;brak_rekordu_w_api;;;;;;6649899;8212898000062;282
2023;2023;;Macedonia Północna;MK;kraj_lub_terytorium;27111100;27111100 - Gaz ziemny skroplony [TJ];;TJ;brak_rekordu_w_api;;;;;;7437335;8212945000062;282
2023;2023;;Macedonia Północna;MK;kraj_lub_terytorium;27112100;27112100 - Gaz ziemny w stanie gazowym [TJ];;TJ;brak_rekordu_w_api;;;;;;7437335;8212898000062;282
2023;2023;;Madagaskar;MG;kraj_lub_terytorium;27111100;27111100 - Gaz ziemny skroplony [TJ];;TJ;brak_rekordu_w_api;;;;;;6649733;8212945000062;282
2023;2023;;Madagaskar;MG;kraj_lub_terytorium;27112100;27112100 - Gaz ziemny w stanie gazowym [TJ];;TJ;brak_rekordu_w_api;;;;;;6649733;8212898000062;282
2023;2023;;Majotta;YT;kraj_lub_terytorium;27111100;27111100 - Gaz ziemny skroplony [TJ];;TJ;brak_rekordu_w_api;;;;;;6649751;8212945000062;282
2023;2023;;Majotta;YT;kraj_lub_terytorium;27112100;27112100 - Gaz ziemny w stanie gazowym [TJ];;TJ;brak_rekordu_w_api;;;;;;6649751;8212898000062;282
2023;2023;;Makau;MO;kraj_lub_terytorium;27111100;27111100 - Gaz ziemny skroplony [TJ];;TJ;brak_rekordu_w_api;;;;;;7548214;8212945000062;282
2023;2023;;Makau;MO;kraj_lub_terytorium;27112100;27112100 - Gaz ziemny w stanie gazowym [TJ];;TJ;brak_rekordu_w_api;;;;;;7548214;8212898000062;282
2023;2023;;Malawi;MW;kraj_lub_terytorium;27111100;27111100 - Gaz ziemny skroplony [TJ];;TJ;brak_rekordu_w_api;;;;;;6649732;8212945000062;282
2023;2023;;Malawi;MW;kraj_lub_terytorium;27112100;27112100 - Gaz ziemny w stanie gazowym [TJ];;TJ;brak_rekordu_w_api;;;;;;6649732;8212898000062;282
2023;2023;;Malediwy;MV;kraj_lub_terytorium;27111100;27111100 - Gaz ziemny skroplony [TJ];;TJ;brak_rekordu_w_api;;;;;;6649838;8212945000062;282
2023;2023;;Malediwy;MV;kraj_lub_terytorium;27112100;27112100 - Gaz ziemny w stanie gazowym [TJ];;TJ;brak_rekordu_w_api;;;;;;6649838;8212898000062;282
2023;2023;;Malezja;MY;kraj_lub_terytorium;27111100;27111100 - Gaz ziemny skroplony [TJ];;TJ;brak_rekordu_w_api;;;;;;6649839;8212945000062;282
2023;2023;;Malezja;MY;kraj_lub_terytorium;27112100;27112100 - Gaz ziemny w stanie gazowym [TJ];;TJ;brak_rekordu_w_api;;;;;;6649839;8212898000062;282
2023;2023;;Mali;ML;kraj_lub_terytorium;27111100;27111100 - Gaz ziemny skroplony [TJ];;TJ;brak_rekordu_w_api;;;;;;6649731;8212945000062;282
2023;2023;;Mali;ML;kraj_lub_terytorium;27112100;27112100 - Gaz ziemny w stanie gazowym [TJ];;TJ;brak_rekordu_w_api;;;;;;6649731;8212898000062;282
2023;2023;;Malta;MT;kraj_lub_terytorium;27111100;27111100 - Gaz ziemny skroplony [TJ];;TJ;brak_rekordu_w_api;;;;;;6649898;8212945000062;282
2023;2023;;Malta;MT;kraj_lub_terytorium;27112100;27112100 - Gaz ziemny w stanie gazowym [TJ];;TJ;brak_rekordu_w_api;;;;;;6649898;8212898000062;282
2023;2023;;Mariany Północne;MP;kraj_lub_terytorium;27111100;27111100 - Gaz ziemny skroplony [TJ];;TJ;brak_rekordu_w_api;;;;;;6649684;8212945000062;282
2023;2023;;Mariany Północne;MP;kraj_lub_terytorium;27112100;27112100 - Gaz ziemny w stanie gazowym [TJ];;TJ;brak_rekordu_w_api;;;;;;6649684;8212898000062;282
2023;2023;;Maroko;MA;kraj_lub_terytorium;27111100;27111100 - Gaz ziemny skroplony [TJ];;TJ;brak_rekordu_w_api;;;;;;6649728;8212945000062;282
2023;2023;;Maroko;MA;kraj_lub_terytorium;27112100;27112100 - Gaz ziemny w stanie gazowym [TJ];;TJ;brak_rekordu_w_api;;;;;;6649728;8212898000062;282
2023;2023;;Mauretania;MR;kraj_lub_terytorium;27111100;27111100 - Gaz ziemny skroplony [TJ];;TJ;brak_rekordu_w_api;;;;;;6649730;8212945000062;282
2023;2023;;Mauretania;MR;kraj_lub_terytorium;27112100;27112100 - Gaz ziemny w stanie gazowym [TJ];;TJ;brak_rekordu_w_api;;;;;;6649730;8212898000062;282
2023;2023;;Mauritius;MU;kraj_lub_terytorium;27111100;27111100 - Gaz ziemny skroplony [TJ];;TJ;brak_rekordu_w_api;;;;;;6649729;8212945000062;282
2023;2023;;Mauritius;MU;kraj_lub_terytorium;27112100;27112100 - Gaz ziemny w stanie gazowym [TJ];;TJ;brak_rekordu_w_api;;;;;;6649729;8212898000062;282
2023;2023;;Małe Oddalone Wyspy Stanów Zjednoczonych;UM;kraj_lub_terytorium;27111100;27111100 - Gaz ziemny skroplony [TJ];;TJ;brak_rekordu_w_api;;;;;;7548583;8212945000062;282
2023;2023;;Małe Oddalone Wyspy Stanów Zjednoczonych;UM;kraj_lub_terytorium;27112100;27112100 - Gaz ziemny w stanie gazowym [TJ];;TJ;brak_rekordu_w_api;;;;;;7548583;8212898000062;282
2023;2023;;Meksyk;MX;kraj_lub_terytorium;27111100;27111100 - Gaz ziemny skroplony [TJ];;TJ;brak_rekordu_w_api;;;;;;6649799;8212945000062;282
2023;2023;;Meksyk;MX;kraj_lub_terytorium;27112100;27112100 - Gaz ziemny w stanie gazowym [TJ];;TJ;brak_rekordu_w_api;;;;;;6649799;8212898000062;282
2023;2023;;Melilla;XL;kraj_lub_terytorium;27111100;27111100 - Gaz ziemny skroplony [TJ];;TJ;brak_rekordu_w_api;;;;;;6649761;8212945000062;282
2023;2023;;Melilla;XL;kraj_lub_terytorium;27112100;27112100 - Gaz ziemny w stanie gazowym [TJ];;TJ;brak_rekordu_w_api;;;;;;6649761;8212898000062;282
2023;2023;;Mikronezja;FM;kraj_lub_terytorium;27111100;27111100 - Gaz ziemny skroplony [TJ];;TJ;brak_rekordu_w_api;;;;;;6649682;8212945000062;282
2023;2023;;Mikronezja;FM;kraj_lub_terytorium;27112100;27112100 - Gaz ziemny w stanie gazowym [TJ];;TJ;brak_rekordu_w_api;;;;;;6649682;8212898000062;282
2023;2023;;Mjanma (Birma);MM;kraj_lub_terytorium;27111100;27111100 - Gaz ziemny skroplony [TJ];;TJ;brak_rekordu_w_api;;;;;;6649865;8212945000062;282
2023;2023;;Mjanma (Birma);MM;kraj_lub_terytorium;27112100;27112100 - Gaz ziemny w stanie gazowym [TJ];;TJ;brak_rekordu_w_api;;;;;;6649865;8212898000062;282
2023;2023;;Mongolia;MN;kraj_lub_terytorium;27111100;27111100 - Gaz ziemny skroplony [TJ];;TJ;brak_rekordu_w_api;;;;;;6649837;8212945000062;282
2023;2023;;Mongolia;MN;kraj_lub_terytorium;27112100;27112100 - Gaz ziemny w stanie gazowym [TJ];;TJ;brak_rekordu_w_api;;;;;;6649837;8212898000062;282
2023;2023;;Montserrat;MS;kraj_lub_terytorium;27111100;27111100 - Gaz ziemny skroplony [TJ];;TJ;brak_rekordu_w_api;;;;;;6649798;8212945000062;282
2023;2023;;Montserrat;MS;kraj_lub_terytorium;27112100;27112100 - Gaz ziemny w stanie gazowym [TJ];;TJ;brak_rekordu_w_api;;;;;;6649798;8212898000062;282
2023;2023;;Mozambik;MZ;kraj_lub_terytorium;27111100;27111100 - Gaz ziemny skroplony [TJ];;TJ;brak_rekordu_w_api;;;;;;6649727;8212945000062;282
2023;2023;;Mozambik;MZ;kraj_lub_terytorium;27112100;27112100 - Gaz ziemny w stanie gazowym [TJ];;TJ;brak_rekordu_w_api;;;;;;6649727;8212898000062;282
2023;2023;;Mołdawia;MD;kraj_lub_terytorium;27111100;27111100 - Gaz ziemny skroplony [TJ];;TJ;brak_rekordu_w_api;;;;;;6649896;8212945000062;282
2023;2023;;Mołdawia;MD;kraj_lub_terytorium;27112100;27112100 - Gaz ziemny w stanie gazowym [TJ];;TJ;brak_rekordu_w_api;;;;;;6649896;8212898000062;282
2023;2023;;Namibia;NA;kraj_lub_terytorium;27111100;27111100 - Gaz ziemny skroplony [TJ];;TJ;brak_rekordu_w_api;;;;;;6649726;8212945000062;282
2023;2023;;Namibia;NA;kraj_lub_terytorium;27112100;27112100 - Gaz ziemny w stanie gazowym [TJ];;TJ;brak_rekordu_w_api;;;;;;6649726;8212898000062;282
2023;2023;;Nauru;NR;kraj_lub_terytorium;27111100;27111100 - Gaz ziemny skroplony [TJ];;TJ;brak_rekordu_w_api;;;;;;6649690;8212945000062;282
2023;2023;;Nauru;NR;kraj_lub_terytorium;27112100;27112100 - Gaz ziemny w stanie gazowym [TJ];;TJ;brak_rekordu_w_api;;;;;;6649690;8212898000062;282
2023;2023;;Nepal;NP;kraj_lub_terytorium;27111100;27111100 - Gaz ziemny skroplony [TJ];;TJ;brak_rekordu_w_api;;;;;;6649835;8212945000062;282
2023;2023;;Nepal;NP;kraj_lub_terytorium;27112100;27112100 - Gaz ziemny w stanie gazowym [TJ];;TJ;brak_rekordu_w_api;;;;;;6649835;8212898000062;282
2023;2023;;Niemcy;DE;kraj_lub_terytorium;27111100;27111100 - Gaz ziemny skroplony [TJ];306,0;TJ;wartosc_opublikowana;Dane ostateczne;Dane jawne;Nie dotyczy;;1;6649910;8212945000062;282
2023;2023;;Niemcy;DE;kraj_lub_terytorium;27112100;27112100 - Gaz ziemny w stanie gazowym [TJ];9,0;TJ;wartosc_opublikowana;Dane ostateczne;Dane jawne;Nie dotyczy;;1;6649910;8212898000062;282
2023;2023;;Niew.kr.i teryt, p. handl.i mil;QX;kategoria_specjalna;27111100;27111100 - Gaz ziemny skroplony [TJ];;TJ;brak_rekordu_w_api;;;;;;7276956;8212945000062;282
2023;2023;;Niew.kr.i teryt, p. handl.i mil;QX;kategoria_specjalna;27112100;27112100 - Gaz ziemny w stanie gazowym [TJ];;TJ;brak_rekordu_w_api;;;;;;7276956;8212898000062;282
2023;2023;;Niewyszczególnione kr. i teryt.;QU;kategoria_specjalna;27111100;27111100 - Gaz ziemny skroplony [TJ];;TJ;brak_rekordu_w_api;;;;;;7276957;8212945000062;282
2023;2023;;Niewyszczególnione kr. i teryt.;QU;kategoria_specjalna;27112100;27112100 - Gaz ziemny w stanie gazowym [TJ];;TJ;brak_rekordu_w_api;;;;;;7276957;8212898000062;282
2023;2023;;Nieznany kraj;_no;kategoria_specjalna;27111100;27111100 - Gaz ziemny skroplony [TJ];;TJ;brak_rekordu_w_api;;;;;;7639645;8212945000062;282
2023;2023;;Nieznany kraj;_no;kategoria_specjalna;27112100;27112100 - Gaz ziemny w stanie gazowym [TJ];;TJ;brak_rekordu_w_api;;;;;;7639645;8212898000062;282
2023;2023;;Niger;NE;kraj_lub_terytorium;27111100;27111100 - Gaz ziemny skroplony [TJ];;TJ;brak_rekordu_w_api;;;;;;6649725;8212945000062;282
2023;2023;;Niger;NE;kraj_lub_terytorium;27112100;27112100 - Gaz ziemny w stanie gazowym [TJ];;TJ;brak_rekordu_w_api;;;;;;6649725;8212898000062;282
2023;2023;;Nigeria;NG;kraj_lub_terytorium;27111100;27111100 - Gaz ziemny skroplony [TJ];;TJ;brak_rekordu_w_api;;;;;;6649724;8212945000062;282
2023;2023;;Nigeria;NG;kraj_lub_terytorium;27112100;27112100 - Gaz ziemny w stanie gazowym [TJ];;TJ;brak_rekordu_w_api;;;;;;6649724;8212898000062;282
2023;2023;;Nikaragua;NI;kraj_lub_terytorium;27111100;27111100 - Gaz ziemny skroplony [TJ];;TJ;brak_rekordu_w_api;;;;;;6649795;8212945000062;282
2023;2023;;Nikaragua;NI;kraj_lub_terytorium;27112100;27112100 - Gaz ziemny w stanie gazowym [TJ];;TJ;brak_rekordu_w_api;;;;;;6649795;8212898000062;282
2023;2023;;Niue;NU;kraj_lub_terytorium;27111100;27111100 - Gaz ziemny skroplony [TJ];;TJ;brak_rekordu_w_api;;;;;;6649686;8212945000062;282
2023;2023;;Niue;NU;kraj_lub_terytorium;27112100;27112100 - Gaz ziemny w stanie gazowym [TJ];;TJ;brak_rekordu_w_api;;;;;;6649686;8212898000062;282
2023;2023;;Norfolk;NF;kraj_lub_terytorium;27111100;27111100 - Gaz ziemny skroplony [TJ];;TJ;brak_rekordu_w_api;;;;;;6649685;8212945000062;282
2023;2023;;Norfolk;NF;kraj_lub_terytorium;27112100;27112100 - Gaz ziemny w stanie gazowym [TJ];;TJ;brak_rekordu_w_api;;;;;;6649685;8212898000062;282
2023;2023;;Norwegia;NO;kraj_lub_terytorium;27111100;27111100 - Gaz ziemny skroplony [TJ];;TJ;brak_rekordu_w_api;;;;;;6649892;8212945000062;282
2023;2023;;Norwegia;NO;kraj_lub_terytorium;27112100;27112100 - Gaz ziemny w stanie gazowym [TJ];;TJ;brak_rekordu_w_api;;;;;;6649892;8212898000062;282
2023;2023;;Nowa Kaledonia;NC;kraj_lub_terytorium;27111100;27111100 - Gaz ziemny skroplony [TJ];;TJ;brak_rekordu_w_api;;;;;;6649689;8212945000062;282
2023;2023;;Nowa Kaledonia;NC;kraj_lub_terytorium;27112100;27112100 - Gaz ziemny w stanie gazowym [TJ];;TJ;brak_rekordu_w_api;;;;;;6649689;8212898000062;282
2023;2023;;Nowa Zelandia;NZ;kraj_lub_terytorium;27111100;27111100 - Gaz ziemny skroplony [TJ];;TJ;brak_rekordu_w_api;;;;;;6649687;8212945000062;282
2023;2023;;Nowa Zelandia;NZ;kraj_lub_terytorium;27112100;27112100 - Gaz ziemny w stanie gazowym [TJ];;TJ;brak_rekordu_w_api;;;;;;6649687;8212898000062;282
2023;2023;;Oman;OM;kraj_lub_terytorium;27111100;27111100 - Gaz ziemny skroplony [TJ];;TJ;brak_rekordu_w_api;;;;;;6649836;8212945000062;282
2023;2023;;Oman;OM;kraj_lub_terytorium;27112100;27112100 - Gaz ziemny w stanie gazowym [TJ];;TJ;brak_rekordu_w_api;;;;;;6649836;8212898000062;282
2023;2023;;Pakistan;PK;kraj_lub_terytorium;27111100;27111100 - Gaz ziemny skroplony [TJ];;TJ;brak_rekordu_w_api;;;;;;6649834;8212945000062;282
2023;2023;;Pakistan;PK;kraj_lub_terytorium;27112100;27112100 - Gaz ziemny w stanie gazowym [TJ];;TJ;brak_rekordu_w_api;;;;;;6649834;8212898000062;282
2023;2023;;Palau;PW;kraj_lub_terytorium;27111100;27111100 - Gaz ziemny skroplony [TJ];;TJ;brak_rekordu_w_api;;;;;;6649680;8212945000062;282
2023;2023;;Palau;PW;kraj_lub_terytorium;27112100;27112100 - Gaz ziemny w stanie gazowym [TJ];;TJ;brak_rekordu_w_api;;;;;;6649680;8212898000062;282
2023;2023;;Palestyna;PS;kraj_lub_terytorium;27111100;27111100 - Gaz ziemny skroplony [TJ];;TJ;brak_rekordu_w_api;;;;;;6649857;8212945000062;282
2023;2023;;Palestyna;PS;kraj_lub_terytorium;27112100;27112100 - Gaz ziemny w stanie gazowym [TJ];;TJ;brak_rekordu_w_api;;;;;;6649857;8212898000062;282
2023;2023;;Panama;PA;kraj_lub_terytorium;27111100;27111100 - Gaz ziemny skroplony [TJ];;TJ;brak_rekordu_w_api;;;;;;6649794;8212945000062;282
2023;2023;;Panama;PA;kraj_lub_terytorium;27112100;27112100 - Gaz ziemny w stanie gazowym [TJ];;TJ;brak_rekordu_w_api;;;;;;6649794;8212898000062;282
2023;2023;;Papua-Nowa Gwinea;PG;kraj_lub_terytorium;27111100;27111100 - Gaz ziemny skroplony [TJ];;TJ;brak_rekordu_w_api;;;;;;6649679;8212945000062;282
2023;2023;;Papua-Nowa Gwinea;PG;kraj_lub_terytorium;27112100;27112100 - Gaz ziemny w stanie gazowym [TJ];;TJ;brak_rekordu_w_api;;;;;;6649679;8212898000062;282
2023;2023;;Paragwaj;PY;kraj_lub_terytorium;27111100;27111100 - Gaz ziemny skroplony [TJ];;TJ;brak_rekordu_w_api;;;;;;6649768;8212945000062;282
2023;2023;;Paragwaj;PY;kraj_lub_terytorium;27112100;27112100 - Gaz ziemny w stanie gazowym [TJ];;TJ;brak_rekordu_w_api;;;;;;6649768;8212898000062;282
2023;2023;;Peru;PE;kraj_lub_terytorium;27111100;27111100 - Gaz ziemny skroplony [TJ];;TJ;brak_rekordu_w_api;;;;;;6649767;8212945000062;282
2023;2023;;Peru;PE;kraj_lub_terytorium;27112100;27112100 - Gaz ziemny w stanie gazowym [TJ];;TJ;brak_rekordu_w_api;;;;;;6649767;8212898000062;282
2023;2023;;Pełne morze;QP;kategoria_specjalna;27111100;27111100 - Gaz ziemny skroplony [TJ];;TJ;brak_rekordu_w_api;;;;;;7277327;8212945000062;282
2023;2023;;Pełne morze;QP;kategoria_specjalna;27112100;27112100 - Gaz ziemny w stanie gazowym [TJ];;TJ;brak_rekordu_w_api;;;;;;7277327;8212898000062;282
2023;2023;;Pitcairn;PN;kraj_lub_terytorium;27111100;27111100 - Gaz ziemny skroplony [TJ];;TJ;brak_rekordu_w_api;;;;;;6649678;8212945000062;282
2023;2023;;Pitcairn;PN;kraj_lub_terytorium;27112100;27112100 - Gaz ziemny w stanie gazowym [TJ];;TJ;brak_rekordu_w_api;;;;;;6649678;8212898000062;282
2023;2023;;Polinezja Francuska;PF;kraj_lub_terytorium;27111100;27111100 - Gaz ziemny skroplony [TJ];;TJ;brak_rekordu_w_api;;;;;;6649695;8212945000062;282
2023;2023;;Polinezja Francuska;PF;kraj_lub_terytorium;27112100;27112100 - Gaz ziemny w stanie gazowym [TJ];;TJ;brak_rekordu_w_api;;;;;;6649695;8212898000062;282
2023;2023;;Polska;PL;kraj_lub_terytorium;27111100;27111100 - Gaz ziemny skroplony [TJ];;TJ;brak_rekordu_w_api;;;;;;6649891;8212945000062;282
2023;2023;;Polska;PL;kraj_lub_terytorium;27112100;27112100 - Gaz ziemny w stanie gazowym [TJ];;TJ;brak_rekordu_w_api;;;;;;6649891;8212898000062;282
2023;2023;;Portugalia;PT;kraj_lub_terytorium;27111100;27111100 - Gaz ziemny skroplony [TJ];;TJ;brak_rekordu_w_api;;;;;;6649890;8212945000062;282
2023;2023;;Portugalia;PT;kraj_lub_terytorium;27112100;27112100 - Gaz ziemny w stanie gazowym [TJ];;TJ;brak_rekordu_w_api;;;;;;6649890;8212898000062;282
2023;2023;;Południowa Afryka;ZA;kraj_lub_terytorium;27111100;27111100 - Gaz ziemny skroplony [TJ];;TJ;brak_rekordu_w_api;;;;;;7548785;8212945000062;282
2023;2023;;Południowa Afryka;ZA;kraj_lub_terytorium;27112100;27112100 - Gaz ziemny w stanie gazowym [TJ];;TJ;brak_rekordu_w_api;;;;;;7548785;8212898000062;282
2023;2023;;QQ w ramach handlu z UE;QR;kategoria_specjalna;27111100;27111100 - Gaz ziemny skroplony [TJ];;TJ;brak_rekordu_w_api;;;;;;7277330;8212945000062;282
2023;2023;;QQ w ramach handlu z UE;QR;kategoria_specjalna;27112100;27112100 - Gaz ziemny w stanie gazowym [TJ];;TJ;brak_rekordu_w_api;;;;;;7277330;8212898000062;282
2023;2023;;QQ w ramach handlu z kr.trzecimi;QS;kategoria_specjalna;27111100;27111100 - Gaz ziemny skroplony [TJ];;TJ;brak_rekordu_w_api;;;;;;7277331;8212945000062;282
2023;2023;;QQ w ramach handlu z kr.trzecimi;QS;kategoria_specjalna;27112100;27112100 - Gaz ziemny w stanie gazowym [TJ];;TJ;brak_rekordu_w_api;;;;;;7277331;8212898000062;282
2023;2023;;QU w ramach handlu z UE;QV;kategoria_specjalna;27111100;27111100 - Gaz ziemny skroplony [TJ];;TJ;brak_rekordu_w_api;;;;;;7277396;8212945000062;282
2023;2023;;QU w ramach handlu z UE;QV;kategoria_specjalna;27112100;27112100 - Gaz ziemny w stanie gazowym [TJ];;TJ;brak_rekordu_w_api;;;;;;7277396;8212898000062;282
2023;2023;;QU w ramach handlu z kr.trzecimi;QW;kategoria_specjalna;27111100;27111100 - Gaz ziemny skroplony [TJ];;TJ;brak_rekordu_w_api;;;;;;7277333;8212945000062;282
2023;2023;;QU w ramach handlu z kr.trzecimi;QW;kategoria_specjalna;27112100;27112100 - Gaz ziemny w stanie gazowym [TJ];;TJ;brak_rekordu_w_api;;;;;;7277333;8212898000062;282
2023;2023;;QX w ramach handlu z UE;QY;kategoria_specjalna;27111100;27111100 - Gaz ziemny skroplony [TJ];;TJ;brak_rekordu_w_api;;;;;;7277399;8212945000062;282
2023;2023;;QX w ramach handlu z UE;QY;kategoria_specjalna;27112100;27112100 - Gaz ziemny w stanie gazowym [TJ];;TJ;brak_rekordu_w_api;;;;;;7277399;8212898000062;282
2023;2023;;QX w ramach handlu z kr.trzecimi;QZ;kategoria_specjalna;27111100;27111100 - Gaz ziemny skroplony [TJ];;TJ;brak_rekordu_w_api;;;;;;7277397;8212945000062;282
2023;2023;;QX w ramach handlu z kr.trzecimi;QZ;kategoria_specjalna;27112100;27112100 - Gaz ziemny w stanie gazowym [TJ];;TJ;brak_rekordu_w_api;;;;;;7277397;8212898000062;282
2023;2023;;Republika Zielonego Przylądka;CV;kraj_lub_terytorium;27111100;27111100 - Gaz ziemny skroplony [TJ];;TJ;brak_rekordu_w_api;;;;;;7473154;8212945000062;282
2023;2023;;Republika Zielonego Przylądka;CV;kraj_lub_terytorium;27112100;27112100 - Gaz ziemny w stanie gazowym [TJ];;TJ;brak_rekordu_w_api;;;;;;7473154;8212898000062;282
2023;2023;;Republika Środkowoafrykańska;CF;kraj_lub_terytorium;27111100;27111100 - Gaz ziemny skroplony [TJ];;TJ;brak_rekordu_w_api;;;;;;6649754;8212945000062;282
2023;2023;;Republika Środkowoafrykańska;CF;kraj_lub_terytorium;27112100;27112100 - Gaz ziemny w stanie gazowym [TJ];;TJ;brak_rekordu_w_api;;;;;;6649754;8212898000062;282
2023;2023;;Rosja;RU;kraj_lub_terytorium;27111100;27111100 - Gaz ziemny skroplony [TJ];;TJ;brak_rekordu_w_api;;;;;;6649888;8212945000062;282
2023;2023;;Rosja;RU;kraj_lub_terytorium;27112100;27112100 - Gaz ziemny w stanie gazowym [TJ];;TJ;brak_rekordu_w_api;;;;;;6649888;8212898000062;282
2023;2023;;Rumunia;RO;kraj_lub_terytorium;27111100;27111100 - Gaz ziemny skroplony [TJ];;TJ;brak_rekordu_w_api;;;;;;6649889;8212945000062;282
2023;2023;;Rumunia;RO;kraj_lub_terytorium;27112100;27112100 - Gaz ziemny w stanie gazowym [TJ];;TJ;brak_rekordu_w_api;;;;;;6649889;8212898000062;282
2023;2023;;Rwanda;RW;kraj_lub_terytorium;27111100;27111100 - Gaz ziemny skroplony [TJ];;TJ;brak_rekordu_w_api;;;;;;6649721;8212945000062;282
2023;2023;;Rwanda;RW;kraj_lub_terytorium;27112100;27112100 - Gaz ziemny w stanie gazowym [TJ];;TJ;brak_rekordu_w_api;;;;;;6649721;8212898000062;282
2023;2023;;Sahara Zachodnia;EH;kraj_lub_terytorium;27111100;27111100 - Gaz ziemny skroplony [TJ];;TJ;brak_rekordu_w_api;;;;;;6649711;8212945000062;282
2023;2023;;Sahara Zachodnia;EH;kraj_lub_terytorium;27112100;27112100 - Gaz ziemny w stanie gazowym [TJ];;TJ;brak_rekordu_w_api;;;;;;6649711;8212898000062;282
2023;2023;;Saint  Pierre i Miquelon;PM;kraj_lub_terytorium;27111100;27111100 - Gaz ziemny skroplony [TJ];;TJ;brak_rekordu_w_api;;;;;;6649787;8212945000062;282
2023;2023;;Saint  Pierre i Miquelon;PM;kraj_lub_terytorium;27112100;27112100 - Gaz ziemny w stanie gazowym [TJ];;TJ;brak_rekordu_w_api;;;;;;6649787;8212898000062;282
2023;2023;;Saint Kitts i Nevis;KN;kraj_lub_terytorium;27111100;27111100 - Gaz ziemny skroplony [TJ];;TJ;brak_rekordu_w_api;;;;;;6649791;8212945000062;282
2023;2023;;Saint Kitts i Nevis;KN;kraj_lub_terytorium;27112100;27112100 - Gaz ziemny w stanie gazowym [TJ];;TJ;brak_rekordu_w_api;;;;;;6649791;8212898000062;282
2023;2023;;Saint Lucia;LC;kraj_lub_terytorium;27111100;27111100 - Gaz ziemny skroplony [TJ];;TJ;brak_rekordu_w_api;;;;;;6649789;8212945000062;282
2023;2023;;Saint Lucia;LC;kraj_lub_terytorium;27112100;27112100 - Gaz ziemny w stanie gazowym [TJ];;TJ;brak_rekordu_w_api;;;;;;6649789;8212898000062;282
2023;2023;;Saint Vincent i Grenadyny;VC;kraj_lub_terytorium;27111100;27111100 - Gaz ziemny skroplony [TJ];;TJ;brak_rekordu_w_api;;;;;;6649786;8212945000062;282
2023;2023;;Saint Vincent i Grenadyny;VC;kraj_lub_terytorium;27112100;27112100 - Gaz ziemny w stanie gazowym [TJ];;TJ;brak_rekordu_w_api;;;;;;6649786;8212898000062;282
2023;2023;;Saint-Barthélemy;BL;kraj_lub_terytorium;27111100;27111100 - Gaz ziemny skroplony [TJ];;TJ;brak_rekordu_w_api;;;;;;7463787;8212945000062;282
2023;2023;;Saint-Barthélemy;BL;kraj_lub_terytorium;27112100;27112100 - Gaz ziemny w stanie gazowym [TJ];;TJ;brak_rekordu_w_api;;;;;;7463787;8212898000062;282
2023;2023;;Salwador;SV;kraj_lub_terytorium;27111100;27111100 - Gaz ziemny skroplony [TJ];;TJ;brak_rekordu_w_api;;;;;;6649808;8212945000062;282
2023;2023;;Salwador;SV;kraj_lub_terytorium;27112100;27112100 - Gaz ziemny w stanie gazowym [TJ];;TJ;brak_rekordu_w_api;;;;;;6649808;8212898000062;282
2023;2023;;Samoa;WS;kraj_lub_terytorium;27111100;27111100 - Gaz ziemny skroplony [TJ];;TJ;brak_rekordu_w_api;;;;;;6649672;8212945000062;282
2023;2023;;Samoa;WS;kraj_lub_terytorium;27112100;27112100 - Gaz ziemny w stanie gazowym [TJ];;TJ;brak_rekordu_w_api;;;;;;6649672;8212898000062;282
2023;2023;;Samoa Amerykańskie;AS;kraj_lub_terytorium;27111100;27111100 - Gaz ziemny skroplony [TJ];;TJ;brak_rekordu_w_api;;;;;;6649700;8212945000062;282
2023;2023;;Samoa Amerykańskie;AS;kraj_lub_terytorium;27112100;27112100 - Gaz ziemny w stanie gazowym [TJ];;TJ;brak_rekordu_w_api;;;;;;6649700;8212898000062;282
2023;2023;;San Marino;SM;kraj_lub_terytorium;27111100;27111100 - Gaz ziemny skroplony [TJ];;TJ;brak_rekordu_w_api;;;;;;6649887;8212945000062;282
2023;2023;;San Marino;SM;kraj_lub_terytorium;27112100;27112100 - Gaz ziemny w stanie gazowym [TJ];;TJ;brak_rekordu_w_api;;;;;;6649887;8212898000062;282
2023;2023;;Senegal;SN;kraj_lub_terytorium;27111100;27111100 - Gaz ziemny skroplony [TJ];;TJ;brak_rekordu_w_api;;;;;;6649717;8212945000062;282
2023;2023;;Senegal;SN;kraj_lub_terytorium;27112100;27112100 - Gaz ziemny w stanie gazowym [TJ];;TJ;brak_rekordu_w_api;;;;;;6649717;8212898000062;282
2023;2023;;Serbia;XS;kraj_lub_terytorium;27111100;27111100 - Gaz ziemny skroplony [TJ];;TJ;brak_rekordu_w_api;;;;;;6649951;8212945000062;282
2023;2023;;Serbia;XS;kraj_lub_terytorium;27112100;27112100 - Gaz ziemny w stanie gazowym [TJ];;TJ;brak_rekordu_w_api;;;;;;6649951;8212898000062;282
2023;2023;;Seszele;SC;kraj_lub_terytorium;27111100;27111100 - Gaz ziemny skroplony [TJ];;TJ;brak_rekordu_w_api;;;;;;6649716;8212945000062;282
2023;2023;;Seszele;SC;kraj_lub_terytorium;27112100;27112100 - Gaz ziemny w stanie gazowym [TJ];;TJ;brak_rekordu_w_api;;;;;;6649716;8212898000062;282
2023;2023;;Sierra Leone;SL;kraj_lub_terytorium;27111100;27111100 - Gaz ziemny skroplony [TJ];;TJ;brak_rekordu_w_api;;;;;;6649715;8212945000062;282
2023;2023;;Sierra Leone;SL;kraj_lub_terytorium;27112100;27112100 - Gaz ziemny w stanie gazowym [TJ];;TJ;brak_rekordu_w_api;;;;;;6649715;8212898000062;282
2023;2023;;Singapur;SG;kraj_lub_terytorium;27111100;27111100 - Gaz ziemny skroplony [TJ];;TJ;brak_rekordu_w_api;;;;;;6649829;8212945000062;282
2023;2023;;Singapur;SG;kraj_lub_terytorium;27112100;27112100 - Gaz ziemny w stanie gazowym [TJ];;TJ;brak_rekordu_w_api;;;;;;6649829;8212898000062;282
2023;2023;;Sint Maarten (część niderlandzka);SX;kraj_lub_terytorium;27111100;27111100 - Gaz ziemny skroplony [TJ];;TJ;brak_rekordu_w_api;;;;;;7548327;8212945000062;282
2023;2023;;Sint Maarten (część niderlandzka);SX;kraj_lub_terytorium;27112100;27112100 - Gaz ziemny w stanie gazowym [TJ];;TJ;brak_rekordu_w_api;;;;;;7548327;8212898000062;282
2023;2023;;Somalia;SO;kraj_lub_terytorium;27111100;27111100 - Gaz ziemny skroplony [TJ];;TJ;brak_rekordu_w_api;;;;;;6649714;8212945000062;282
2023;2023;;Somalia;SO;kraj_lub_terytorium;27112100;27112100 - Gaz ziemny w stanie gazowym [TJ];;TJ;brak_rekordu_w_api;;;;;;6649714;8212898000062;282
2023;2023;;Sri Lanka;LK;kraj_lub_terytorium;27111100;27111100 - Gaz ziemny skroplony [TJ];;TJ;brak_rekordu_w_api;;;;;;6649863;8212945000062;282
2023;2023;;Sri Lanka;LK;kraj_lub_terytorium;27112100;27112100 - Gaz ziemny w stanie gazowym [TJ];;TJ;brak_rekordu_w_api;;;;;;6649863;8212898000062;282
2023;2023;;Stany Zjednoczone;US;kraj_lub_terytorium;27111100;27111100 - Gaz ziemny skroplony [TJ];;TJ;brak_rekordu_w_api;;;;;;6649783;8212945000062;282
2023;2023;;Stany Zjednoczone;US;kraj_lub_terytorium;27112100;27112100 - Gaz ziemny w stanie gazowym [TJ];;TJ;brak_rekordu_w_api;;;;;;6649783;8212898000062;282
2023;2023;;Sudan;SD;kraj_lub_terytorium;27111100;27111100 - Gaz ziemny skroplony [TJ];;TJ;brak_rekordu_w_api;;;;;;6649710;8212945000062;282
2023;2023;;Sudan;SD;kraj_lub_terytorium;27112100;27112100 - Gaz ziemny w stanie gazowym [TJ];;TJ;brak_rekordu_w_api;;;;;;6649710;8212898000062;282
2023;2023;;Sudan Południowy;SS;kraj_lub_terytorium;27111100;27111100 - Gaz ziemny skroplony [TJ];;TJ;brak_rekordu_w_api;;;;;;6649709;8212945000062;282
2023;2023;;Sudan Południowy;SS;kraj_lub_terytorium;27112100;27112100 - Gaz ziemny w stanie gazowym [TJ];;TJ;brak_rekordu_w_api;;;;;;6649709;8212898000062;282
2023;2023;;Surinam;SR;kraj_lub_terytorium;27111100;27111100 - Gaz ziemny skroplony [TJ];;TJ;brak_rekordu_w_api;;;;;;6649766;8212945000062;282
2023;2023;;Surinam;SR;kraj_lub_terytorium;27112100;27112100 - Gaz ziemny w stanie gazowym [TJ];;TJ;brak_rekordu_w_api;;;;;;6649766;8212898000062;282
2023;2023;;Syria;SY;kraj_lub_terytorium;27111100;27111100 - Gaz ziemny skroplony [TJ];;TJ;brak_rekordu_w_api;;;;;;6649827;8212945000062;282
2023;2023;;Syria;SY;kraj_lub_terytorium;27112100;27112100 - Gaz ziemny w stanie gazowym [TJ];;TJ;brak_rekordu_w_api;;;;;;6649827;8212898000062;282
2023;2023;;Szwajcaria;CH;kraj_lub_terytorium;27111100;27111100 - Gaz ziemny skroplony [TJ];;TJ;brak_rekordu_w_api;;;;;;6649881;8212945000062;282
2023;2023;;Szwajcaria;CH;kraj_lub_terytorium;27112100;27112100 - Gaz ziemny w stanie gazowym [TJ];;TJ;brak_rekordu_w_api;;;;;;6649881;8212898000062;282
2023;2023;;Szwecja;SE;kraj_lub_terytorium;27111100;27111100 - Gaz ziemny skroplony [TJ];;TJ;brak_rekordu_w_api;;;;;;6649882;8212945000062;282
2023;2023;;Szwecja;SE;kraj_lub_terytorium;27112100;27112100 - Gaz ziemny w stanie gazowym [TJ];;TJ;brak_rekordu_w_api;;;;;;6649882;8212898000062;282
2023;2023;;Słowacja;SK;kraj_lub_terytorium;27111100;27111100 - Gaz ziemny skroplony [TJ];;TJ;brak_rekordu_w_api;;;;;;6649886;8212945000062;282
2023;2023;;Słowacja;SK;kraj_lub_terytorium;27112100;27112100 - Gaz ziemny w stanie gazowym [TJ];;TJ;brak_rekordu_w_api;;;;;;6649886;8212898000062;282
2023;2023;;Słowenia;SI;kraj_lub_terytorium;27111100;27111100 - Gaz ziemny skroplony [TJ];;TJ;brak_rekordu_w_api;;;;;;6649885;8212945000062;282
2023;2023;;Słowenia;SI;kraj_lub_terytorium;27112100;27112100 - Gaz ziemny w stanie gazowym [TJ];;TJ;brak_rekordu_w_api;;;;;;6649885;8212898000062;282
2023;2023;;Tadżykistan;TJ;kraj_lub_terytorium;27111100;27111100 - Gaz ziemny skroplony [TJ];;TJ;brak_rekordu_w_api;;;;;;6649826;8212945000062;282
2023;2023;;Tadżykistan;TJ;kraj_lub_terytorium;27112100;27112100 - Gaz ziemny w stanie gazowym [TJ];;TJ;brak_rekordu_w_api;;;;;;6649826;8212898000062;282
2023;2023;;Tajlandia;TH;kraj_lub_terytorium;27111100;27111100 - Gaz ziemny skroplony [TJ];;TJ;brak_rekordu_w_api;;;;;;6649824;8212945000062;282
2023;2023;;Tajlandia;TH;kraj_lub_terytorium;27112100;27112100 - Gaz ziemny w stanie gazowym [TJ];;TJ;brak_rekordu_w_api;;;;;;6649824;8212898000062;282
2023;2023;;Tajwan;TW;kraj_lub_terytorium;27111100;27111100 - Gaz ziemny skroplony [TJ];;TJ;brak_rekordu_w_api;;;;;;7548478;8212945000062;282
2023;2023;;Tajwan;TW;kraj_lub_terytorium;27112100;27112100 - Gaz ziemny w stanie gazowym [TJ];;TJ;brak_rekordu_w_api;;;;;;7548478;8212898000062;282
2023;2023;;Tanzania;TZ;kraj_lub_terytorium;27111100;27111100 - Gaz ziemny skroplony [TJ];;TJ;brak_rekordu_w_api;;;;;;6649703;8212945000062;282
2023;2023;;Tanzania;TZ;kraj_lub_terytorium;27112100;27112100 - Gaz ziemny w stanie gazowym [TJ];;TJ;brak_rekordu_w_api;;;;;;6649703;8212898000062;282
2023;2023;;Timor Wschodni;TL;kraj_lub_terytorium;27111100;27111100 - Gaz ziemny skroplony [TJ];;TJ;brak_rekordu_w_api;;;;;;6649832;8212945000062;282
2023;2023;;Timor Wschodni;TL;kraj_lub_terytorium;27112100;27112100 - Gaz ziemny w stanie gazowym [TJ];;TJ;brak_rekordu_w_api;;;;;;6649832;8212898000062;282
2023;2023;;Togo;TG;kraj_lub_terytorium;27111100;27111100 - Gaz ziemny skroplony [TJ];;TJ;brak_rekordu_w_api;;;;;;6649707;8212945000062;282
2023;2023;;Togo;TG;kraj_lub_terytorium;27112100;27112100 - Gaz ziemny w stanie gazowym [TJ];;TJ;brak_rekordu_w_api;;;;;;6649707;8212898000062;282
2023;2023;;Tokelau;TK;kraj_lub_terytorium;27111100;27111100 - Gaz ziemny skroplony [TJ];;TJ;brak_rekordu_w_api;;;;;;6649676;8212945000062;282
2023;2023;;Tokelau;TK;kraj_lub_terytorium;27112100;27112100 - Gaz ziemny w stanie gazowym [TJ];;TJ;brak_rekordu_w_api;;;;;;6649676;8212898000062;282
2023;2023;;Tonga;TO;kraj_lub_terytorium;27111100;27111100 - Gaz ziemny skroplony [TJ];;TJ;brak_rekordu_w_api;;;;;;6649675;8212945000062;282
2023;2023;;Tonga;TO;kraj_lub_terytorium;27112100;27112100 - Gaz ziemny w stanie gazowym [TJ];;TJ;brak_rekordu_w_api;;;;;;6649675;8212898000062;282
2023;2023;;Trynidad i Tobago;TT;kraj_lub_terytorium;27111100;27111100 - Gaz ziemny skroplony [TJ];;TJ;brak_rekordu_w_api;;;;;;6649785;8212945000062;282
2023;2023;;Trynidad i Tobago;TT;kraj_lub_terytorium;27112100;27112100 - Gaz ziemny w stanie gazowym [TJ];;TJ;brak_rekordu_w_api;;;;;;6649785;8212898000062;282
2023;2023;;Tunezja;TN;kraj_lub_terytorium;27111100;27111100 - Gaz ziemny skroplony [TJ];;TJ;brak_rekordu_w_api;;;;;;6649706;8212945000062;282
2023;2023;;Tunezja;TN;kraj_lub_terytorium;27112100;27112100 - Gaz ziemny w stanie gazowym [TJ];;TJ;brak_rekordu_w_api;;;;;;6649706;8212898000062;282
2023;2023;;Turcja;TR;kraj_lub_terytorium;27111100;27111100 - Gaz ziemny skroplony [TJ];;TJ;brak_rekordu_w_api;;;;;;6649880;8212945000062;282
2023;2023;;Turcja;TR;kraj_lub_terytorium;27112100;27112100 - Gaz ziemny w stanie gazowym [TJ];;TJ;brak_rekordu_w_api;;;;;;6649880;8212898000062;282
2023;2023;;Turkmenistan;TM;kraj_lub_terytorium;27111100;27111100 - Gaz ziemny skroplony [TJ];;TJ;brak_rekordu_w_api;;;;;;6649822;8212945000062;282
2023;2023;;Turkmenistan;TM;kraj_lub_terytorium;27112100;27112100 - Gaz ziemny w stanie gazowym [TJ];;TJ;brak_rekordu_w_api;;;;;;6649822;8212898000062;282
2023;2023;;Turks i Caicos;TC;kraj_lub_terytorium;27111100;27111100 - Gaz ziemny skroplony [TJ];;TJ;brak_rekordu_w_api;;;;;;6649939;8212945000062;282
2023;2023;;Turks i Caicos;TC;kraj_lub_terytorium;27112100;27112100 - Gaz ziemny w stanie gazowym [TJ];;TJ;brak_rekordu_w_api;;;;;;6649939;8212898000062;282
2023;2023;;Tuvalu;TV;kraj_lub_terytorium;27111100;27111100 - Gaz ziemny skroplony [TJ];;TJ;brak_rekordu_w_api;;;;;;6649674;8212945000062;282
2023;2023;;Tuvalu;TV;kraj_lub_terytorium;27112100;27112100 - Gaz ziemny w stanie gazowym [TJ];;TJ;brak_rekordu_w_api;;;;;;6649674;8212898000062;282
2023;2023;;Uganda;UG;kraj_lub_terytorium;27111100;27111100 - Gaz ziemny skroplony [TJ];;TJ;brak_rekordu_w_api;;;;;;6649705;8212945000062;282
2023;2023;;Uganda;UG;kraj_lub_terytorium;27112100;27112100 - Gaz ziemny w stanie gazowym [TJ];;TJ;brak_rekordu_w_api;;;;;;6649705;8212898000062;282
2023;2023;;Ukraina;UA;kraj_lub_terytorium;27111100;27111100 - Gaz ziemny skroplony [TJ];;TJ;brak_rekordu_w_api;;;;;;6649879;8212945000062;282
2023;2023;;Ukraina;UA;kraj_lub_terytorium;27112100;27112100 - Gaz ziemny w stanie gazowym [TJ];17320,0;TJ;wartosc_opublikowana;Dane ostateczne;Dane jawne;Nie dotyczy;;1;6649879;8212898000062;282
2023;2023;;Urugwaj;UY;kraj_lub_terytorium;27111100;27111100 - Gaz ziemny skroplony [TJ];;TJ;brak_rekordu_w_api;;;;;;6649765;8212945000062;282
2023;2023;;Urugwaj;UY;kraj_lub_terytorium;27112100;27112100 - Gaz ziemny w stanie gazowym [TJ];;TJ;brak_rekordu_w_api;;;;;;6649765;8212898000062;282
2023;2023;;Uzbekistan;UZ;kraj_lub_terytorium;27111100;27111100 - Gaz ziemny skroplony [TJ];;TJ;brak_rekordu_w_api;;;;;;6649820;8212945000062;282
2023;2023;;Uzbekistan;UZ;kraj_lub_terytorium;27112100;27112100 - Gaz ziemny w stanie gazowym [TJ];;TJ;brak_rekordu_w_api;;;;;;6649820;8212898000062;282
2023;2023;;Vanuatu;VU;kraj_lub_terytorium;27111100;27111100 - Gaz ziemny skroplony [TJ];;TJ;brak_rekordu_w_api;;;;;;6649688;8212945000062;282
2023;2023;;Vanuatu;VU;kraj_lub_terytorium;27112100;27112100 - Gaz ziemny w stanie gazowym [TJ];;TJ;brak_rekordu_w_api;;;;;;6649688;8212898000062;282
2023;2023;;Wallis i Futuna;WF;kraj_lub_terytorium;27111100;27111100 - Gaz ziemny skroplony [TJ];;TJ;brak_rekordu_w_api;;;;;;6649673;8212945000062;282
2023;2023;;Wallis i Futuna;WF;kraj_lub_terytorium;27112100;27112100 - Gaz ziemny w stanie gazowym [TJ];;TJ;brak_rekordu_w_api;;;;;;6649673;8212898000062;282
2023;2023;;Watykan;VA;kraj_lub_terytorium;27111100;27111100 - Gaz ziemny skroplony [TJ];;TJ;brak_rekordu_w_api;;;;;;6649907;8212945000062;282
2023;2023;;Watykan;VA;kraj_lub_terytorium;27112100;27112100 - Gaz ziemny w stanie gazowym [TJ];;TJ;brak_rekordu_w_api;;;;;;6649907;8212898000062;282
2023;2023;;Wenezuela;VE;kraj_lub_terytorium;27111100;27111100 - Gaz ziemny skroplony [TJ];;TJ;brak_rekordu_w_api;;;;;;6649764;8212945000062;282
2023;2023;;Wenezuela;VE;kraj_lub_terytorium;27112100;27112100 - Gaz ziemny w stanie gazowym [TJ];;TJ;brak_rekordu_w_api;;;;;;6649764;8212898000062;282
2023;2023;;Wielka Brytania;GB;kraj_lub_terytorium;27111100;27111100 - Gaz ziemny skroplony [TJ];;TJ;brak_rekordu_w_api;;;;;;6649877;8212945000062;282
2023;2023;;Wielka Brytania;GB;kraj_lub_terytorium;27112100;27112100 - Gaz ziemny w stanie gazowym [TJ];;TJ;brak_rekordu_w_api;;;;;;6649877;8212898000062;282
2023;2023;;Wietnam;VN;kraj_lub_terytorium;27111100;27111100 - Gaz ziemny skroplony [TJ];;TJ;brak_rekordu_w_api;;;;;;7548674;8212945000062;282
2023;2023;;Wietnam;VN;kraj_lub_terytorium;27112100;27112100 - Gaz ziemny w stanie gazowym [TJ];;TJ;brak_rekordu_w_api;;;;;;7548674;8212898000062;282
2023;2023;;Wybrzeże Kości Słoniowej;CI;kraj_lub_terytorium;27111100;27111100 - Gaz ziemny skroplony [TJ];;TJ;brak_rekordu_w_api;;;;;;6649738;8212945000062;282
2023;2023;;Wybrzeże Kości Słoniowej;CI;kraj_lub_terytorium;27112100;27112100 - Gaz ziemny w stanie gazowym [TJ];;TJ;brak_rekordu_w_api;;;;;;6649738;8212898000062;282
2023;2023;;Wyspa Bouveta;BV;kraj_lub_terytorium;27111100;27111100 - Gaz ziemny skroplony [TJ];;TJ;brak_rekordu_w_api;;;;;;6649758;8212945000062;282
2023;2023;;Wyspa Bouveta;BV;kraj_lub_terytorium;27112100;27112100 - Gaz ziemny w stanie gazowym [TJ];;TJ;brak_rekordu_w_api;;;;;;6649758;8212898000062;282
2023;2023;;Wyspa Bożego Narodzenia;CX;kraj_lub_terytorium;27111100;27111100 - Gaz ziemny skroplony [TJ];;TJ;brak_rekordu_w_api;;;;;;6649860;8212945000062;282
2023;2023;;Wyspa Bożego Narodzenia;CX;kraj_lub_terytorium;27112100;27112100 - Gaz ziemny w stanie gazowym [TJ];;TJ;brak_rekordu_w_api;;;;;;6649860;8212898000062;282
2023;2023;;Wyspa Świętej Heleny, Wyspa Wniebowstąpienia i Tristan da Cunha;SH;kraj_lub_terytorium;27111100;27111100 - Gaz ziemny skroplony [TJ];;TJ;brak_rekordu_w_api;;;;;;6649720;8212945000062;282
2023;2023;;Wyspa Świętej Heleny, Wyspa Wniebowstąpienia i Tristan da Cunha;SH;kraj_lub_terytorium;27112100;27112100 - Gaz ziemny w stanie gazowym [TJ];;TJ;brak_rekordu_w_api;;;;;;6649720;8212898000062;282
2023;2023;;Wyspy Cooka;CK;kraj_lub_terytorium;27111100;27111100 - Gaz ziemny skroplony [TJ];;TJ;brak_rekordu_w_api;;;;;;6649697;8212945000062;282
2023;2023;;Wyspy Cooka;CK;kraj_lub_terytorium;27112100;27112100 - Gaz ziemny w stanie gazowym [TJ];;TJ;brak_rekordu_w_api;;;;;;6649697;8212898000062;282
2023;2023;;Wyspy Dziewicze Stanów Zjednoczonych;VI;kraj_lub_terytorium;27111100;27111100 - Gaz ziemny skroplony [TJ];;TJ;brak_rekordu_w_api;;;;;;6649782;8212945000062;282
2023;2023;;Wyspy Dziewicze Stanów Zjednoczonych;VI;kraj_lub_terytorium;27112100;27112100 - Gaz ziemny w stanie gazowym [TJ];;TJ;brak_rekordu_w_api;;;;;;6649782;8212898000062;282
2023;2023;;Wyspy Heard i McDonalda;HM;kraj_lub_terytorium;27111100;27111100 - Gaz ziemny skroplony [TJ];;TJ;brak_rekordu_w_api;;;;;;6649691;8212945000062;282
2023;2023;;Wyspy Heard i McDonalda;HM;kraj_lub_terytorium;27112100;27112100 - Gaz ziemny w stanie gazowym [TJ];;TJ;brak_rekordu_w_api;;;;;;6649691;8212898000062;282
2023;2023;;Wyspy Kokosowe (inaczej Wyspy Keelinga);CC;kraj_lub_terytorium;27111100;27111100 - Gaz ziemny skroplony [TJ];;TJ;brak_rekordu_w_api;;;;;;7473122;8212945000062;282
2023;2023;;Wyspy Kokosowe (inaczej Wyspy Keelinga);CC;kraj_lub_terytorium;27112100;27112100 - Gaz ziemny w stanie gazowym [TJ];;TJ;brak_rekordu_w_api;;;;;;7473122;8212898000062;282
2023;2023;;Wyspy Marshalla;MH;kraj_lub_terytorium;27111100;27111100 - Gaz ziemny skroplony [TJ];;TJ;brak_rekordu_w_api;;;;;;6649681;8212945000062;282
2023;2023;;Wyspy Marshalla;MH;kraj_lub_terytorium;27112100;27112100 - Gaz ziemny w stanie gazowym [TJ];;TJ;brak_rekordu_w_api;;;;;;6649681;8212898000062;282
2023;2023;;Wyspy Owcze;FO;kraj_lub_terytorium;27111100;27111100 - Gaz ziemny skroplony [TJ];;TJ;brak_rekordu_w_api;;;;;;6649914;8212945000062;282
2023;2023;;Wyspy Owcze;FO;kraj_lub_terytorium;27112100;27112100 - Gaz ziemny w stanie gazowym [TJ];;TJ;brak_rekordu_w_api;;;;;;6649914;8212898000062;282
2023;2023;;Wyspy Salomona;SB;kraj_lub_terytorium;27111100;27111100 - Gaz ziemny skroplony [TJ];;TJ;brak_rekordu_w_api;;;;;;6649698;8212945000062;282
2023;2023;;Wyspy Salomona;SB;kraj_lub_terytorium;27112100;27112100 - Gaz ziemny w stanie gazowym [TJ];;TJ;brak_rekordu_w_api;;;;;;6649698;8212898000062;282
2023;2023;;Wyspy Świętego Tomasza i Książęca;ST;kraj_lub_terytorium;27111100;27111100 - Gaz ziemny skroplony [TJ];;TJ;brak_rekordu_w_api;;;;;;6649718;8212945000062;282
2023;2023;;Wyspy Świętego Tomasza i Książęca;ST;kraj_lub_terytorium;27112100;27112100 - Gaz ziemny w stanie gazowym [TJ];;TJ;brak_rekordu_w_api;;;;;;6649718;8212898000062;282
2023;2023;;Węgry;HU;kraj_lub_terytorium;27111100;27111100 - Gaz ziemny skroplony [TJ];;TJ;brak_rekordu_w_api;;;;;;6649906;8212945000062;282
2023;2023;;Węgry;HU;kraj_lub_terytorium;27112100;27112100 - Gaz ziemny w stanie gazowym [TJ];;TJ;brak_rekordu_w_api;;;;;;6649906;8212898000062;282
2023;2023;;Włochy;IT;kraj_lub_terytorium;27111100;27111100 - Gaz ziemny skroplony [TJ];1,0;TJ;wartosc_opublikowana;Dane ostateczne;Dane jawne;Nie dotyczy;;1;6649903;8212945000062;282
2023;2023;;Włochy;IT;kraj_lub_terytorium;27112100;27112100 - Gaz ziemny w stanie gazowym [TJ];;TJ;brak_rekordu_w_api;;;;;;6649903;8212898000062;282
2023;2023;;Zambia;ZM;kraj_lub_terytorium;27111100;27111100 - Gaz ziemny skroplony [TJ];;TJ;brak_rekordu_w_api;;;;;;6649701;8212945000062;282
2023;2023;;Zambia;ZM;kraj_lub_terytorium;27112100;27112100 - Gaz ziemny w stanie gazowym [TJ];;TJ;brak_rekordu_w_api;;;;;;6649701;8212898000062;282
2023;2023;;Zap. i zaop. statków, niezn.arm.;QQ;kategoria_specjalna;27111100;27111100 - Gaz ziemny skroplony [TJ];;TJ;brak_rekordu_w_api;;;;;;7277329;8212945000062;282
2023;2023;;Zap. i zaop. statków, niezn.arm.;QQ;kategoria_specjalna;27112100;27112100 - Gaz ziemny w stanie gazowym [TJ];;TJ;brak_rekordu_w_api;;;;;;7277329;8212898000062;282
2023;2023;;Zimbabwe;ZW;kraj_lub_terytorium;27111100;27111100 - Gaz ziemny skroplony [TJ];;TJ;brak_rekordu_w_api;;;;;;6649712;8212945000062;282
2023;2023;;Zimbabwe;ZW;kraj_lub_terytorium;27112100;27112100 - Gaz ziemny w stanie gazowym [TJ];;TJ;brak_rekordu_w_api;;;;;;6649712;8212898000062;282
2023;2023;;Zjednoczone Emiraty Arabskie;AE;kraj_lub_terytorium;27111100;27111100 - Gaz ziemny skroplony [TJ];;TJ;brak_rekordu_w_api;;;;;;6649823;8212945000062;282
2023;2023;;Zjednoczone Emiraty Arabskie;AE;kraj_lub_terytorium;27112100;27112100 - Gaz ziemny w stanie gazowym [TJ];;TJ;brak_rekordu_w_api;;;;;;6649823;8212898000062;282
2023;2023;;Łotwa;LV;kraj_lub_terytorium;27111100;27111100 - Gaz ziemny skroplony [TJ];7,0;TJ;wartosc_opublikowana;Dane ostateczne;Dane jawne;Nie dotyczy;;1;6649902;8212945000062;282
2023;2023;;Łotwa;LV;kraj_lub_terytorium;27112100;27112100 - Gaz ziemny w stanie gazowym [TJ];36,0;TJ;wartosc_opublikowana;Dane ostateczne;Dane jawne;Nie dotyczy;;1;6649902;8212898000062;282
2024;2024;;Afganistan;AF;kraj_lub_terytorium;27111100;27111100 - Gaz ziemny skroplony [TJ];;TJ;brak_rekordu_w_api;;;;;;6649873;8212945000062;282
2024;2024;;Afganistan;AF;kraj_lub_terytorium;27112100;27112100 - Gaz ziemny w stanie gazowym [TJ];;TJ;brak_rekordu_w_api;;;;;;6649873;8212898000062;282
2024;2024;;Albania;AL;kraj_lub_terytorium;27111100;27111100 - Gaz ziemny skroplony [TJ];;TJ;brak_rekordu_w_api;;;;;;6649925;8212945000062;282
2024;2024;;Albania;AL;kraj_lub_terytorium;27112100;27112100 - Gaz ziemny w stanie gazowym [TJ];;TJ;brak_rekordu_w_api;;;;;;6649925;8212898000062;282
2024;2024;;Algieria;DZ;kraj_lub_terytorium;27111100;27111100 - Gaz ziemny skroplony [TJ];;TJ;brak_rekordu_w_api;;;;;;6649763;8212945000062;282
2024;2024;;Algieria;DZ;kraj_lub_terytorium;27112100;27112100 - Gaz ziemny w stanie gazowym [TJ];;TJ;brak_rekordu_w_api;;;;;;6649763;8212898000062;282
2024;2024;;Andora;AD;kraj_lub_terytorium;27111100;27111100 - Gaz ziemny skroplony [TJ];;TJ;brak_rekordu_w_api;;;;;;6649924;8212945000062;282
2024;2024;;Andora;AD;kraj_lub_terytorium;27112100;27112100 - Gaz ziemny w stanie gazowym [TJ];;TJ;brak_rekordu_w_api;;;;;;6649924;8212898000062;282
2024;2024;;Angola;AO;kraj_lub_terytorium;27111100;27111100 - Gaz ziemny skroplony [TJ];;TJ;brak_rekordu_w_api;;;;;;6649760;8212945000062;282
2024;2024;;Angola;AO;kraj_lub_terytorium;27112100;27112100 - Gaz ziemny w stanie gazowym [TJ];;TJ;brak_rekordu_w_api;;;;;;6649760;8212898000062;282
2024;2024;;Anguilla;AI;kraj_lub_terytorium;27111100;27111100 - Gaz ziemny skroplony [TJ];;TJ;brak_rekordu_w_api;;;;;;6649790;8212945000062;282
2024;2024;;Anguilla;AI;kraj_lub_terytorium;27112100;27112100 - Gaz ziemny w stanie gazowym [TJ];;TJ;brak_rekordu_w_api;;;;;;6649790;8212898000062;282
2024;2024;;Antarktyda;AQ;kraj_lub_terytorium;27111100;27111100 - Gaz ziemny skroplony [TJ];;TJ;brak_rekordu_w_api;;;;;;6649670;8212945000062;282
2024;2024;;Antarktyda;AQ;kraj_lub_terytorium;27112100;27112100 - Gaz ziemny w stanie gazowym [TJ];;TJ;brak_rekordu_w_api;;;;;;6649670;8212898000062;282
2024;2024;;Antigua i Barbuda;AG;kraj_lub_terytorium;27111100;27111100 - Gaz ziemny skroplony [TJ];;TJ;brak_rekordu_w_api;;;;;;6649818;8212945000062;282
2024;2024;;Antigua i Barbuda;AG;kraj_lub_terytorium;27112100;27112100 - Gaz ziemny w stanie gazowym [TJ];;TJ;brak_rekordu_w_api;;;;;;6649818;8212898000062;282
2024;2024;;Arabia Saudyjska;SA;kraj_lub_terytorium;27111100;27111100 - Gaz ziemny skroplony [TJ];;TJ;brak_rekordu_w_api;;;;;;6649830;8212945000062;282
2024;2024;;Arabia Saudyjska;SA;kraj_lub_terytorium;27112100;27112100 - Gaz ziemny w stanie gazowym [TJ];;TJ;brak_rekordu_w_api;;;;;;6649830;8212898000062;282
2024;2024;;Argentyna;AR;kraj_lub_terytorium;27111100;27111100 - Gaz ziemny skroplony [TJ];;TJ;brak_rekordu_w_api;;;;;;6649781;8212945000062;282
2024;2024;;Argentyna;AR;kraj_lub_terytorium;27112100;27112100 - Gaz ziemny w stanie gazowym [TJ];;TJ;brak_rekordu_w_api;;;;;;6649781;8212898000062;282
2024;2024;;Armenia;AM;kraj_lub_terytorium;27111100;27111100 - Gaz ziemny skroplony [TJ];;TJ;brak_rekordu_w_api;;;;;;6649869;8212945000062;282
2024;2024;;Armenia;AM;kraj_lub_terytorium;27112100;27112100 - Gaz ziemny w stanie gazowym [TJ];;TJ;brak_rekordu_w_api;;;;;;6649869;8212898000062;282
2024;2024;;Aruba;AW;kraj_lub_terytorium;27111100;27111100 - Gaz ziemny skroplony [TJ];;TJ;brak_rekordu_w_api;;;;;;6649770;8212945000062;282
2024;2024;;Aruba;AW;kraj_lub_terytorium;27112100;27112100 - Gaz ziemny w stanie gazowym [TJ];;TJ;brak_rekordu_w_api;;;;;;6649770;8212898000062;282
2024;2024;;Australia;AU;kraj_lub_terytorium;27111100;27111100 - Gaz ziemny skroplony [TJ];;TJ;brak_rekordu_w_api;;;;;;6649699;8212945000062;282
2024;2024;;Australia;AU;kraj_lub_terytorium;27112100;27112100 - Gaz ziemny w stanie gazowym [TJ];;TJ;brak_rekordu_w_api;;;;;;6649699;8212898000062;282
2024;2024;;Austria;AT;kraj_lub_terytorium;27111100;27111100 - Gaz ziemny skroplony [TJ];;TJ;brak_rekordu_w_api;;;;;;6649923;8212945000062;282
2024;2024;;Austria;AT;kraj_lub_terytorium;27112100;27112100 - Gaz ziemny w stanie gazowym [TJ];;TJ;brak_rekordu_w_api;;;;;;6649923;8212898000062;282
2024;2024;;Azerbejdżan;AZ;kraj_lub_terytorium;27111100;27111100 - Gaz ziemny skroplony [TJ];;TJ;brak_rekordu_w_api;;;;;;6649872;8212945000062;282
2024;2024;;Azerbejdżan;AZ;kraj_lub_terytorium;27112100;27112100 - Gaz ziemny w stanie gazowym [TJ];;TJ;brak_rekordu_w_api;;;;;;6649872;8212898000062;282
2024;2024;;Bahamy;BS;kraj_lub_terytorium;27111100;27111100 - Gaz ziemny skroplony [TJ];;TJ;brak_rekordu_w_api;;;;;;7473138;8212945000062;282
2024;2024;;Bahamy;BS;kraj_lub_terytorium;27112100;27112100 - Gaz ziemny w stanie gazowym [TJ];;TJ;brak_rekordu_w_api;;;;;;7473138;8212898000062;282
2024;2024;;Bahrajn;BH;kraj_lub_terytorium;27111100;27111100 - Gaz ziemny skroplony [TJ];;TJ;brak_rekordu_w_api;;;;;;6649871;8212945000062;282
2024;2024;;Bahrajn;BH;kraj_lub_terytorium;27112100;27112100 - Gaz ziemny w stanie gazowym [TJ];;TJ;brak_rekordu_w_api;;;;;;6649871;8212898000062;282
2024;2024;;Bangladesz;BD;kraj_lub_terytorium;27111100;27111100 - Gaz ziemny skroplony [TJ];;TJ;brak_rekordu_w_api;;;;;;6649870;8212945000062;282
2024;2024;;Bangladesz;BD;kraj_lub_terytorium;27112100;27112100 - Gaz ziemny w stanie gazowym [TJ];;TJ;brak_rekordu_w_api;;;;;;6649870;8212898000062;282
2024;2024;;Barbados;BB;kraj_lub_terytorium;27111100;27111100 - Gaz ziemny skroplony [TJ];;TJ;brak_rekordu_w_api;;;;;;6649817;8212945000062;282
2024;2024;;Barbados;BB;kraj_lub_terytorium;27112100;27112100 - Gaz ziemny w stanie gazowym [TJ];;TJ;brak_rekordu_w_api;;;;;;6649817;8212898000062;282
2024;2024;;Belgia;BE;kraj_lub_terytorium;27111100;27111100 - Gaz ziemny skroplony [TJ];;TJ;brak_rekordu_w_api;;;;;;6649922;8212945000062;282
2024;2024;;Belgia;BE;kraj_lub_terytorium;27112100;27112100 - Gaz ziemny w stanie gazowym [TJ];;TJ;brak_rekordu_w_api;;;;;;6649922;8212898000062;282
2024;2024;;Belize;BZ;kraj_lub_terytorium;27111100;27111100 - Gaz ziemny skroplony [TJ];;TJ;brak_rekordu_w_api;;;;;;6649815;8212945000062;282
2024;2024;;Belize;BZ;kraj_lub_terytorium;27112100;27112100 - Gaz ziemny w stanie gazowym [TJ];;TJ;brak_rekordu_w_api;;;;;;6649815;8212898000062;282
2024;2024;;Benin;BJ;kraj_lub_terytorium;27111100;27111100 - Gaz ziemny skroplony [TJ];;TJ;brak_rekordu_w_api;;;;;;6649747;8212945000062;282
2024;2024;;Benin;BJ;kraj_lub_terytorium;27112100;27112100 - Gaz ziemny w stanie gazowym [TJ];;TJ;brak_rekordu_w_api;;;;;;6649747;8212898000062;282
2024;2024;;Bermudy;BM;kraj_lub_terytorium;27111100;27111100 - Gaz ziemny skroplony [TJ];;TJ;brak_rekordu_w_api;;;;;;6649816;8212945000062;282
2024;2024;;Bermudy;BM;kraj_lub_terytorium;27112100;27112100 - Gaz ziemny w stanie gazowym [TJ];;TJ;brak_rekordu_w_api;;;;;;6649816;8212898000062;282
2024;2024;;Bhutan;BT;kraj_lub_terytorium;27111100;27111100 - Gaz ziemny skroplony [TJ];;TJ;brak_rekordu_w_api;;;;;;6649868;8212945000062;282
2024;2024;;Bhutan;BT;kraj_lub_terytorium;27112100;27112100 - Gaz ziemny w stanie gazowym [TJ];;TJ;brak_rekordu_w_api;;;;;;6649868;8212898000062;282
2024;2024;;Białoruś;BY;kraj_lub_terytorium;27111100;27111100 - Gaz ziemny skroplony [TJ];;TJ;brak_rekordu_w_api;;;;;;6649919;8212945000062;282
2024;2024;;Białoruś;BY;kraj_lub_terytorium;27112100;27112100 - Gaz ziemny w stanie gazowym [TJ];;TJ;brak_rekordu_w_api;;;;;;6649919;8212898000062;282
2024;2024;;Boliwia;BO;kraj_lub_terytorium;27111100;27111100 - Gaz ziemny skroplony [TJ];;TJ;brak_rekordu_w_api;;;;;;6649780;8212945000062;282
2024;2024;;Boliwia;BO;kraj_lub_terytorium;27112100;27112100 - Gaz ziemny w stanie gazowym [TJ];;TJ;brak_rekordu_w_api;;;;;;6649780;8212898000062;282
2024;2024;;Bonaire, Sint Eustatius i Saba;BQ;kraj_lub_terytorium;27111100;27111100 - Gaz ziemny skroplony [TJ];;TJ;brak_rekordu_w_api;;;;;;6649769;8212945000062;282
2024;2024;;Bonaire, Sint Eustatius i Saba;BQ;kraj_lub_terytorium;27112100;27112100 - Gaz ziemny w stanie gazowym [TJ];;TJ;brak_rekordu_w_api;;;;;;6649769;8212898000062;282
2024;2024;;Botswana;BW;kraj_lub_terytorium;27111100;27111100 - Gaz ziemny skroplony [TJ];;TJ;brak_rekordu_w_api;;;;;;6649759;8212945000062;282
2024;2024;;Botswana;BW;kraj_lub_terytorium;27112100;27112100 - Gaz ziemny w stanie gazowym [TJ];;TJ;brak_rekordu_w_api;;;;;;6649759;8212898000062;282
2024;2024;;Bośnia i Hercegowina;BA;kraj_lub_terytorium;27111100;27111100 - Gaz ziemny skroplony [TJ];;TJ;brak_rekordu_w_api;;;;;;6649921;8212945000062;282
2024;2024;;Bośnia i Hercegowina;BA;kraj_lub_terytorium;27112100;27112100 - Gaz ziemny w stanie gazowym [TJ];;TJ;brak_rekordu_w_api;;;;;;6649921;8212898000062;282
2024;2024;;Brazylia;BR;kraj_lub_terytorium;27111100;27111100 - Gaz ziemny skroplony [TJ];;TJ;brak_rekordu_w_api;;;;;;6649779;8212945000062;282
2024;2024;;Brazylia;BR;kraj_lub_terytorium;27112100;27112100 - Gaz ziemny w stanie gazowym [TJ];;TJ;brak_rekordu_w_api;;;;;;6649779;8212898000062;282
2024;2024;;Brunei;BN;kraj_lub_terytorium;27111100;27111100 - Gaz ziemny skroplony [TJ];;TJ;brak_rekordu_w_api;;;;;;6649866;8212945000062;282
2024;2024;;Brunei;BN;kraj_lub_terytorium;27112100;27112100 - Gaz ziemny w stanie gazowym [TJ];;TJ;brak_rekordu_w_api;;;;;;6649866;8212898000062;282
2024;2024;;Brytyjskie Terytorium Oceanu Indyjskiego;IO;kraj_lub_terytorium;27111100;27111100 - Gaz ziemny skroplony [TJ];;TJ;brak_rekordu_w_api;;;;;;6649867;8212945000062;282
2024;2024;;Brytyjskie Terytorium Oceanu Indyjskiego;IO;kraj_lub_terytorium;27112100;27112100 - Gaz ziemny w stanie gazowym [TJ];;TJ;brak_rekordu_w_api;;;;;;6649867;8212898000062;282
2024;2024;;Brytyjskie Wyspy Dziewicze;VG;kraj_lub_terytorium;27111100;27111100 - Gaz ziemny skroplony [TJ];;TJ;brak_rekordu_w_api;;;;;;6649814;8212945000062;282
2024;2024;;Brytyjskie Wyspy Dziewicze;VG;kraj_lub_terytorium;27112100;27112100 - Gaz ziemny w stanie gazowym [TJ];;TJ;brak_rekordu_w_api;;;;;;6649814;8212898000062;282
2024;2024;;Burkina Faso;BF;kraj_lub_terytorium;27111100;27111100 - Gaz ziemny skroplony [TJ];;TJ;brak_rekordu_w_api;;;;;;6649702;8212945000062;282
2024;2024;;Burkina Faso;BF;kraj_lub_terytorium;27112100;27112100 - Gaz ziemny w stanie gazowym [TJ];;TJ;brak_rekordu_w_api;;;;;;6649702;8212898000062;282
2024;2024;;Burundi;BI;kraj_lub_terytorium;27111100;27111100 - Gaz ziemny skroplony [TJ];;TJ;brak_rekordu_w_api;;;;;;6649757;8212945000062;282
2024;2024;;Burundi;BI;kraj_lub_terytorium;27112100;27112100 - Gaz ziemny w stanie gazowym [TJ];;TJ;brak_rekordu_w_api;;;;;;6649757;8212898000062;282
2024;2024;;Bułgaria;BG;kraj_lub_terytorium;27111100;27111100 - Gaz ziemny skroplony [TJ];;TJ;brak_rekordu_w_api;;;;;;6649920;8212945000062;282
2024;2024;;Bułgaria;BG;kraj_lub_terytorium;27112100;27112100 - Gaz ziemny w stanie gazowym [TJ];;TJ;brak_rekordu_w_api;;;;;;6649920;8212898000062;282
2024;2024;;Ceuta;XC;kraj_lub_terytorium;27111100;27111100 - Gaz ziemny skroplony [TJ];;TJ;brak_rekordu_w_api;;;;;;6649762;8212945000062;282
2024;2024;;Ceuta;XC;kraj_lub_terytorium;27112100;27112100 - Gaz ziemny w stanie gazowym [TJ];;TJ;brak_rekordu_w_api;;;;;;6649762;8212898000062;282
2024;2024;;Chile;CL;kraj_lub_terytorium;27111100;27111100 - Gaz ziemny skroplony [TJ];;TJ;brak_rekordu_w_api;;;;;;6649778;8212945000062;282
2024;2024;;Chile;CL;kraj_lub_terytorium;27112100;27112100 - Gaz ziemny w stanie gazowym [TJ];;TJ;brak_rekordu_w_api;;;;;;6649778;8212898000062;282
2024;2024;;Chiny;CN;kraj_lub_terytorium;27111100;27111100 - Gaz ziemny skroplony [TJ];;TJ;brak_rekordu_w_api;;;;;;6649862;8212945000062;282
2024;2024;;Chiny;CN;kraj_lub_terytorium;27112100;27112100 - Gaz ziemny w stanie gazowym [TJ];;TJ;brak_rekordu_w_api;;;;;;6649862;8212898000062;282
2024;2024;;Chorwacja;HR;kraj_lub_terytorium;27111100;27111100 - Gaz ziemny skroplony [TJ];;TJ;brak_rekordu_w_api;;;;;;6649918;8212945000062;282
2024;2024;;Chorwacja;HR;kraj_lub_terytorium;27112100;27112100 - Gaz ziemny w stanie gazowym [TJ];;TJ;brak_rekordu_w_api;;;;;;6649918;8212898000062;282
2024;2024;;Curaçao;CW;kraj_lub_terytorium;27111100;27111100 - Gaz ziemny skroplony [TJ];;TJ;brak_rekordu_w_api;;;;;;7463815;8212945000062;282
2024;2024;;Curaçao;CW;kraj_lub_terytorium;27112100;27112100 - Gaz ziemny w stanie gazowym [TJ];;TJ;brak_rekordu_w_api;;;;;;7463815;8212898000062;282
2024;2024;;Cypr;CY;kraj_lub_terytorium;27111100;27111100 - Gaz ziemny skroplony [TJ];;TJ;brak_rekordu_w_api;;;;;;6649917;8212945000062;282
2024;2024;;Cypr;CY;kraj_lub_terytorium;27112100;27112100 - Gaz ziemny w stanie gazowym [TJ];;TJ;brak_rekordu_w_api;;;;;;6649917;8212898000062;282
2024;2024;;Czad;TD;kraj_lub_terytorium;27111100;27111100 - Gaz ziemny skroplony [TJ];;TJ;brak_rekordu_w_api;;;;;;6649753;8212945000062;282
2024;2024;;Czad;TD;kraj_lub_terytorium;27112100;27112100 - Gaz ziemny w stanie gazowym [TJ];;TJ;brak_rekordu_w_api;;;;;;6649753;8212898000062;282
2024;2024;;Czarnogóra;ME;kraj_lub_terytorium;27111100;27111100 - Gaz ziemny skroplony [TJ];;TJ;brak_rekordu_w_api;;;;;;6649895;8212945000062;282
2024;2024;;Czarnogóra;ME;kraj_lub_terytorium;27112100;27112100 - Gaz ziemny w stanie gazowym [TJ];;TJ;brak_rekordu_w_api;;;;;;6649895;8212898000062;282
2024;2024;;Czechy;CZ;kraj_lub_terytorium;27111100;27111100 - Gaz ziemny skroplony [TJ];155,0;TJ;wartosc_opublikowana;Dane ostateczne;Dane jawne;Nie dotyczy;;1;7439975;8212945000062;282
2024;2024;;Czechy;CZ;kraj_lub_terytorium;27112100;27112100 - Gaz ziemny w stanie gazowym [TJ];;TJ;brak_rekordu_w_api;;;;;;7439975;8212898000062;282
2024;2024;;Dania;DK;kraj_lub_terytorium;27111100;27111100 - Gaz ziemny skroplony [TJ];;TJ;brak_rekordu_w_api;;;;;;6649916;8212945000062;282
2024;2024;;Dania;DK;kraj_lub_terytorium;27112100;27112100 - Gaz ziemny w stanie gazowym [TJ];;TJ;brak_rekordu_w_api;;;;;;6649916;8212898000062;282
2024;2024;;Demokratyczna Republika Konga;CD;kraj_lub_terytorium;27111100;27111100 - Gaz ziemny skroplony [TJ];;TJ;brak_rekordu_w_api;;;;;;6649750;8212945000062;282
2024;2024;;Demokratyczna Republika Konga;CD;kraj_lub_terytorium;27112100;27112100 - Gaz ziemny w stanie gazowym [TJ];;TJ;brak_rekordu_w_api;;;;;;6649750;8212898000062;282
2024;2024;;Dominika;DM;kraj_lub_terytorium;27111100;27111100 - Gaz ziemny skroplony [TJ];;TJ;brak_rekordu_w_api;;;;;;6649809;8212945000062;282
2024;2024;;Dominika;DM;kraj_lub_terytorium;27112100;27112100 - Gaz ziemny w stanie gazowym [TJ];;TJ;brak_rekordu_w_api;;;;;;6649809;8212898000062;282
2024;2024;;Dominikana;DO;kraj_lub_terytorium;27111100;27111100 - Gaz ziemny skroplony [TJ];;TJ;brak_rekordu_w_api;;;;;;6649941;8212945000062;282
2024;2024;;Dominikana;DO;kraj_lub_terytorium;27112100;27112100 - Gaz ziemny w stanie gazowym [TJ];;TJ;brak_rekordu_w_api;;;;;;6649941;8212898000062;282
2024;2024;;Dżibuti;DJ;kraj_lub_terytorium;27111100;27111100 - Gaz ziemny skroplony [TJ];;TJ;brak_rekordu_w_api;;;;;;6649743;8212945000062;282
2024;2024;;Dżibuti;DJ;kraj_lub_terytorium;27112100;27112100 - Gaz ziemny w stanie gazowym [TJ];;TJ;brak_rekordu_w_api;;;;;;6649743;8212898000062;282
2024;2024;;Egipt;EG;kraj_lub_terytorium;27111100;27111100 - Gaz ziemny skroplony [TJ];;TJ;brak_rekordu_w_api;;;;;;6649704;8212945000062;282
2024;2024;;Egipt;EG;kraj_lub_terytorium;27112100;27112100 - Gaz ziemny w stanie gazowym [TJ];;TJ;brak_rekordu_w_api;;;;;;6649704;8212898000062;282
2024;2024;;Ekwador;EC;kraj_lub_terytorium;27111100;27111100 - Gaz ziemny skroplony [TJ];;TJ;brak_rekordu_w_api;;;;;;6649776;8212945000062;282
2024;2024;;Ekwador;EC;kraj_lub_terytorium;27112100;27112100 - Gaz ziemny w stanie gazowym [TJ];;TJ;brak_rekordu_w_api;;;;;;6649776;8212898000062;282
2024;2024;;Erytrea;ER;kraj_lub_terytorium;27111100;27111100 - Gaz ziemny skroplony [TJ];;TJ;brak_rekordu_w_api;;;;;;6649744;8212945000062;282
2024;2024;;Erytrea;ER;kraj_lub_terytorium;27112100;27112100 - Gaz ziemny w stanie gazowym [TJ];;TJ;brak_rekordu_w_api;;;;;;6649744;8212898000062;282
2024;2024;;Estonia;EE;kraj_lub_terytorium;27111100;27111100 - Gaz ziemny skroplony [TJ];;TJ;brak_rekordu_w_api;;;;;;6649915;8212945000062;282
2024;2024;;Estonia;EE;kraj_lub_terytorium;27112100;27112100 - Gaz ziemny w stanie gazowym [TJ];;TJ;brak_rekordu_w_api;;;;;;6649915;8212898000062;282
2024;2024;;Eswatini;SZ;kraj_lub_terytorium;27111100;27111100 - Gaz ziemny skroplony [TJ];;TJ;brak_rekordu_w_api;;;;;;7437348;8212945000062;282
2024;2024;;Eswatini;SZ;kraj_lub_terytorium;27112100;27112100 - Gaz ziemny w stanie gazowym [TJ];;TJ;brak_rekordu_w_api;;;;;;7437348;8212898000062;282
2024;2024;;Etiopia;ET;kraj_lub_terytorium;27111100;27111100 - Gaz ziemny skroplony [TJ];;TJ;brak_rekordu_w_api;;;;;;6649745;8212945000062;282
2024;2024;;Etiopia;ET;kraj_lub_terytorium;27112100;27112100 - Gaz ziemny w stanie gazowym [TJ];;TJ;brak_rekordu_w_api;;;;;;6649745;8212898000062;282
2024;2024;;Falklandy;FK;kraj_lub_terytorium;27111100;27111100 - Gaz ziemny skroplony [TJ];;TJ;brak_rekordu_w_api;;;;;;6649775;8212945000062;282
2024;2024;;Falklandy;FK;kraj_lub_terytorium;27112100;27112100 - Gaz ziemny w stanie gazowym [TJ];;TJ;brak_rekordu_w_api;;;;;;6649775;8212898000062;282
2024;2024;;Fidżi;FJ;kraj_lub_terytorium;27111100;27111100 - Gaz ziemny skroplony [TJ];;TJ;brak_rekordu_w_api;;;;;;6649696;8212945000062;282
2024;2024;;Fidżi;FJ;kraj_lub_terytorium;27112100;27112100 - Gaz ziemny w stanie gazowym [TJ];;TJ;brak_rekordu_w_api;;;;;;6649696;8212898000062;282
2024;2024;;Filipiny;PH;kraj_lub_terytorium;27111100;27111100 - Gaz ziemny skroplony [TJ];;TJ;brak_rekordu_w_api;;;;;;6649833;8212945000062;282
2024;2024;;Filipiny;PH;kraj_lub_terytorium;27112100;27112100 - Gaz ziemny w stanie gazowym [TJ];;TJ;brak_rekordu_w_api;;;;;;6649833;8212898000062;282
2024;2024;;Finlandia;FI;kraj_lub_terytorium;27111100;27111100 - Gaz ziemny skroplony [TJ];;TJ;brak_rekordu_w_api;;;;;;6649913;8212945000062;282
2024;2024;;Finlandia;FI;kraj_lub_terytorium;27112100;27112100 - Gaz ziemny w stanie gazowym [TJ];;TJ;brak_rekordu_w_api;;;;;;6649913;8212898000062;282
2024;2024;;Francja;FR;kraj_lub_terytorium;27111100;27111100 - Gaz ziemny skroplony [TJ];;TJ;brak_rekordu_w_api;;;;;;6649911;8212945000062;282
2024;2024;;Francja;FR;kraj_lub_terytorium;27112100;27112100 - Gaz ziemny w stanie gazowym [TJ];;TJ;brak_rekordu_w_api;;;;;;6649911;8212898000062;282
2024;2024;;Francuskie Terytoria Południowe;TF;kraj_lub_terytorium;27111100;27111100 - Gaz ziemny skroplony [TJ];;TJ;brak_rekordu_w_api;;;;;;7548413;8212945000062;282
2024;2024;;Francuskie Terytoria Południowe;TF;kraj_lub_terytorium;27112100;27112100 - Gaz ziemny w stanie gazowym [TJ];;TJ;brak_rekordu_w_api;;;;;;7548413;8212898000062;282
2024;2024;;Gabon;GA;kraj_lub_terytorium;27111100;27111100 - Gaz ziemny skroplony [TJ];;TJ;brak_rekordu_w_api;;;;;;6649742;8212945000062;282
2024;2024;;Gabon;GA;kraj_lub_terytorium;27112100;27112100 - Gaz ziemny w stanie gazowym [TJ];;TJ;brak_rekordu_w_api;;;;;;6649742;8212898000062;282
2024;2024;;Gambia;GM;kraj_lub_terytorium;27111100;27111100 - Gaz ziemny skroplony [TJ];;TJ;brak_rekordu_w_api;;;;;;7475101;8212945000062;282
2024;2024;;Gambia;GM;kraj_lub_terytorium;27112100;27112100 - Gaz ziemny w stanie gazowym [TJ];;TJ;brak_rekordu_w_api;;;;;;7475101;8212898000062;282
2024;2024;;Georgia Południowa i Sandwich Południowy;GS;kraj_lub_terytorium;27111100;27111100 - Gaz ziemny skroplony [TJ];;TJ;brak_rekordu_w_api;;;;;;6649774;8212945000062;282
2024;2024;;Georgia Południowa i Sandwich Południowy;GS;kraj_lub_terytorium;27112100;27112100 - Gaz ziemny w stanie gazowym [TJ];;TJ;brak_rekordu_w_api;;;;;;6649774;8212898000062;282
2024;2024;;Ghana;GH;kraj_lub_terytorium;27111100;27111100 - Gaz ziemny skroplony [TJ];;TJ;brak_rekordu_w_api;;;;;;6649740;8212945000062;282
2024;2024;;Ghana;GH;kraj_lub_terytorium;27112100;27112100 - Gaz ziemny w stanie gazowym [TJ];;TJ;brak_rekordu_w_api;;;;;;6649740;8212898000062;282
2024;2024;;Gibraltar;GI;kraj_lub_terytorium;27111100;27111100 - Gaz ziemny skroplony [TJ];;TJ;brak_rekordu_w_api;;;;;;6649909;8212945000062;282
2024;2024;;Gibraltar;GI;kraj_lub_terytorium;27112100;27112100 - Gaz ziemny w stanie gazowym [TJ];;TJ;brak_rekordu_w_api;;;;;;6649909;8212898000062;282
2024;2024;;Grecja;GR;kraj_lub_terytorium;27111100;27111100 - Gaz ziemny skroplony [TJ];;TJ;brak_rekordu_w_api;;;;;;6649908;8212945000062;282
2024;2024;;Grecja;GR;kraj_lub_terytorium;27112100;27112100 - Gaz ziemny w stanie gazowym [TJ];;TJ;brak_rekordu_w_api;;;;;;6649908;8212898000062;282
2024;2024;;Grenada;GD;kraj_lub_terytorium;27111100;27111100 - Gaz ziemny skroplony [TJ];;TJ;brak_rekordu_w_api;;;;;;6649806;8212945000062;282
2024;2024;;Grenada;GD;kraj_lub_terytorium;27112100;27112100 - Gaz ziemny w stanie gazowym [TJ];;TJ;brak_rekordu_w_api;;;;;;6649806;8212898000062;282
2024;2024;;Grenlandia;GL;kraj_lub_terytorium;27111100;27111100 - Gaz ziemny skroplony [TJ];;TJ;brak_rekordu_w_api;;;;;;6649807;8212945000062;282
2024;2024;;Grenlandia;GL;kraj_lub_terytorium;27112100;27112100 - Gaz ziemny w stanie gazowym [TJ];;TJ;brak_rekordu_w_api;;;;;;6649807;8212898000062;282
2024;2024;;Gruzja;GE;kraj_lub_terytorium;27111100;27111100 - Gaz ziemny skroplony [TJ];;TJ;brak_rekordu_w_api;;;;;;6649858;8212945000062;282
2024;2024;;Gruzja;GE;kraj_lub_terytorium;27112100;27112100 - Gaz ziemny w stanie gazowym [TJ];;TJ;brak_rekordu_w_api;;;;;;6649858;8212898000062;282
2024;2024;;Guam;GU;kraj_lub_terytorium;27111100;27111100 - Gaz ziemny skroplony [TJ];;TJ;brak_rekordu_w_api;;;;;;6649692;8212945000062;282
2024;2024;;Guam;GU;kraj_lub_terytorium;27112100;27112100 - Gaz ziemny w stanie gazowym [TJ];;TJ;brak_rekordu_w_api;;;;;;6649692;8212898000062;282
2024;2024;;Gujana;GY;kraj_lub_terytorium;27111100;27111100 - Gaz ziemny skroplony [TJ];;TJ;brak_rekordu_w_api;;;;;;6649772;8212945000062;282
2024;2024;;Gujana;GY;kraj_lub_terytorium;27112100;27112100 - Gaz ziemny w stanie gazowym [TJ];;TJ;brak_rekordu_w_api;;;;;;6649772;8212898000062;282
2024;2024;;Gwatemala;GT;kraj_lub_terytorium;27111100;27111100 - Gaz ziemny skroplony [TJ];;TJ;brak_rekordu_w_api;;;;;;6649804;8212945000062;282
2024;2024;;Gwatemala;GT;kraj_lub_terytorium;27112100;27112100 - Gaz ziemny w stanie gazowym [TJ];;TJ;brak_rekordu_w_api;;;;;;6649804;8212898000062;282
2024;2024;;Gwinea;GN;kraj_lub_terytorium;27111100;27111100 - Gaz ziemny skroplony [TJ];;TJ;brak_rekordu_w_api;;;;;;6649739;8212945000062;282
2024;2024;;Gwinea;GN;kraj_lub_terytorium;27112100;27112100 - Gaz ziemny w stanie gazowym [TJ];;TJ;brak_rekordu_w_api;;;;;;6649739;8212898000062;282
2024;2024;;Gwinea Bissau;GW;kraj_lub_terytorium;27111100;27111100 - Gaz ziemny skroplony [TJ];;TJ;brak_rekordu_w_api;;;;;;6649723;8212945000062;282
2024;2024;;Gwinea Bissau;GW;kraj_lub_terytorium;27112100;27112100 - Gaz ziemny w stanie gazowym [TJ];;TJ;brak_rekordu_w_api;;;;;;6649723;8212898000062;282
2024;2024;;Gwinea Równikowa;GQ;kraj_lub_terytorium;27111100;27111100 - Gaz ziemny skroplony [TJ];;TJ;brak_rekordu_w_api;;;;;;6649746;8212945000062;282
2024;2024;;Gwinea Równikowa;GQ;kraj_lub_terytorium;27112100;27112100 - Gaz ziemny w stanie gazowym [TJ];;TJ;brak_rekordu_w_api;;;;;;6649746;8212898000062;282
2024;2024;;Haiti;HT;kraj_lub_terytorium;27111100;27111100 - Gaz ziemny skroplony [TJ];;TJ;brak_rekordu_w_api;;;;;;6649803;8212945000062;282
2024;2024;;Haiti;HT;kraj_lub_terytorium;27112100;27112100 - Gaz ziemny w stanie gazowym [TJ];;TJ;brak_rekordu_w_api;;;;;;6649803;8212898000062;282
2024;2024;;Hiszpania;ES;kraj_lub_terytorium;27111100;27111100 - Gaz ziemny skroplony [TJ];;TJ;brak_rekordu_w_api;;;;;;6649884;8212945000062;282
2024;2024;;Hiszpania;ES;kraj_lub_terytorium;27112100;27112100 - Gaz ziemny w stanie gazowym [TJ];;TJ;brak_rekordu_w_api;;;;;;6649884;8212898000062;282
2024;2024;;Holandia;NL;kraj_lub_terytorium;27111100;27111100 - Gaz ziemny skroplony [TJ];;TJ;brak_rekordu_w_api;;;;;;6649894;8212945000062;282
2024;2024;;Holandia;NL;kraj_lub_terytorium;27112100;27112100 - Gaz ziemny w stanie gazowym [TJ];;TJ;brak_rekordu_w_api;;;;;;6649894;8212898000062;282
2024;2024;;Honduras;HN;kraj_lub_terytorium;27111100;27111100 - Gaz ziemny skroplony [TJ];;TJ;brak_rekordu_w_api;;;;;;6649802;8212945000062;282
2024;2024;;Honduras;HN;kraj_lub_terytorium;27112100;27112100 - Gaz ziemny w stanie gazowym [TJ];;TJ;brak_rekordu_w_api;;;;;;6649802;8212898000062;282
2024;2024;;Hongkong;HK;kraj_lub_terytorium;27111100;27111100 - Gaz ziemny skroplony [TJ];;TJ;brak_rekordu_w_api;;;;;;7475865;8212945000062;282
2024;2024;;Hongkong;HK;kraj_lub_terytorium;27112100;27112100 - Gaz ziemny w stanie gazowym [TJ];;TJ;brak_rekordu_w_api;;;;;;7475865;8212898000062;282
2024;2024;;Indie;IN;kraj_lub_terytorium;27111100;27111100 - Gaz ziemny skroplony [TJ];;TJ;brak_rekordu_w_api;;;;;;6649855;8212945000062;282
2024;2024;;Indie;IN;kraj_lub_terytorium;27112100;27112100 - Gaz ziemny w stanie gazowym [TJ];;TJ;brak_rekordu_w_api;;;;;;6649855;8212898000062;282
2024;2024;;Indonezja;ID;kraj_lub_terytorium;27111100;27111100 - Gaz ziemny skroplony [TJ];;TJ;brak_rekordu_w_api;;;;;;6649854;8212945000062;282
2024;2024;;Indonezja;ID;kraj_lub_terytorium;27112100;27112100 - Gaz ziemny w stanie gazowym [TJ];;TJ;brak_rekordu_w_api;;;;;;6649854;8212898000062;282
2024;2024;;Irak;IQ;kraj_lub_terytorium;27111100;27111100 - Gaz ziemny skroplony [TJ];;TJ;brak_rekordu_w_api;;;;;;6649852;8212945000062;282
2024;2024;;Irak;IQ;kraj_lub_terytorium;27112100;27112100 - Gaz ziemny w stanie gazowym [TJ];;TJ;brak_rekordu_w_api;;;;;;6649852;8212898000062;282
2024;2024;;Iran;IR;kraj_lub_terytorium;27111100;27111100 - Gaz ziemny skroplony [TJ];;TJ;brak_rekordu_w_api;;;;;;6649853;8212945000062;282
2024;2024;;Iran;IR;kraj_lub_terytorium;27112100;27112100 - Gaz ziemny w stanie gazowym [TJ];;TJ;brak_rekordu_w_api;;;;;;6649853;8212898000062;282
2024;2024;;Irlandia;IE;kraj_lub_terytorium;27111100;27111100 - Gaz ziemny skroplony [TJ];;TJ;brak_rekordu_w_api;;;;;;6649904;8212945000062;282
2024;2024;;Irlandia;IE;kraj_lub_terytorium;27112100;27112100 - Gaz ziemny w stanie gazowym [TJ];;TJ;brak_rekordu_w_api;;;;;;6649904;8212898000062;282
2024;2024;;Islandia;IS;kraj_lub_terytorium;27111100;27111100 - Gaz ziemny skroplony [TJ];;TJ;brak_rekordu_w_api;;;;;;6649905;8212945000062;282
2024;2024;;Islandia;IS;kraj_lub_terytorium;27112100;27112100 - Gaz ziemny w stanie gazowym [TJ];;TJ;brak_rekordu_w_api;;;;;;6649905;8212898000062;282
2024;2024;;Izrael;IL;kraj_lub_terytorium;27111100;27111100 - Gaz ziemny skroplony [TJ];;TJ;brak_rekordu_w_api;;;;;;6649851;8212945000062;282
2024;2024;;Izrael;IL;kraj_lub_terytorium;27112100;27112100 - Gaz ziemny w stanie gazowym [TJ];;TJ;brak_rekordu_w_api;;;;;;6649851;8212898000062;282
2024;2024;;Jamajka;JM;kraj_lub_terytorium;27111100;27111100 - Gaz ziemny skroplony [TJ];;TJ;brak_rekordu_w_api;;;;;;6649801;8212945000062;282
2024;2024;;Jamajka;JM;kraj_lub_terytorium;27112100;27112100 - Gaz ziemny w stanie gazowym [TJ];;TJ;brak_rekordu_w_api;;;;;;6649801;8212898000062;282
2024;2024;;Japonia;JP;kraj_lub_terytorium;27111100;27111100 - Gaz ziemny skroplony [TJ];;TJ;brak_rekordu_w_api;;;;;;6649850;8212945000062;282
2024;2024;;Japonia;JP;kraj_lub_terytorium;27112100;27112100 - Gaz ziemny w stanie gazowym [TJ];;TJ;brak_rekordu_w_api;;;;;;6649850;8212898000062;282
2024;2024;;Jemen;YE;kraj_lub_terytorium;27111100;27111100 - Gaz ziemny skroplony [TJ];;TJ;brak_rekordu_w_api;;;;;;6649819;8212945000062;282
2024;2024;;Jemen;YE;kraj_lub_terytorium;27112100;27112100 - Gaz ziemny w stanie gazowym [TJ];;TJ;brak_rekordu_w_api;;;;;;6649819;8212898000062;282
2024;2024;;Jordania;JO;kraj_lub_terytorium;27111100;27111100 - Gaz ziemny skroplony [TJ];;TJ;brak_rekordu_w_api;;;;;;6649848;8212945000062;282
2024;2024;;Jordania;JO;kraj_lub_terytorium;27112100;27112100 - Gaz ziemny w stanie gazowym [TJ];;TJ;brak_rekordu_w_api;;;;;;6649848;8212898000062;282
2024;2024;;Kajmany;KY;kraj_lub_terytorium;27111100;27111100 - Gaz ziemny skroplony [TJ];;TJ;brak_rekordu_w_api;;;;;;6649812;8212945000062;282
2024;2024;;Kajmany;KY;kraj_lub_terytorium;27112100;27112100 - Gaz ziemny w stanie gazowym [TJ];;TJ;brak_rekordu_w_api;;;;;;6649812;8212898000062;282
2024;2024;;Kambodża;KH;kraj_lub_terytorium;27111100;27111100 - Gaz ziemny skroplony [TJ];;TJ;brak_rekordu_w_api;;;;;;6649864;8212945000062;282
2024;2024;;Kambodża;KH;kraj_lub_terytorium;27112100;27112100 - Gaz ziemny w stanie gazowym [TJ];;TJ;brak_rekordu_w_api;;;;;;6649864;8212898000062;282
2024;2024;;Kamerun;CM;kraj_lub_terytorium;27111100;27111100 - Gaz ziemny skroplony [TJ];;TJ;brak_rekordu_w_api;;;;;;6649756;8212945000062;282
2024;2024;;Kamerun;CM;kraj_lub_terytorium;27112100;27112100 - Gaz ziemny w stanie gazowym [TJ];;TJ;brak_rekordu_w_api;;;;;;6649756;8212898000062;282
2024;2024;;Kanada;CA;kraj_lub_terytorium;27111100;27111100 - Gaz ziemny skroplony [TJ];;TJ;brak_rekordu_w_api;;;;;;6649813;8212945000062;282
2024;2024;;Kanada;CA;kraj_lub_terytorium;27112100;27112100 - Gaz ziemny w stanie gazowym [TJ];;TJ;brak_rekordu_w_api;;;;;;6649813;8212898000062;282
2024;2024;;Katar;QA;kraj_lub_terytorium;27111100;27111100 - Gaz ziemny skroplony [TJ];;TJ;brak_rekordu_w_api;;;;;;6649831;8212945000062;282
2024;2024;;Katar;QA;kraj_lub_terytorium;27112100;27112100 - Gaz ziemny w stanie gazowym [TJ];;TJ;brak_rekordu_w_api;;;;;;6649831;8212898000062;282
2024;2024;;Kazachstan;KZ;kraj_lub_terytorium;27111100;27111100 - Gaz ziemny skroplony [TJ];;TJ;brak_rekordu_w_api;;;;;;6649849;8212945000062;282
2024;2024;;Kazachstan;KZ;kraj_lub_terytorium;27112100;27112100 - Gaz ziemny w stanie gazowym [TJ];;TJ;brak_rekordu_w_api;;;;;;6649849;8212898000062;282
2024;2024;;Kenia;KE;kraj_lub_terytorium;27111100;27111100 - Gaz ziemny skroplony [TJ];;TJ;brak_rekordu_w_api;;;;;;6649737;8212945000062;282
2024;2024;;Kenia;KE;kraj_lub_terytorium;27112100;27112100 - Gaz ziemny w stanie gazowym [TJ];;TJ;brak_rekordu_w_api;;;;;;6649737;8212898000062;282
2024;2024;;Kirgistan;KG;kraj_lub_terytorium;27111100;27111100 - Gaz ziemny skroplony [TJ];;TJ;brak_rekordu_w_api;;;;;;6649844;8212945000062;282
2024;2024;;Kirgistan;KG;kraj_lub_terytorium;27112100;27112100 - Gaz ziemny w stanie gazowym [TJ];;TJ;brak_rekordu_w_api;;;;;;6649844;8212898000062;282
2024;2024;;Kiribati;KI;kraj_lub_terytorium;27111100;27111100 - Gaz ziemny skroplony [TJ];;TJ;brak_rekordu_w_api;;;;;;6649694;8212945000062;282
2024;2024;;Kiribati;KI;kraj_lub_terytorium;27112100;27112100 - Gaz ziemny w stanie gazowym [TJ];;TJ;brak_rekordu_w_api;;;;;;6649694;8212898000062;282
2024;2024;;Kolumbia;CO;kraj_lub_terytorium;27111100;27111100 - Gaz ziemny skroplony [TJ];;TJ;brak_rekordu_w_api;;;;;;6649777;8212945000062;282
2024;2024;;Kolumbia;CO;kraj_lub_terytorium;27112100;27112100 - Gaz ziemny w stanie gazowym [TJ];;TJ;brak_rekordu_w_api;;;;;;6649777;8212898000062;282
2024;2024;;Komory;KM;kraj_lub_terytorium;27111100;27111100 - Gaz ziemny skroplony [TJ];;TJ;brak_rekordu_w_api;;;;;;6649752;8212945000062;282
2024;2024;;Komory;KM;kraj_lub_terytorium;27112100;27112100 - Gaz ziemny w stanie gazowym [TJ];;TJ;brak_rekordu_w_api;;;;;;6649752;8212898000062;282
2024;2024;;Kongo;CG;kraj_lub_terytorium;27111100;27111100 - Gaz ziemny skroplony [TJ];;TJ;brak_rekordu_w_api;;;;;;6649749;8212945000062;282
2024;2024;;Kongo;CG;kraj_lub_terytorium;27112100;27112100 - Gaz ziemny w stanie gazowym [TJ];;TJ;brak_rekordu_w_api;;;;;;6649749;8212898000062;282
2024;2024;;Korea Południowa;KR;kraj_lub_terytorium;27111100;27111100 - Gaz ziemny skroplony [TJ];;TJ;brak_rekordu_w_api;;;;;;6649846;8212945000062;282
2024;2024;;Korea Południowa;KR;kraj_lub_terytorium;27112100;27112100 - Gaz ziemny w stanie gazowym [TJ];;TJ;brak_rekordu_w_api;;;;;;6649846;8212898000062;282
2024;2024;;Korea Północna;KP;kraj_lub_terytorium;27111100;27111100 - Gaz ziemny skroplony [TJ];;TJ;brak_rekordu_w_api;;;;;;6649847;8212945000062;282
2024;2024;;Korea Północna;KP;kraj_lub_terytorium;27112100;27112100 - Gaz ziemny w stanie gazowym [TJ];;TJ;brak_rekordu_w_api;;;;;;6649847;8212898000062;282
2024;2024;;Kosowo;XK;kraj_lub_terytorium;27111100;27111100 - Gaz ziemny skroplony [TJ];;TJ;brak_rekordu_w_api;;;;;;6649893;8212945000062;282
2024;2024;;Kosowo;XK;kraj_lub_terytorium;27112100;27112100 - Gaz ziemny w stanie gazowym [TJ];;TJ;brak_rekordu_w_api;;;;;;6649893;8212898000062;282
2024;2024;;Kostaryka;CR;kraj_lub_terytorium;27111100;27111100 - Gaz ziemny skroplony [TJ];;TJ;brak_rekordu_w_api;;;;;;6649811;8212945000062;282
2024;2024;;Kostaryka;CR;kraj_lub_terytorium;27112100;27112100 - Gaz ziemny w stanie gazowym [TJ];;TJ;brak_rekordu_w_api;;;;;;6649811;8212898000062;282
2024;2024;;Kuba;CU;kraj_lub_terytorium;27111100;27111100 - Gaz ziemny skroplony [TJ];;TJ;brak_rekordu_w_api;;;;;;6649810;8212945000062;282
2024;2024;;Kuba;CU;kraj_lub_terytorium;27112100;27112100 - Gaz ziemny w stanie gazowym [TJ];;TJ;brak_rekordu_w_api;;;;;;6649810;8212898000062;282
2024;2024;;Kuwejt;KW;kraj_lub_terytorium;27111100;27111100 - Gaz ziemny skroplony [TJ];;TJ;brak_rekordu_w_api;;;;;;6649845;8212945000062;282
2024;2024;;Kuwejt;KW;kraj_lub_terytorium;27112100;27112100 - Gaz ziemny w stanie gazowym [TJ];;TJ;brak_rekordu_w_api;;;;;;6649845;8212898000062;282
2024;2024;;Laos;LA;kraj_lub_terytorium;27111100;27111100 - Gaz ziemny skroplony [TJ];;TJ;brak_rekordu_w_api;;;;;;6649843;8212945000062;282
2024;2024;;Laos;LA;kraj_lub_terytorium;27112100;27112100 - Gaz ziemny w stanie gazowym [TJ];;TJ;brak_rekordu_w_api;;;;;;6649843;8212898000062;282
2024;2024;;Lesotho;LS;kraj_lub_terytorium;27111100;27111100 - Gaz ziemny skroplony [TJ];;TJ;brak_rekordu_w_api;;;;;;6649736;8212945000062;282
2024;2024;;Lesotho;LS;kraj_lub_terytorium;27112100;27112100 - Gaz ziemny w stanie gazowym [TJ];;TJ;brak_rekordu_w_api;;;;;;6649736;8212898000062;282
2024;2024;;Liban;LB;kraj_lub_terytorium;27111100;27111100 - Gaz ziemny skroplony [TJ];;TJ;brak_rekordu_w_api;;;;;;6649841;8212945000062;282
2024;2024;;Liban;LB;kraj_lub_terytorium;27112100;27112100 - Gaz ziemny w stanie gazowym [TJ];;TJ;brak_rekordu_w_api;;;;;;6649841;8212898000062;282
2024;2024;;Liberia;LR;kraj_lub_terytorium;27111100;27111100 - Gaz ziemny skroplony [TJ];;TJ;brak_rekordu_w_api;;;;;;6649735;8212945000062;282
2024;2024;;Liberia;LR;kraj_lub_terytorium;27112100;27112100 - Gaz ziemny w stanie gazowym [TJ];;TJ;brak_rekordu_w_api;;;;;;6649735;8212898000062;282
2024;2024;;Libia;LY;kraj_lub_terytorium;27111100;27111100 - Gaz ziemny skroplony [TJ];;TJ;brak_rekordu_w_api;;;;;;6649734;8212945000062;282
2024;2024;;Libia;LY;kraj_lub_terytorium;27112100;27112100 - Gaz ziemny w stanie gazowym [TJ];;TJ;brak_rekordu_w_api;;;;;;6649734;8212898000062;282
2024;2024;;Liechtenstein;LI;kraj_lub_terytorium;27111100;27111100 - Gaz ziemny skroplony [TJ];;TJ;brak_rekordu_w_api;;;;;;6649901;8212945000062;282
2024;2024;;Liechtenstein;LI;kraj_lub_terytorium;27112100;27112100 - Gaz ziemny w stanie gazowym [TJ];;TJ;brak_rekordu_w_api;;;;;;6649901;8212898000062;282
2024;2024;;Litwa;LT;kraj_lub_terytorium;27111100;27111100 - Gaz ziemny skroplony [TJ];;TJ;brak_rekordu_w_api;;;;;;6649900;8212945000062;282
2024;2024;;Litwa;LT;kraj_lub_terytorium;27112100;27112100 - Gaz ziemny w stanie gazowym [TJ];3183,0;TJ;wartosc_opublikowana;Dane ostateczne;Dane jawne;Nie dotyczy;;1;6649900;8212898000062;282
2024;2024;;Luksemburg;LU;kraj_lub_terytorium;27111100;27111100 - Gaz ziemny skroplony [TJ];;TJ;brak_rekordu_w_api;;;;;;6649899;8212945000062;282
2024;2024;;Luksemburg;LU;kraj_lub_terytorium;27112100;27112100 - Gaz ziemny w stanie gazowym [TJ];;TJ;brak_rekordu_w_api;;;;;;6649899;8212898000062;282
2024;2024;;Macedonia Północna;MK;kraj_lub_terytorium;27111100;27111100 - Gaz ziemny skroplony [TJ];;TJ;brak_rekordu_w_api;;;;;;7437335;8212945000062;282
2024;2024;;Macedonia Północna;MK;kraj_lub_terytorium;27112100;27112100 - Gaz ziemny w stanie gazowym [TJ];;TJ;brak_rekordu_w_api;;;;;;7437335;8212898000062;282
2024;2024;;Madagaskar;MG;kraj_lub_terytorium;27111100;27111100 - Gaz ziemny skroplony [TJ];;TJ;brak_rekordu_w_api;;;;;;6649733;8212945000062;282
2024;2024;;Madagaskar;MG;kraj_lub_terytorium;27112100;27112100 - Gaz ziemny w stanie gazowym [TJ];;TJ;brak_rekordu_w_api;;;;;;6649733;8212898000062;282
2024;2024;;Majotta;YT;kraj_lub_terytorium;27111100;27111100 - Gaz ziemny skroplony [TJ];;TJ;brak_rekordu_w_api;;;;;;6649751;8212945000062;282
2024;2024;;Majotta;YT;kraj_lub_terytorium;27112100;27112100 - Gaz ziemny w stanie gazowym [TJ];;TJ;brak_rekordu_w_api;;;;;;6649751;8212898000062;282
2024;2024;;Makau;MO;kraj_lub_terytorium;27111100;27111100 - Gaz ziemny skroplony [TJ];;TJ;brak_rekordu_w_api;;;;;;7548214;8212945000062;282
2024;2024;;Makau;MO;kraj_lub_terytorium;27112100;27112100 - Gaz ziemny w stanie gazowym [TJ];;TJ;brak_rekordu_w_api;;;;;;7548214;8212898000062;282
2024;2024;;Malawi;MW;kraj_lub_terytorium;27111100;27111100 - Gaz ziemny skroplony [TJ];;TJ;brak_rekordu_w_api;;;;;;6649732;8212945000062;282
2024;2024;;Malawi;MW;kraj_lub_terytorium;27112100;27112100 - Gaz ziemny w stanie gazowym [TJ];;TJ;brak_rekordu_w_api;;;;;;6649732;8212898000062;282
2024;2024;;Malediwy;MV;kraj_lub_terytorium;27111100;27111100 - Gaz ziemny skroplony [TJ];;TJ;brak_rekordu_w_api;;;;;;6649838;8212945000062;282
2024;2024;;Malediwy;MV;kraj_lub_terytorium;27112100;27112100 - Gaz ziemny w stanie gazowym [TJ];;TJ;brak_rekordu_w_api;;;;;;6649838;8212898000062;282
2024;2024;;Malezja;MY;kraj_lub_terytorium;27111100;27111100 - Gaz ziemny skroplony [TJ];;TJ;brak_rekordu_w_api;;;;;;6649839;8212945000062;282
2024;2024;;Malezja;MY;kraj_lub_terytorium;27112100;27112100 - Gaz ziemny w stanie gazowym [TJ];;TJ;brak_rekordu_w_api;;;;;;6649839;8212898000062;282
2024;2024;;Mali;ML;kraj_lub_terytorium;27111100;27111100 - Gaz ziemny skroplony [TJ];;TJ;brak_rekordu_w_api;;;;;;6649731;8212945000062;282
2024;2024;;Mali;ML;kraj_lub_terytorium;27112100;27112100 - Gaz ziemny w stanie gazowym [TJ];;TJ;brak_rekordu_w_api;;;;;;6649731;8212898000062;282
2024;2024;;Malta;MT;kraj_lub_terytorium;27111100;27111100 - Gaz ziemny skroplony [TJ];;TJ;brak_rekordu_w_api;;;;;;6649898;8212945000062;282
2024;2024;;Malta;MT;kraj_lub_terytorium;27112100;27112100 - Gaz ziemny w stanie gazowym [TJ];;TJ;brak_rekordu_w_api;;;;;;6649898;8212898000062;282
2024;2024;;Mariany Północne;MP;kraj_lub_terytorium;27111100;27111100 - Gaz ziemny skroplony [TJ];;TJ;brak_rekordu_w_api;;;;;;6649684;8212945000062;282
2024;2024;;Mariany Północne;MP;kraj_lub_terytorium;27112100;27112100 - Gaz ziemny w stanie gazowym [TJ];;TJ;brak_rekordu_w_api;;;;;;6649684;8212898000062;282
2024;2024;;Maroko;MA;kraj_lub_terytorium;27111100;27111100 - Gaz ziemny skroplony [TJ];;TJ;brak_rekordu_w_api;;;;;;6649728;8212945000062;282
2024;2024;;Maroko;MA;kraj_lub_terytorium;27112100;27112100 - Gaz ziemny w stanie gazowym [TJ];;TJ;brak_rekordu_w_api;;;;;;6649728;8212898000062;282
2024;2024;;Mauretania;MR;kraj_lub_terytorium;27111100;27111100 - Gaz ziemny skroplony [TJ];;TJ;brak_rekordu_w_api;;;;;;6649730;8212945000062;282
2024;2024;;Mauretania;MR;kraj_lub_terytorium;27112100;27112100 - Gaz ziemny w stanie gazowym [TJ];;TJ;brak_rekordu_w_api;;;;;;6649730;8212898000062;282
2024;2024;;Mauritius;MU;kraj_lub_terytorium;27111100;27111100 - Gaz ziemny skroplony [TJ];;TJ;brak_rekordu_w_api;;;;;;6649729;8212945000062;282
2024;2024;;Mauritius;MU;kraj_lub_terytorium;27112100;27112100 - Gaz ziemny w stanie gazowym [TJ];;TJ;brak_rekordu_w_api;;;;;;6649729;8212898000062;282
2024;2024;;Małe Oddalone Wyspy Stanów Zjednoczonych;UM;kraj_lub_terytorium;27111100;27111100 - Gaz ziemny skroplony [TJ];;TJ;brak_rekordu_w_api;;;;;;7548583;8212945000062;282
2024;2024;;Małe Oddalone Wyspy Stanów Zjednoczonych;UM;kraj_lub_terytorium;27112100;27112100 - Gaz ziemny w stanie gazowym [TJ];;TJ;brak_rekordu_w_api;;;;;;7548583;8212898000062;282
2024;2024;;Meksyk;MX;kraj_lub_terytorium;27111100;27111100 - Gaz ziemny skroplony [TJ];;TJ;brak_rekordu_w_api;;;;;;6649799;8212945000062;282
2024;2024;;Meksyk;MX;kraj_lub_terytorium;27112100;27112100 - Gaz ziemny w stanie gazowym [TJ];;TJ;brak_rekordu_w_api;;;;;;6649799;8212898000062;282
2024;2024;;Melilla;XL;kraj_lub_terytorium;27111100;27111100 - Gaz ziemny skroplony [TJ];;TJ;brak_rekordu_w_api;;;;;;6649761;8212945000062;282
2024;2024;;Melilla;XL;kraj_lub_terytorium;27112100;27112100 - Gaz ziemny w stanie gazowym [TJ];;TJ;brak_rekordu_w_api;;;;;;6649761;8212898000062;282
2024;2024;;Mikronezja;FM;kraj_lub_terytorium;27111100;27111100 - Gaz ziemny skroplony [TJ];;TJ;brak_rekordu_w_api;;;;;;6649682;8212945000062;282
2024;2024;;Mikronezja;FM;kraj_lub_terytorium;27112100;27112100 - Gaz ziemny w stanie gazowym [TJ];;TJ;brak_rekordu_w_api;;;;;;6649682;8212898000062;282
2024;2024;;Mjanma (Birma);MM;kraj_lub_terytorium;27111100;27111100 - Gaz ziemny skroplony [TJ];;TJ;brak_rekordu_w_api;;;;;;6649865;8212945000062;282
2024;2024;;Mjanma (Birma);MM;kraj_lub_terytorium;27112100;27112100 - Gaz ziemny w stanie gazowym [TJ];;TJ;brak_rekordu_w_api;;;;;;6649865;8212898000062;282
2024;2024;;Mongolia;MN;kraj_lub_terytorium;27111100;27111100 - Gaz ziemny skroplony [TJ];;TJ;brak_rekordu_w_api;;;;;;6649837;8212945000062;282
2024;2024;;Mongolia;MN;kraj_lub_terytorium;27112100;27112100 - Gaz ziemny w stanie gazowym [TJ];;TJ;brak_rekordu_w_api;;;;;;6649837;8212898000062;282
2024;2024;;Montserrat;MS;kraj_lub_terytorium;27111100;27111100 - Gaz ziemny skroplony [TJ];;TJ;brak_rekordu_w_api;;;;;;6649798;8212945000062;282
2024;2024;;Montserrat;MS;kraj_lub_terytorium;27112100;27112100 - Gaz ziemny w stanie gazowym [TJ];;TJ;brak_rekordu_w_api;;;;;;6649798;8212898000062;282
2024;2024;;Mozambik;MZ;kraj_lub_terytorium;27111100;27111100 - Gaz ziemny skroplony [TJ];;TJ;brak_rekordu_w_api;;;;;;6649727;8212945000062;282
2024;2024;;Mozambik;MZ;kraj_lub_terytorium;27112100;27112100 - Gaz ziemny w stanie gazowym [TJ];;TJ;brak_rekordu_w_api;;;;;;6649727;8212898000062;282
2024;2024;;Mołdawia;MD;kraj_lub_terytorium;27111100;27111100 - Gaz ziemny skroplony [TJ];;TJ;brak_rekordu_w_api;;;;;;6649896;8212945000062;282
2024;2024;;Mołdawia;MD;kraj_lub_terytorium;27112100;27112100 - Gaz ziemny w stanie gazowym [TJ];;TJ;brak_rekordu_w_api;;;;;;6649896;8212898000062;282
2024;2024;;Namibia;NA;kraj_lub_terytorium;27111100;27111100 - Gaz ziemny skroplony [TJ];;TJ;brak_rekordu_w_api;;;;;;6649726;8212945000062;282
2024;2024;;Namibia;NA;kraj_lub_terytorium;27112100;27112100 - Gaz ziemny w stanie gazowym [TJ];;TJ;brak_rekordu_w_api;;;;;;6649726;8212898000062;282
2024;2024;;Nauru;NR;kraj_lub_terytorium;27111100;27111100 - Gaz ziemny skroplony [TJ];;TJ;brak_rekordu_w_api;;;;;;6649690;8212945000062;282
2024;2024;;Nauru;NR;kraj_lub_terytorium;27112100;27112100 - Gaz ziemny w stanie gazowym [TJ];;TJ;brak_rekordu_w_api;;;;;;6649690;8212898000062;282
2024;2024;;Nepal;NP;kraj_lub_terytorium;27111100;27111100 - Gaz ziemny skroplony [TJ];;TJ;brak_rekordu_w_api;;;;;;6649835;8212945000062;282
2024;2024;;Nepal;NP;kraj_lub_terytorium;27112100;27112100 - Gaz ziemny w stanie gazowym [TJ];;TJ;brak_rekordu_w_api;;;;;;6649835;8212898000062;282
2024;2024;;Niemcy;DE;kraj_lub_terytorium;27111100;27111100 - Gaz ziemny skroplony [TJ];;TJ;brak_rekordu_w_api;;;;;;6649910;8212945000062;282
2024;2024;;Niemcy;DE;kraj_lub_terytorium;27112100;27112100 - Gaz ziemny w stanie gazowym [TJ];;TJ;brak_rekordu_w_api;;;;;;6649910;8212898000062;282
2024;2024;;Niew.kr.i teryt, p. handl.i mil;QX;kategoria_specjalna;27111100;27111100 - Gaz ziemny skroplony [TJ];;TJ;brak_rekordu_w_api;;;;;;7276956;8212945000062;282
2024;2024;;Niew.kr.i teryt, p. handl.i mil;QX;kategoria_specjalna;27112100;27112100 - Gaz ziemny w stanie gazowym [TJ];;TJ;brak_rekordu_w_api;;;;;;7276956;8212898000062;282
2024;2024;;Niewyszczególnione kr. i teryt.;QU;kategoria_specjalna;27111100;27111100 - Gaz ziemny skroplony [TJ];;TJ;brak_rekordu_w_api;;;;;;7276957;8212945000062;282
2024;2024;;Niewyszczególnione kr. i teryt.;QU;kategoria_specjalna;27112100;27112100 - Gaz ziemny w stanie gazowym [TJ];;TJ;brak_rekordu_w_api;;;;;;7276957;8212898000062;282
2024;2024;;Nieznany kraj;_no;kategoria_specjalna;27111100;27111100 - Gaz ziemny skroplony [TJ];;TJ;brak_rekordu_w_api;;;;;;7639645;8212945000062;282
2024;2024;;Nieznany kraj;_no;kategoria_specjalna;27112100;27112100 - Gaz ziemny w stanie gazowym [TJ];;TJ;brak_rekordu_w_api;;;;;;7639645;8212898000062;282
2024;2024;;Niger;NE;kraj_lub_terytorium;27111100;27111100 - Gaz ziemny skroplony [TJ];;TJ;brak_rekordu_w_api;;;;;;6649725;8212945000062;282
2024;2024;;Niger;NE;kraj_lub_terytorium;27112100;27112100 - Gaz ziemny w stanie gazowym [TJ];;TJ;brak_rekordu_w_api;;;;;;6649725;8212898000062;282
2024;2024;;Nigeria;NG;kraj_lub_terytorium;27111100;27111100 - Gaz ziemny skroplony [TJ];;TJ;brak_rekordu_w_api;;;;;;6649724;8212945000062;282
2024;2024;;Nigeria;NG;kraj_lub_terytorium;27112100;27112100 - Gaz ziemny w stanie gazowym [TJ];;TJ;brak_rekordu_w_api;;;;;;6649724;8212898000062;282
2024;2024;;Nikaragua;NI;kraj_lub_terytorium;27111100;27111100 - Gaz ziemny skroplony [TJ];;TJ;brak_rekordu_w_api;;;;;;6649795;8212945000062;282
2024;2024;;Nikaragua;NI;kraj_lub_terytorium;27112100;27112100 - Gaz ziemny w stanie gazowym [TJ];;TJ;brak_rekordu_w_api;;;;;;6649795;8212898000062;282
2024;2024;;Niue;NU;kraj_lub_terytorium;27111100;27111100 - Gaz ziemny skroplony [TJ];;TJ;brak_rekordu_w_api;;;;;;6649686;8212945000062;282
2024;2024;;Niue;NU;kraj_lub_terytorium;27112100;27112100 - Gaz ziemny w stanie gazowym [TJ];;TJ;brak_rekordu_w_api;;;;;;6649686;8212898000062;282
2024;2024;;Norfolk;NF;kraj_lub_terytorium;27111100;27111100 - Gaz ziemny skroplony [TJ];;TJ;brak_rekordu_w_api;;;;;;6649685;8212945000062;282
2024;2024;;Norfolk;NF;kraj_lub_terytorium;27112100;27112100 - Gaz ziemny w stanie gazowym [TJ];;TJ;brak_rekordu_w_api;;;;;;6649685;8212898000062;282
2024;2024;;Norwegia;NO;kraj_lub_terytorium;27111100;27111100 - Gaz ziemny skroplony [TJ];;TJ;brak_rekordu_w_api;;;;;;6649892;8212945000062;282
2024;2024;;Norwegia;NO;kraj_lub_terytorium;27112100;27112100 - Gaz ziemny w stanie gazowym [TJ];;TJ;brak_rekordu_w_api;;;;;;6649892;8212898000062;282
2024;2024;;Nowa Kaledonia;NC;kraj_lub_terytorium;27111100;27111100 - Gaz ziemny skroplony [TJ];;TJ;brak_rekordu_w_api;;;;;;6649689;8212945000062;282
2024;2024;;Nowa Kaledonia;NC;kraj_lub_terytorium;27112100;27112100 - Gaz ziemny w stanie gazowym [TJ];;TJ;brak_rekordu_w_api;;;;;;6649689;8212898000062;282
2024;2024;;Nowa Zelandia;NZ;kraj_lub_terytorium;27111100;27111100 - Gaz ziemny skroplony [TJ];;TJ;brak_rekordu_w_api;;;;;;6649687;8212945000062;282
2024;2024;;Nowa Zelandia;NZ;kraj_lub_terytorium;27112100;27112100 - Gaz ziemny w stanie gazowym [TJ];;TJ;brak_rekordu_w_api;;;;;;6649687;8212898000062;282
2024;2024;;Oman;OM;kraj_lub_terytorium;27111100;27111100 - Gaz ziemny skroplony [TJ];;TJ;brak_rekordu_w_api;;;;;;6649836;8212945000062;282
2024;2024;;Oman;OM;kraj_lub_terytorium;27112100;27112100 - Gaz ziemny w stanie gazowym [TJ];;TJ;brak_rekordu_w_api;;;;;;6649836;8212898000062;282
2024;2024;;Pakistan;PK;kraj_lub_terytorium;27111100;27111100 - Gaz ziemny skroplony [TJ];;TJ;brak_rekordu_w_api;;;;;;6649834;8212945000062;282
2024;2024;;Pakistan;PK;kraj_lub_terytorium;27112100;27112100 - Gaz ziemny w stanie gazowym [TJ];;TJ;brak_rekordu_w_api;;;;;;6649834;8212898000062;282
2024;2024;;Palau;PW;kraj_lub_terytorium;27111100;27111100 - Gaz ziemny skroplony [TJ];;TJ;brak_rekordu_w_api;;;;;;6649680;8212945000062;282
2024;2024;;Palau;PW;kraj_lub_terytorium;27112100;27112100 - Gaz ziemny w stanie gazowym [TJ];;TJ;brak_rekordu_w_api;;;;;;6649680;8212898000062;282
2024;2024;;Palestyna;PS;kraj_lub_terytorium;27111100;27111100 - Gaz ziemny skroplony [TJ];;TJ;brak_rekordu_w_api;;;;;;6649857;8212945000062;282
2024;2024;;Palestyna;PS;kraj_lub_terytorium;27112100;27112100 - Gaz ziemny w stanie gazowym [TJ];;TJ;brak_rekordu_w_api;;;;;;6649857;8212898000062;282
2024;2024;;Panama;PA;kraj_lub_terytorium;27111100;27111100 - Gaz ziemny skroplony [TJ];;TJ;brak_rekordu_w_api;;;;;;6649794;8212945000062;282
2024;2024;;Panama;PA;kraj_lub_terytorium;27112100;27112100 - Gaz ziemny w stanie gazowym [TJ];;TJ;brak_rekordu_w_api;;;;;;6649794;8212898000062;282
2024;2024;;Papua-Nowa Gwinea;PG;kraj_lub_terytorium;27111100;27111100 - Gaz ziemny skroplony [TJ];;TJ;brak_rekordu_w_api;;;;;;6649679;8212945000062;282
2024;2024;;Papua-Nowa Gwinea;PG;kraj_lub_terytorium;27112100;27112100 - Gaz ziemny w stanie gazowym [TJ];;TJ;brak_rekordu_w_api;;;;;;6649679;8212898000062;282
2024;2024;;Paragwaj;PY;kraj_lub_terytorium;27111100;27111100 - Gaz ziemny skroplony [TJ];;TJ;brak_rekordu_w_api;;;;;;6649768;8212945000062;282
2024;2024;;Paragwaj;PY;kraj_lub_terytorium;27112100;27112100 - Gaz ziemny w stanie gazowym [TJ];;TJ;brak_rekordu_w_api;;;;;;6649768;8212898000062;282
2024;2024;;Peru;PE;kraj_lub_terytorium;27111100;27111100 - Gaz ziemny skroplony [TJ];;TJ;brak_rekordu_w_api;;;;;;6649767;8212945000062;282
2024;2024;;Peru;PE;kraj_lub_terytorium;27112100;27112100 - Gaz ziemny w stanie gazowym [TJ];;TJ;brak_rekordu_w_api;;;;;;6649767;8212898000062;282
2024;2024;;Pełne morze;QP;kategoria_specjalna;27111100;27111100 - Gaz ziemny skroplony [TJ];;TJ;brak_rekordu_w_api;;;;;;7277327;8212945000062;282
2024;2024;;Pełne morze;QP;kategoria_specjalna;27112100;27112100 - Gaz ziemny w stanie gazowym [TJ];;TJ;brak_rekordu_w_api;;;;;;7277327;8212898000062;282
2024;2024;;Pitcairn;PN;kraj_lub_terytorium;27111100;27111100 - Gaz ziemny skroplony [TJ];;TJ;brak_rekordu_w_api;;;;;;6649678;8212945000062;282
2024;2024;;Pitcairn;PN;kraj_lub_terytorium;27112100;27112100 - Gaz ziemny w stanie gazowym [TJ];;TJ;brak_rekordu_w_api;;;;;;6649678;8212898000062;282
2024;2024;;Polinezja Francuska;PF;kraj_lub_terytorium;27111100;27111100 - Gaz ziemny skroplony [TJ];;TJ;brak_rekordu_w_api;;;;;;6649695;8212945000062;282
2024;2024;;Polinezja Francuska;PF;kraj_lub_terytorium;27112100;27112100 - Gaz ziemny w stanie gazowym [TJ];;TJ;brak_rekordu_w_api;;;;;;6649695;8212898000062;282
2024;2024;;Polska;PL;kraj_lub_terytorium;27111100;27111100 - Gaz ziemny skroplony [TJ];;TJ;brak_rekordu_w_api;;;;;;6649891;8212945000062;282
2024;2024;;Polska;PL;kraj_lub_terytorium;27112100;27112100 - Gaz ziemny w stanie gazowym [TJ];;TJ;brak_rekordu_w_api;;;;;;6649891;8212898000062;282
2024;2024;;Portugalia;PT;kraj_lub_terytorium;27111100;27111100 - Gaz ziemny skroplony [TJ];;TJ;brak_rekordu_w_api;;;;;;6649890;8212945000062;282
2024;2024;;Portugalia;PT;kraj_lub_terytorium;27112100;27112100 - Gaz ziemny w stanie gazowym [TJ];;TJ;brak_rekordu_w_api;;;;;;6649890;8212898000062;282
2024;2024;;Południowa Afryka;ZA;kraj_lub_terytorium;27111100;27111100 - Gaz ziemny skroplony [TJ];;TJ;brak_rekordu_w_api;;;;;;7548785;8212945000062;282
2024;2024;;Południowa Afryka;ZA;kraj_lub_terytorium;27112100;27112100 - Gaz ziemny w stanie gazowym [TJ];;TJ;brak_rekordu_w_api;;;;;;7548785;8212898000062;282
2024;2024;;QQ w ramach handlu z UE;QR;kategoria_specjalna;27111100;27111100 - Gaz ziemny skroplony [TJ];;TJ;brak_rekordu_w_api;;;;;;7277330;8212945000062;282
2024;2024;;QQ w ramach handlu z UE;QR;kategoria_specjalna;27112100;27112100 - Gaz ziemny w stanie gazowym [TJ];;TJ;brak_rekordu_w_api;;;;;;7277330;8212898000062;282
2024;2024;;QQ w ramach handlu z kr.trzecimi;QS;kategoria_specjalna;27111100;27111100 - Gaz ziemny skroplony [TJ];;TJ;brak_rekordu_w_api;;;;;;7277331;8212945000062;282
2024;2024;;QQ w ramach handlu z kr.trzecimi;QS;kategoria_specjalna;27112100;27112100 - Gaz ziemny w stanie gazowym [TJ];;TJ;brak_rekordu_w_api;;;;;;7277331;8212898000062;282
2024;2024;;QU w ramach handlu z UE;QV;kategoria_specjalna;27111100;27111100 - Gaz ziemny skroplony [TJ];;TJ;brak_rekordu_w_api;;;;;;7277396;8212945000062;282
2024;2024;;QU w ramach handlu z UE;QV;kategoria_specjalna;27112100;27112100 - Gaz ziemny w stanie gazowym [TJ];;TJ;brak_rekordu_w_api;;;;;;7277396;8212898000062;282
2024;2024;;QU w ramach handlu z kr.trzecimi;QW;kategoria_specjalna;27111100;27111100 - Gaz ziemny skroplony [TJ];;TJ;brak_rekordu_w_api;;;;;;7277333;8212945000062;282
2024;2024;;QU w ramach handlu z kr.trzecimi;QW;kategoria_specjalna;27112100;27112100 - Gaz ziemny w stanie gazowym [TJ];;TJ;brak_rekordu_w_api;;;;;;7277333;8212898000062;282
2024;2024;;QX w ramach handlu z UE;QY;kategoria_specjalna;27111100;27111100 - Gaz ziemny skroplony [TJ];;TJ;brak_rekordu_w_api;;;;;;7277399;8212945000062;282
2024;2024;;QX w ramach handlu z UE;QY;kategoria_specjalna;27112100;27112100 - Gaz ziemny w stanie gazowym [TJ];;TJ;brak_rekordu_w_api;;;;;;7277399;8212898000062;282
2024;2024;;QX w ramach handlu z kr.trzecimi;QZ;kategoria_specjalna;27111100;27111100 - Gaz ziemny skroplony [TJ];;TJ;brak_rekordu_w_api;;;;;;7277397;8212945000062;282
2024;2024;;QX w ramach handlu z kr.trzecimi;QZ;kategoria_specjalna;27112100;27112100 - Gaz ziemny w stanie gazowym [TJ];;TJ;brak_rekordu_w_api;;;;;;7277397;8212898000062;282
2024;2024;;Republika Zielonego Przylądka;CV;kraj_lub_terytorium;27111100;27111100 - Gaz ziemny skroplony [TJ];;TJ;brak_rekordu_w_api;;;;;;7473154;8212945000062;282
2024;2024;;Republika Zielonego Przylądka;CV;kraj_lub_terytorium;27112100;27112100 - Gaz ziemny w stanie gazowym [TJ];;TJ;brak_rekordu_w_api;;;;;;7473154;8212898000062;282
2024;2024;;Republika Środkowoafrykańska;CF;kraj_lub_terytorium;27111100;27111100 - Gaz ziemny skroplony [TJ];;TJ;brak_rekordu_w_api;;;;;;6649754;8212945000062;282
2024;2024;;Republika Środkowoafrykańska;CF;kraj_lub_terytorium;27112100;27112100 - Gaz ziemny w stanie gazowym [TJ];;TJ;brak_rekordu_w_api;;;;;;6649754;8212898000062;282
2024;2024;;Rosja;RU;kraj_lub_terytorium;27111100;27111100 - Gaz ziemny skroplony [TJ];;TJ;brak_rekordu_w_api;;;;;;6649888;8212945000062;282
2024;2024;;Rosja;RU;kraj_lub_terytorium;27112100;27112100 - Gaz ziemny w stanie gazowym [TJ];;TJ;brak_rekordu_w_api;;;;;;6649888;8212898000062;282
2024;2024;;Rumunia;RO;kraj_lub_terytorium;27111100;27111100 - Gaz ziemny skroplony [TJ];;TJ;brak_rekordu_w_api;;;;;;6649889;8212945000062;282
2024;2024;;Rumunia;RO;kraj_lub_terytorium;27112100;27112100 - Gaz ziemny w stanie gazowym [TJ];;TJ;brak_rekordu_w_api;;;;;;6649889;8212898000062;282
2024;2024;;Rwanda;RW;kraj_lub_terytorium;27111100;27111100 - Gaz ziemny skroplony [TJ];;TJ;brak_rekordu_w_api;;;;;;6649721;8212945000062;282
2024;2024;;Rwanda;RW;kraj_lub_terytorium;27112100;27112100 - Gaz ziemny w stanie gazowym [TJ];;TJ;brak_rekordu_w_api;;;;;;6649721;8212898000062;282
2024;2024;;Sahara Zachodnia;EH;kraj_lub_terytorium;27111100;27111100 - Gaz ziemny skroplony [TJ];;TJ;brak_rekordu_w_api;;;;;;6649711;8212945000062;282
2024;2024;;Sahara Zachodnia;EH;kraj_lub_terytorium;27112100;27112100 - Gaz ziemny w stanie gazowym [TJ];;TJ;brak_rekordu_w_api;;;;;;6649711;8212898000062;282
2024;2024;;Saint  Pierre i Miquelon;PM;kraj_lub_terytorium;27111100;27111100 - Gaz ziemny skroplony [TJ];;TJ;brak_rekordu_w_api;;;;;;6649787;8212945000062;282
2024;2024;;Saint  Pierre i Miquelon;PM;kraj_lub_terytorium;27112100;27112100 - Gaz ziemny w stanie gazowym [TJ];;TJ;brak_rekordu_w_api;;;;;;6649787;8212898000062;282
2024;2024;;Saint Kitts i Nevis;KN;kraj_lub_terytorium;27111100;27111100 - Gaz ziemny skroplony [TJ];;TJ;brak_rekordu_w_api;;;;;;6649791;8212945000062;282
2024;2024;;Saint Kitts i Nevis;KN;kraj_lub_terytorium;27112100;27112100 - Gaz ziemny w stanie gazowym [TJ];;TJ;brak_rekordu_w_api;;;;;;6649791;8212898000062;282
2024;2024;;Saint Lucia;LC;kraj_lub_terytorium;27111100;27111100 - Gaz ziemny skroplony [TJ];;TJ;brak_rekordu_w_api;;;;;;6649789;8212945000062;282
2024;2024;;Saint Lucia;LC;kraj_lub_terytorium;27112100;27112100 - Gaz ziemny w stanie gazowym [TJ];;TJ;brak_rekordu_w_api;;;;;;6649789;8212898000062;282
2024;2024;;Saint Vincent i Grenadyny;VC;kraj_lub_terytorium;27111100;27111100 - Gaz ziemny skroplony [TJ];;TJ;brak_rekordu_w_api;;;;;;6649786;8212945000062;282
2024;2024;;Saint Vincent i Grenadyny;VC;kraj_lub_terytorium;27112100;27112100 - Gaz ziemny w stanie gazowym [TJ];;TJ;brak_rekordu_w_api;;;;;;6649786;8212898000062;282
2024;2024;;Saint-Barthélemy;BL;kraj_lub_terytorium;27111100;27111100 - Gaz ziemny skroplony [TJ];;TJ;brak_rekordu_w_api;;;;;;7463787;8212945000062;282
2024;2024;;Saint-Barthélemy;BL;kraj_lub_terytorium;27112100;27112100 - Gaz ziemny w stanie gazowym [TJ];;TJ;brak_rekordu_w_api;;;;;;7463787;8212898000062;282
2024;2024;;Salwador;SV;kraj_lub_terytorium;27111100;27111100 - Gaz ziemny skroplony [TJ];;TJ;brak_rekordu_w_api;;;;;;6649808;8212945000062;282
2024;2024;;Salwador;SV;kraj_lub_terytorium;27112100;27112100 - Gaz ziemny w stanie gazowym [TJ];;TJ;brak_rekordu_w_api;;;;;;6649808;8212898000062;282
2024;2024;;Samoa;WS;kraj_lub_terytorium;27111100;27111100 - Gaz ziemny skroplony [TJ];;TJ;brak_rekordu_w_api;;;;;;6649672;8212945000062;282
2024;2024;;Samoa;WS;kraj_lub_terytorium;27112100;27112100 - Gaz ziemny w stanie gazowym [TJ];;TJ;brak_rekordu_w_api;;;;;;6649672;8212898000062;282
2024;2024;;Samoa Amerykańskie;AS;kraj_lub_terytorium;27111100;27111100 - Gaz ziemny skroplony [TJ];;TJ;brak_rekordu_w_api;;;;;;6649700;8212945000062;282
2024;2024;;Samoa Amerykańskie;AS;kraj_lub_terytorium;27112100;27112100 - Gaz ziemny w stanie gazowym [TJ];;TJ;brak_rekordu_w_api;;;;;;6649700;8212898000062;282
2024;2024;;San Marino;SM;kraj_lub_terytorium;27111100;27111100 - Gaz ziemny skroplony [TJ];;TJ;brak_rekordu_w_api;;;;;;6649887;8212945000062;282
2024;2024;;San Marino;SM;kraj_lub_terytorium;27112100;27112100 - Gaz ziemny w stanie gazowym [TJ];;TJ;brak_rekordu_w_api;;;;;;6649887;8212898000062;282
2024;2024;;Senegal;SN;kraj_lub_terytorium;27111100;27111100 - Gaz ziemny skroplony [TJ];;TJ;brak_rekordu_w_api;;;;;;6649717;8212945000062;282
2024;2024;;Senegal;SN;kraj_lub_terytorium;27112100;27112100 - Gaz ziemny w stanie gazowym [TJ];;TJ;brak_rekordu_w_api;;;;;;6649717;8212898000062;282
2024;2024;;Serbia;XS;kraj_lub_terytorium;27111100;27111100 - Gaz ziemny skroplony [TJ];;TJ;brak_rekordu_w_api;;;;;;6649951;8212945000062;282
2024;2024;;Serbia;XS;kraj_lub_terytorium;27112100;27112100 - Gaz ziemny w stanie gazowym [TJ];;TJ;brak_rekordu_w_api;;;;;;6649951;8212898000062;282
2024;2024;;Seszele;SC;kraj_lub_terytorium;27111100;27111100 - Gaz ziemny skroplony [TJ];;TJ;brak_rekordu_w_api;;;;;;6649716;8212945000062;282
2024;2024;;Seszele;SC;kraj_lub_terytorium;27112100;27112100 - Gaz ziemny w stanie gazowym [TJ];;TJ;brak_rekordu_w_api;;;;;;6649716;8212898000062;282
2024;2024;;Sierra Leone;SL;kraj_lub_terytorium;27111100;27111100 - Gaz ziemny skroplony [TJ];;TJ;brak_rekordu_w_api;;;;;;6649715;8212945000062;282
2024;2024;;Sierra Leone;SL;kraj_lub_terytorium;27112100;27112100 - Gaz ziemny w stanie gazowym [TJ];;TJ;brak_rekordu_w_api;;;;;;6649715;8212898000062;282
2024;2024;;Singapur;SG;kraj_lub_terytorium;27111100;27111100 - Gaz ziemny skroplony [TJ];;TJ;brak_rekordu_w_api;;;;;;6649829;8212945000062;282
2024;2024;;Singapur;SG;kraj_lub_terytorium;27112100;27112100 - Gaz ziemny w stanie gazowym [TJ];;TJ;brak_rekordu_w_api;;;;;;6649829;8212898000062;282
2024;2024;;Sint Maarten (część niderlandzka);SX;kraj_lub_terytorium;27111100;27111100 - Gaz ziemny skroplony [TJ];;TJ;brak_rekordu_w_api;;;;;;7548327;8212945000062;282
2024;2024;;Sint Maarten (część niderlandzka);SX;kraj_lub_terytorium;27112100;27112100 - Gaz ziemny w stanie gazowym [TJ];;TJ;brak_rekordu_w_api;;;;;;7548327;8212898000062;282
2024;2024;;Somalia;SO;kraj_lub_terytorium;27111100;27111100 - Gaz ziemny skroplony [TJ];;TJ;brak_rekordu_w_api;;;;;;6649714;8212945000062;282
2024;2024;;Somalia;SO;kraj_lub_terytorium;27112100;27112100 - Gaz ziemny w stanie gazowym [TJ];;TJ;brak_rekordu_w_api;;;;;;6649714;8212898000062;282
2024;2024;;Sri Lanka;LK;kraj_lub_terytorium;27111100;27111100 - Gaz ziemny skroplony [TJ];;TJ;brak_rekordu_w_api;;;;;;6649863;8212945000062;282
2024;2024;;Sri Lanka;LK;kraj_lub_terytorium;27112100;27112100 - Gaz ziemny w stanie gazowym [TJ];;TJ;brak_rekordu_w_api;;;;;;6649863;8212898000062;282
2024;2024;;Stany Zjednoczone;US;kraj_lub_terytorium;27111100;27111100 - Gaz ziemny skroplony [TJ];;TJ;brak_rekordu_w_api;;;;;;6649783;8212945000062;282
2024;2024;;Stany Zjednoczone;US;kraj_lub_terytorium;27112100;27112100 - Gaz ziemny w stanie gazowym [TJ];;TJ;brak_rekordu_w_api;;;;;;6649783;8212898000062;282
2024;2024;;Sudan;SD;kraj_lub_terytorium;27111100;27111100 - Gaz ziemny skroplony [TJ];;TJ;brak_rekordu_w_api;;;;;;6649710;8212945000062;282
2024;2024;;Sudan;SD;kraj_lub_terytorium;27112100;27112100 - Gaz ziemny w stanie gazowym [TJ];;TJ;brak_rekordu_w_api;;;;;;6649710;8212898000062;282
2024;2024;;Sudan Południowy;SS;kraj_lub_terytorium;27111100;27111100 - Gaz ziemny skroplony [TJ];;TJ;brak_rekordu_w_api;;;;;;6649709;8212945000062;282
2024;2024;;Sudan Południowy;SS;kraj_lub_terytorium;27112100;27112100 - Gaz ziemny w stanie gazowym [TJ];;TJ;brak_rekordu_w_api;;;;;;6649709;8212898000062;282
2024;2024;;Surinam;SR;kraj_lub_terytorium;27111100;27111100 - Gaz ziemny skroplony [TJ];;TJ;brak_rekordu_w_api;;;;;;6649766;8212945000062;282
2024;2024;;Surinam;SR;kraj_lub_terytorium;27112100;27112100 - Gaz ziemny w stanie gazowym [TJ];;TJ;brak_rekordu_w_api;;;;;;6649766;8212898000062;282
2024;2024;;Syria;SY;kraj_lub_terytorium;27111100;27111100 - Gaz ziemny skroplony [TJ];;TJ;brak_rekordu_w_api;;;;;;6649827;8212945000062;282
2024;2024;;Syria;SY;kraj_lub_terytorium;27112100;27112100 - Gaz ziemny w stanie gazowym [TJ];;TJ;brak_rekordu_w_api;;;;;;6649827;8212898000062;282
2024;2024;;Szwajcaria;CH;kraj_lub_terytorium;27111100;27111100 - Gaz ziemny skroplony [TJ];;TJ;brak_rekordu_w_api;;;;;;6649881;8212945000062;282
2024;2024;;Szwajcaria;CH;kraj_lub_terytorium;27112100;27112100 - Gaz ziemny w stanie gazowym [TJ];;TJ;brak_rekordu_w_api;;;;;;6649881;8212898000062;282
2024;2024;;Szwecja;SE;kraj_lub_terytorium;27111100;27111100 - Gaz ziemny skroplony [TJ];;TJ;brak_rekordu_w_api;;;;;;6649882;8212945000062;282
2024;2024;;Szwecja;SE;kraj_lub_terytorium;27112100;27112100 - Gaz ziemny w stanie gazowym [TJ];;TJ;brak_rekordu_w_api;;;;;;6649882;8212898000062;282
2024;2024;;Słowacja;SK;kraj_lub_terytorium;27111100;27111100 - Gaz ziemny skroplony [TJ];2,0;TJ;wartosc_opublikowana;Dane ostateczne;Dane jawne;Nie dotyczy;;1;6649886;8212945000062;282
2024;2024;;Słowacja;SK;kraj_lub_terytorium;27112100;27112100 - Gaz ziemny w stanie gazowym [TJ];;TJ;brak_rekordu_w_api;;;;;;6649886;8212898000062;282
2024;2024;;Słowenia;SI;kraj_lub_terytorium;27111100;27111100 - Gaz ziemny skroplony [TJ];;TJ;brak_rekordu_w_api;;;;;;6649885;8212945000062;282
2024;2024;;Słowenia;SI;kraj_lub_terytorium;27112100;27112100 - Gaz ziemny w stanie gazowym [TJ];;TJ;brak_rekordu_w_api;;;;;;6649885;8212898000062;282
2024;2024;;Tadżykistan;TJ;kraj_lub_terytorium;27111100;27111100 - Gaz ziemny skroplony [TJ];;TJ;brak_rekordu_w_api;;;;;;6649826;8212945000062;282
2024;2024;;Tadżykistan;TJ;kraj_lub_terytorium;27112100;27112100 - Gaz ziemny w stanie gazowym [TJ];;TJ;brak_rekordu_w_api;;;;;;6649826;8212898000062;282
2024;2024;;Tajlandia;TH;kraj_lub_terytorium;27111100;27111100 - Gaz ziemny skroplony [TJ];;TJ;brak_rekordu_w_api;;;;;;6649824;8212945000062;282
2024;2024;;Tajlandia;TH;kraj_lub_terytorium;27112100;27112100 - Gaz ziemny w stanie gazowym [TJ];;TJ;brak_rekordu_w_api;;;;;;6649824;8212898000062;282
2024;2024;;Tajwan;TW;kraj_lub_terytorium;27111100;27111100 - Gaz ziemny skroplony [TJ];;TJ;brak_rekordu_w_api;;;;;;7548478;8212945000062;282
2024;2024;;Tajwan;TW;kraj_lub_terytorium;27112100;27112100 - Gaz ziemny w stanie gazowym [TJ];;TJ;brak_rekordu_w_api;;;;;;7548478;8212898000062;282
2024;2024;;Tanzania;TZ;kraj_lub_terytorium;27111100;27111100 - Gaz ziemny skroplony [TJ];;TJ;brak_rekordu_w_api;;;;;;6649703;8212945000062;282
2024;2024;;Tanzania;TZ;kraj_lub_terytorium;27112100;27112100 - Gaz ziemny w stanie gazowym [TJ];;TJ;brak_rekordu_w_api;;;;;;6649703;8212898000062;282
2024;2024;;Timor Wschodni;TL;kraj_lub_terytorium;27111100;27111100 - Gaz ziemny skroplony [TJ];;TJ;brak_rekordu_w_api;;;;;;6649832;8212945000062;282
2024;2024;;Timor Wschodni;TL;kraj_lub_terytorium;27112100;27112100 - Gaz ziemny w stanie gazowym [TJ];;TJ;brak_rekordu_w_api;;;;;;6649832;8212898000062;282
2024;2024;;Togo;TG;kraj_lub_terytorium;27111100;27111100 - Gaz ziemny skroplony [TJ];;TJ;brak_rekordu_w_api;;;;;;6649707;8212945000062;282
2024;2024;;Togo;TG;kraj_lub_terytorium;27112100;27112100 - Gaz ziemny w stanie gazowym [TJ];;TJ;brak_rekordu_w_api;;;;;;6649707;8212898000062;282
2024;2024;;Tokelau;TK;kraj_lub_terytorium;27111100;27111100 - Gaz ziemny skroplony [TJ];;TJ;brak_rekordu_w_api;;;;;;6649676;8212945000062;282
2024;2024;;Tokelau;TK;kraj_lub_terytorium;27112100;27112100 - Gaz ziemny w stanie gazowym [TJ];;TJ;brak_rekordu_w_api;;;;;;6649676;8212898000062;282
2024;2024;;Tonga;TO;kraj_lub_terytorium;27111100;27111100 - Gaz ziemny skroplony [TJ];;TJ;brak_rekordu_w_api;;;;;;6649675;8212945000062;282
2024;2024;;Tonga;TO;kraj_lub_terytorium;27112100;27112100 - Gaz ziemny w stanie gazowym [TJ];;TJ;brak_rekordu_w_api;;;;;;6649675;8212898000062;282
2024;2024;;Trynidad i Tobago;TT;kraj_lub_terytorium;27111100;27111100 - Gaz ziemny skroplony [TJ];;TJ;brak_rekordu_w_api;;;;;;6649785;8212945000062;282
2024;2024;;Trynidad i Tobago;TT;kraj_lub_terytorium;27112100;27112100 - Gaz ziemny w stanie gazowym [TJ];;TJ;brak_rekordu_w_api;;;;;;6649785;8212898000062;282
2024;2024;;Tunezja;TN;kraj_lub_terytorium;27111100;27111100 - Gaz ziemny skroplony [TJ];;TJ;brak_rekordu_w_api;;;;;;6649706;8212945000062;282
2024;2024;;Tunezja;TN;kraj_lub_terytorium;27112100;27112100 - Gaz ziemny w stanie gazowym [TJ];;TJ;brak_rekordu_w_api;;;;;;6649706;8212898000062;282
2024;2024;;Turcja;TR;kraj_lub_terytorium;27111100;27111100 - Gaz ziemny skroplony [TJ];;TJ;brak_rekordu_w_api;;;;;;6649880;8212945000062;282
2024;2024;;Turcja;TR;kraj_lub_terytorium;27112100;27112100 - Gaz ziemny w stanie gazowym [TJ];;TJ;brak_rekordu_w_api;;;;;;6649880;8212898000062;282
2024;2024;;Turkmenistan;TM;kraj_lub_terytorium;27111100;27111100 - Gaz ziemny skroplony [TJ];;TJ;brak_rekordu_w_api;;;;;;6649822;8212945000062;282
2024;2024;;Turkmenistan;TM;kraj_lub_terytorium;27112100;27112100 - Gaz ziemny w stanie gazowym [TJ];;TJ;brak_rekordu_w_api;;;;;;6649822;8212898000062;282
2024;2024;;Turks i Caicos;TC;kraj_lub_terytorium;27111100;27111100 - Gaz ziemny skroplony [TJ];;TJ;brak_rekordu_w_api;;;;;;6649939;8212945000062;282
2024;2024;;Turks i Caicos;TC;kraj_lub_terytorium;27112100;27112100 - Gaz ziemny w stanie gazowym [TJ];;TJ;brak_rekordu_w_api;;;;;;6649939;8212898000062;282
2024;2024;;Tuvalu;TV;kraj_lub_terytorium;27111100;27111100 - Gaz ziemny skroplony [TJ];;TJ;brak_rekordu_w_api;;;;;;6649674;8212945000062;282
2024;2024;;Tuvalu;TV;kraj_lub_terytorium;27112100;27112100 - Gaz ziemny w stanie gazowym [TJ];;TJ;brak_rekordu_w_api;;;;;;6649674;8212898000062;282
2024;2024;;Uganda;UG;kraj_lub_terytorium;27111100;27111100 - Gaz ziemny skroplony [TJ];;TJ;brak_rekordu_w_api;;;;;;6649705;8212945000062;282
2024;2024;;Uganda;UG;kraj_lub_terytorium;27112100;27112100 - Gaz ziemny w stanie gazowym [TJ];;TJ;brak_rekordu_w_api;;;;;;6649705;8212898000062;282
2024;2024;;Ukraina;UA;kraj_lub_terytorium;27111100;27111100 - Gaz ziemny skroplony [TJ];;TJ;brak_rekordu_w_api;;;;;;6649879;8212945000062;282
2024;2024;;Ukraina;UA;kraj_lub_terytorium;27112100;27112100 - Gaz ziemny w stanie gazowym [TJ];28,0;TJ;wartosc_opublikowana;Dane ostateczne;Dane jawne;Nie dotyczy;;1;6649879;8212898000062;282
2024;2024;;Urugwaj;UY;kraj_lub_terytorium;27111100;27111100 - Gaz ziemny skroplony [TJ];;TJ;brak_rekordu_w_api;;;;;;6649765;8212945000062;282
2024;2024;;Urugwaj;UY;kraj_lub_terytorium;27112100;27112100 - Gaz ziemny w stanie gazowym [TJ];;TJ;brak_rekordu_w_api;;;;;;6649765;8212898000062;282
2024;2024;;Uzbekistan;UZ;kraj_lub_terytorium;27111100;27111100 - Gaz ziemny skroplony [TJ];;TJ;brak_rekordu_w_api;;;;;;6649820;8212945000062;282
2024;2024;;Uzbekistan;UZ;kraj_lub_terytorium;27112100;27112100 - Gaz ziemny w stanie gazowym [TJ];;TJ;brak_rekordu_w_api;;;;;;6649820;8212898000062;282
2024;2024;;Vanuatu;VU;kraj_lub_terytorium;27111100;27111100 - Gaz ziemny skroplony [TJ];;TJ;brak_rekordu_w_api;;;;;;6649688;8212945000062;282
2024;2024;;Vanuatu;VU;kraj_lub_terytorium;27112100;27112100 - Gaz ziemny w stanie gazowym [TJ];;TJ;brak_rekordu_w_api;;;;;;6649688;8212898000062;282
2024;2024;;Wallis i Futuna;WF;kraj_lub_terytorium;27111100;27111100 - Gaz ziemny skroplony [TJ];;TJ;brak_rekordu_w_api;;;;;;6649673;8212945000062;282
2024;2024;;Wallis i Futuna;WF;kraj_lub_terytorium;27112100;27112100 - Gaz ziemny w stanie gazowym [TJ];;TJ;brak_rekordu_w_api;;;;;;6649673;8212898000062;282
2024;2024;;Watykan;VA;kraj_lub_terytorium;27111100;27111100 - Gaz ziemny skroplony [TJ];;TJ;brak_rekordu_w_api;;;;;;6649907;8212945000062;282
2024;2024;;Watykan;VA;kraj_lub_terytorium;27112100;27112100 - Gaz ziemny w stanie gazowym [TJ];;TJ;brak_rekordu_w_api;;;;;;6649907;8212898000062;282
2024;2024;;Wenezuela;VE;kraj_lub_terytorium;27111100;27111100 - Gaz ziemny skroplony [TJ];;TJ;brak_rekordu_w_api;;;;;;6649764;8212945000062;282
2024;2024;;Wenezuela;VE;kraj_lub_terytorium;27112100;27112100 - Gaz ziemny w stanie gazowym [TJ];;TJ;brak_rekordu_w_api;;;;;;6649764;8212898000062;282
2024;2024;;Wielka Brytania;GB;kraj_lub_terytorium;27111100;27111100 - Gaz ziemny skroplony [TJ];;TJ;brak_rekordu_w_api;;;;;;6649877;8212945000062;282
2024;2024;;Wielka Brytania;GB;kraj_lub_terytorium;27112100;27112100 - Gaz ziemny w stanie gazowym [TJ];;TJ;brak_rekordu_w_api;;;;;;6649877;8212898000062;282
2024;2024;;Wietnam;VN;kraj_lub_terytorium;27111100;27111100 - Gaz ziemny skroplony [TJ];;TJ;brak_rekordu_w_api;;;;;;7548674;8212945000062;282
2024;2024;;Wietnam;VN;kraj_lub_terytorium;27112100;27112100 - Gaz ziemny w stanie gazowym [TJ];;TJ;brak_rekordu_w_api;;;;;;7548674;8212898000062;282
2024;2024;;Wybrzeże Kości Słoniowej;CI;kraj_lub_terytorium;27111100;27111100 - Gaz ziemny skroplony [TJ];;TJ;brak_rekordu_w_api;;;;;;6649738;8212945000062;282
2024;2024;;Wybrzeże Kości Słoniowej;CI;kraj_lub_terytorium;27112100;27112100 - Gaz ziemny w stanie gazowym [TJ];;TJ;brak_rekordu_w_api;;;;;;6649738;8212898000062;282
2024;2024;;Wyspa Bouveta;BV;kraj_lub_terytorium;27111100;27111100 - Gaz ziemny skroplony [TJ];;TJ;brak_rekordu_w_api;;;;;;6649758;8212945000062;282
2024;2024;;Wyspa Bouveta;BV;kraj_lub_terytorium;27112100;27112100 - Gaz ziemny w stanie gazowym [TJ];;TJ;brak_rekordu_w_api;;;;;;6649758;8212898000062;282
2024;2024;;Wyspa Bożego Narodzenia;CX;kraj_lub_terytorium;27111100;27111100 - Gaz ziemny skroplony [TJ];;TJ;brak_rekordu_w_api;;;;;;6649860;8212945000062;282
2024;2024;;Wyspa Bożego Narodzenia;CX;kraj_lub_terytorium;27112100;27112100 - Gaz ziemny w stanie gazowym [TJ];;TJ;brak_rekordu_w_api;;;;;;6649860;8212898000062;282
2024;2024;;Wyspa Świętej Heleny, Wyspa Wniebowstąpienia i Tristan da Cunha;SH;kraj_lub_terytorium;27111100;27111100 - Gaz ziemny skroplony [TJ];;TJ;brak_rekordu_w_api;;;;;;6649720;8212945000062;282
2024;2024;;Wyspa Świętej Heleny, Wyspa Wniebowstąpienia i Tristan da Cunha;SH;kraj_lub_terytorium;27112100;27112100 - Gaz ziemny w stanie gazowym [TJ];;TJ;brak_rekordu_w_api;;;;;;6649720;8212898000062;282
2024;2024;;Wyspy Cooka;CK;kraj_lub_terytorium;27111100;27111100 - Gaz ziemny skroplony [TJ];;TJ;brak_rekordu_w_api;;;;;;6649697;8212945000062;282
2024;2024;;Wyspy Cooka;CK;kraj_lub_terytorium;27112100;27112100 - Gaz ziemny w stanie gazowym [TJ];;TJ;brak_rekordu_w_api;;;;;;6649697;8212898000062;282
2024;2024;;Wyspy Dziewicze Stanów Zjednoczonych;VI;kraj_lub_terytorium;27111100;27111100 - Gaz ziemny skroplony [TJ];;TJ;brak_rekordu_w_api;;;;;;6649782;8212945000062;282
2024;2024;;Wyspy Dziewicze Stanów Zjednoczonych;VI;kraj_lub_terytorium;27112100;27112100 - Gaz ziemny w stanie gazowym [TJ];;TJ;brak_rekordu_w_api;;;;;;6649782;8212898000062;282
2024;2024;;Wyspy Heard i McDonalda;HM;kraj_lub_terytorium;27111100;27111100 - Gaz ziemny skroplony [TJ];;TJ;brak_rekordu_w_api;;;;;;6649691;8212945000062;282
2024;2024;;Wyspy Heard i McDonalda;HM;kraj_lub_terytorium;27112100;27112100 - Gaz ziemny w stanie gazowym [TJ];;TJ;brak_rekordu_w_api;;;;;;6649691;8212898000062;282
2024;2024;;Wyspy Kokosowe (inaczej Wyspy Keelinga);CC;kraj_lub_terytorium;27111100;27111100 - Gaz ziemny skroplony [TJ];;TJ;brak_rekordu_w_api;;;;;;7473122;8212945000062;282
2024;2024;;Wyspy Kokosowe (inaczej Wyspy Keelinga);CC;kraj_lub_terytorium;27112100;27112100 - Gaz ziemny w stanie gazowym [TJ];;TJ;brak_rekordu_w_api;;;;;;7473122;8212898000062;282
2024;2024;;Wyspy Marshalla;MH;kraj_lub_terytorium;27111100;27111100 - Gaz ziemny skroplony [TJ];;TJ;brak_rekordu_w_api;;;;;;6649681;8212945000062;282
2024;2024;;Wyspy Marshalla;MH;kraj_lub_terytorium;27112100;27112100 - Gaz ziemny w stanie gazowym [TJ];;TJ;brak_rekordu_w_api;;;;;;6649681;8212898000062;282
2024;2024;;Wyspy Owcze;FO;kraj_lub_terytorium;27111100;27111100 - Gaz ziemny skroplony [TJ];;TJ;brak_rekordu_w_api;;;;;;6649914;8212945000062;282
2024;2024;;Wyspy Owcze;FO;kraj_lub_terytorium;27112100;27112100 - Gaz ziemny w stanie gazowym [TJ];;TJ;brak_rekordu_w_api;;;;;;6649914;8212898000062;282
2024;2024;;Wyspy Salomona;SB;kraj_lub_terytorium;27111100;27111100 - Gaz ziemny skroplony [TJ];;TJ;brak_rekordu_w_api;;;;;;6649698;8212945000062;282
2024;2024;;Wyspy Salomona;SB;kraj_lub_terytorium;27112100;27112100 - Gaz ziemny w stanie gazowym [TJ];;TJ;brak_rekordu_w_api;;;;;;6649698;8212898000062;282
2024;2024;;Wyspy Świętego Tomasza i Książęca;ST;kraj_lub_terytorium;27111100;27111100 - Gaz ziemny skroplony [TJ];;TJ;brak_rekordu_w_api;;;;;;6649718;8212945000062;282
2024;2024;;Wyspy Świętego Tomasza i Książęca;ST;kraj_lub_terytorium;27112100;27112100 - Gaz ziemny w stanie gazowym [TJ];;TJ;brak_rekordu_w_api;;;;;;6649718;8212898000062;282
2024;2024;;Węgry;HU;kraj_lub_terytorium;27111100;27111100 - Gaz ziemny skroplony [TJ];;TJ;brak_rekordu_w_api;;;;;;6649906;8212945000062;282
2024;2024;;Węgry;HU;kraj_lub_terytorium;27112100;27112100 - Gaz ziemny w stanie gazowym [TJ];;TJ;brak_rekordu_w_api;;;;;;6649906;8212898000062;282
2024;2024;;Włochy;IT;kraj_lub_terytorium;27111100;27111100 - Gaz ziemny skroplony [TJ];;TJ;brak_rekordu_w_api;;;;;;6649903;8212945000062;282
2024;2024;;Włochy;IT;kraj_lub_terytorium;27112100;27112100 - Gaz ziemny w stanie gazowym [TJ];;TJ;brak_rekordu_w_api;;;;;;6649903;8212898000062;282
2024;2024;;Zambia;ZM;kraj_lub_terytorium;27111100;27111100 - Gaz ziemny skroplony [TJ];;TJ;brak_rekordu_w_api;;;;;;6649701;8212945000062;282
2024;2024;;Zambia;ZM;kraj_lub_terytorium;27112100;27112100 - Gaz ziemny w stanie gazowym [TJ];;TJ;brak_rekordu_w_api;;;;;;6649701;8212898000062;282
2024;2024;;Zap. i zaop. statków, niezn.arm.;QQ;kategoria_specjalna;27111100;27111100 - Gaz ziemny skroplony [TJ];;TJ;brak_rekordu_w_api;;;;;;7277329;8212945000062;282
2024;2024;;Zap. i zaop. statków, niezn.arm.;QQ;kategoria_specjalna;27112100;27112100 - Gaz ziemny w stanie gazowym [TJ];;TJ;brak_rekordu_w_api;;;;;;7277329;8212898000062;282
2024;2024;;Zimbabwe;ZW;kraj_lub_terytorium;27111100;27111100 - Gaz ziemny skroplony [TJ];;TJ;brak_rekordu_w_api;;;;;;6649712;8212945000062;282
2024;2024;;Zimbabwe;ZW;kraj_lub_terytorium;27112100;27112100 - Gaz ziemny w stanie gazowym [TJ];;TJ;brak_rekordu_w_api;;;;;;6649712;8212898000062;282
2024;2024;;Zjednoczone Emiraty Arabskie;AE;kraj_lub_terytorium;27111100;27111100 - Gaz ziemny skroplony [TJ];;TJ;brak_rekordu_w_api;;;;;;6649823;8212945000062;282
2024;2024;;Zjednoczone Emiraty Arabskie;AE;kraj_lub_terytorium;27112100;27112100 - Gaz ziemny w stanie gazowym [TJ];;TJ;brak_rekordu_w_api;;;;;;6649823;8212898000062;282
2024;2024;;Łotwa;LV;kraj_lub_terytorium;27111100;27111100 - Gaz ziemny skroplony [TJ];;TJ;brak_rekordu_w_api;;;;;;6649902;8212945000062;282
2024;2024;;Łotwa;LV;kraj_lub_terytorium;27112100;27112100 - Gaz ziemny w stanie gazowym [TJ];260,0;TJ;wartosc_opublikowana;Dane ostateczne;Dane jawne;Nie dotyczy;;1;6649902;8212898000062;282
2025;2025;;Afganistan;AF;kraj_lub_terytorium;27111100;27111100 - Gaz ziemny skroplony [TJ];;TJ;brak_rekordu_w_api;;;;;;6649873;8212945000062;282
2025;2025;;Afganistan;AF;kraj_lub_terytorium;27112100;27112100 - Gaz ziemny w stanie gazowym [TJ];;TJ;brak_rekordu_w_api;;;;;;6649873;8212898000062;282
2025;2025;;Albania;AL;kraj_lub_terytorium;27111100;27111100 - Gaz ziemny skroplony [TJ];;TJ;brak_rekordu_w_api;;;;;;6649925;8212945000062;282
2025;2025;;Albania;AL;kraj_lub_terytorium;27112100;27112100 - Gaz ziemny w stanie gazowym [TJ];;TJ;brak_rekordu_w_api;;;;;;6649925;8212898000062;282
2025;2025;;Algieria;DZ;kraj_lub_terytorium;27111100;27111100 - Gaz ziemny skroplony [TJ];;TJ;brak_rekordu_w_api;;;;;;6649763;8212945000062;282
2025;2025;;Algieria;DZ;kraj_lub_terytorium;27112100;27112100 - Gaz ziemny w stanie gazowym [TJ];;TJ;brak_rekordu_w_api;;;;;;6649763;8212898000062;282
2025;2025;;Andora;AD;kraj_lub_terytorium;27111100;27111100 - Gaz ziemny skroplony [TJ];;TJ;brak_rekordu_w_api;;;;;;6649924;8212945000062;282
2025;2025;;Andora;AD;kraj_lub_terytorium;27112100;27112100 - Gaz ziemny w stanie gazowym [TJ];;TJ;brak_rekordu_w_api;;;;;;6649924;8212898000062;282
2025;2025;;Angola;AO;kraj_lub_terytorium;27111100;27111100 - Gaz ziemny skroplony [TJ];;TJ;brak_rekordu_w_api;;;;;;6649760;8212945000062;282
2025;2025;;Angola;AO;kraj_lub_terytorium;27112100;27112100 - Gaz ziemny w stanie gazowym [TJ];;TJ;brak_rekordu_w_api;;;;;;6649760;8212898000062;282
2025;2025;;Anguilla;AI;kraj_lub_terytorium;27111100;27111100 - Gaz ziemny skroplony [TJ];;TJ;brak_rekordu_w_api;;;;;;6649790;8212945000062;282
2025;2025;;Anguilla;AI;kraj_lub_terytorium;27112100;27112100 - Gaz ziemny w stanie gazowym [TJ];;TJ;brak_rekordu_w_api;;;;;;6649790;8212898000062;282
2025;2025;;Antarktyda;AQ;kraj_lub_terytorium;27111100;27111100 - Gaz ziemny skroplony [TJ];;TJ;brak_rekordu_w_api;;;;;;6649670;8212945000062;282
2025;2025;;Antarktyda;AQ;kraj_lub_terytorium;27112100;27112100 - Gaz ziemny w stanie gazowym [TJ];;TJ;brak_rekordu_w_api;;;;;;6649670;8212898000062;282
2025;2025;;Antigua i Barbuda;AG;kraj_lub_terytorium;27111100;27111100 - Gaz ziemny skroplony [TJ];;TJ;brak_rekordu_w_api;;;;;;6649818;8212945000062;282
2025;2025;;Antigua i Barbuda;AG;kraj_lub_terytorium;27112100;27112100 - Gaz ziemny w stanie gazowym [TJ];;TJ;brak_rekordu_w_api;;;;;;6649818;8212898000062;282
2025;2025;;Arabia Saudyjska;SA;kraj_lub_terytorium;27111100;27111100 - Gaz ziemny skroplony [TJ];;TJ;brak_rekordu_w_api;;;;;;6649830;8212945000062;282
2025;2025;;Arabia Saudyjska;SA;kraj_lub_terytorium;27112100;27112100 - Gaz ziemny w stanie gazowym [TJ];;TJ;brak_rekordu_w_api;;;;;;6649830;8212898000062;282
2025;2025;;Argentyna;AR;kraj_lub_terytorium;27111100;27111100 - Gaz ziemny skroplony [TJ];;TJ;brak_rekordu_w_api;;;;;;6649781;8212945000062;282
2025;2025;;Argentyna;AR;kraj_lub_terytorium;27112100;27112100 - Gaz ziemny w stanie gazowym [TJ];;TJ;brak_rekordu_w_api;;;;;;6649781;8212898000062;282
2025;2025;;Armenia;AM;kraj_lub_terytorium;27111100;27111100 - Gaz ziemny skroplony [TJ];;TJ;brak_rekordu_w_api;;;;;;6649869;8212945000062;282
2025;2025;;Armenia;AM;kraj_lub_terytorium;27112100;27112100 - Gaz ziemny w stanie gazowym [TJ];;TJ;brak_rekordu_w_api;;;;;;6649869;8212898000062;282
2025;2025;;Aruba;AW;kraj_lub_terytorium;27111100;27111100 - Gaz ziemny skroplony [TJ];;TJ;brak_rekordu_w_api;;;;;;6649770;8212945000062;282
2025;2025;;Aruba;AW;kraj_lub_terytorium;27112100;27112100 - Gaz ziemny w stanie gazowym [TJ];;TJ;brak_rekordu_w_api;;;;;;6649770;8212898000062;282
2025;2025;;Australia;AU;kraj_lub_terytorium;27111100;27111100 - Gaz ziemny skroplony [TJ];;TJ;brak_rekordu_w_api;;;;;;6649699;8212945000062;282
2025;2025;;Australia;AU;kraj_lub_terytorium;27112100;27112100 - Gaz ziemny w stanie gazowym [TJ];;TJ;brak_rekordu_w_api;;;;;;6649699;8212898000062;282
2025;2025;;Austria;AT;kraj_lub_terytorium;27111100;27111100 - Gaz ziemny skroplony [TJ];;TJ;brak_rekordu_w_api;;;;;;6649923;8212945000062;282
2025;2025;;Austria;AT;kraj_lub_terytorium;27112100;27112100 - Gaz ziemny w stanie gazowym [TJ];;TJ;brak_rekordu_w_api;;;;;;6649923;8212898000062;282
2025;2025;;Azerbejdżan;AZ;kraj_lub_terytorium;27111100;27111100 - Gaz ziemny skroplony [TJ];;TJ;brak_rekordu_w_api;;;;;;6649872;8212945000062;282
2025;2025;;Azerbejdżan;AZ;kraj_lub_terytorium;27112100;27112100 - Gaz ziemny w stanie gazowym [TJ];;TJ;brak_rekordu_w_api;;;;;;6649872;8212898000062;282
2025;2025;;Bahamy;BS;kraj_lub_terytorium;27111100;27111100 - Gaz ziemny skroplony [TJ];;TJ;brak_rekordu_w_api;;;;;;7473138;8212945000062;282
2025;2025;;Bahamy;BS;kraj_lub_terytorium;27112100;27112100 - Gaz ziemny w stanie gazowym [TJ];;TJ;brak_rekordu_w_api;;;;;;7473138;8212898000062;282
2025;2025;;Bahrajn;BH;kraj_lub_terytorium;27111100;27111100 - Gaz ziemny skroplony [TJ];;TJ;brak_rekordu_w_api;;;;;;6649871;8212945000062;282
2025;2025;;Bahrajn;BH;kraj_lub_terytorium;27112100;27112100 - Gaz ziemny w stanie gazowym [TJ];;TJ;brak_rekordu_w_api;;;;;;6649871;8212898000062;282
2025;2025;;Bangladesz;BD;kraj_lub_terytorium;27111100;27111100 - Gaz ziemny skroplony [TJ];;TJ;brak_rekordu_w_api;;;;;;6649870;8212945000062;282
2025;2025;;Bangladesz;BD;kraj_lub_terytorium;27112100;27112100 - Gaz ziemny w stanie gazowym [TJ];;TJ;brak_rekordu_w_api;;;;;;6649870;8212898000062;282
2025;2025;;Barbados;BB;kraj_lub_terytorium;27111100;27111100 - Gaz ziemny skroplony [TJ];;TJ;brak_rekordu_w_api;;;;;;6649817;8212945000062;282
2025;2025;;Barbados;BB;kraj_lub_terytorium;27112100;27112100 - Gaz ziemny w stanie gazowym [TJ];;TJ;brak_rekordu_w_api;;;;;;6649817;8212898000062;282
2025;2025;;Belgia;BE;kraj_lub_terytorium;27111100;27111100 - Gaz ziemny skroplony [TJ];;TJ;brak_rekordu_w_api;;;;;;6649922;8212945000062;282
2025;2025;;Belgia;BE;kraj_lub_terytorium;27112100;27112100 - Gaz ziemny w stanie gazowym [TJ];;TJ;brak_rekordu_w_api;;;;;;6649922;8212898000062;282
2025;2025;;Belize;BZ;kraj_lub_terytorium;27111100;27111100 - Gaz ziemny skroplony [TJ];;TJ;brak_rekordu_w_api;;;;;;6649815;8212945000062;282
2025;2025;;Belize;BZ;kraj_lub_terytorium;27112100;27112100 - Gaz ziemny w stanie gazowym [TJ];;TJ;brak_rekordu_w_api;;;;;;6649815;8212898000062;282
2025;2025;;Benin;BJ;kraj_lub_terytorium;27111100;27111100 - Gaz ziemny skroplony [TJ];;TJ;brak_rekordu_w_api;;;;;;6649747;8212945000062;282
2025;2025;;Benin;BJ;kraj_lub_terytorium;27112100;27112100 - Gaz ziemny w stanie gazowym [TJ];;TJ;brak_rekordu_w_api;;;;;;6649747;8212898000062;282
2025;2025;;Bermudy;BM;kraj_lub_terytorium;27111100;27111100 - Gaz ziemny skroplony [TJ];;TJ;brak_rekordu_w_api;;;;;;6649816;8212945000062;282
2025;2025;;Bermudy;BM;kraj_lub_terytorium;27112100;27112100 - Gaz ziemny w stanie gazowym [TJ];;TJ;brak_rekordu_w_api;;;;;;6649816;8212898000062;282
2025;2025;;Bhutan;BT;kraj_lub_terytorium;27111100;27111100 - Gaz ziemny skroplony [TJ];;TJ;brak_rekordu_w_api;;;;;;6649868;8212945000062;282
2025;2025;;Bhutan;BT;kraj_lub_terytorium;27112100;27112100 - Gaz ziemny w stanie gazowym [TJ];;TJ;brak_rekordu_w_api;;;;;;6649868;8212898000062;282
2025;2025;;Białoruś;BY;kraj_lub_terytorium;27111100;27111100 - Gaz ziemny skroplony [TJ];;TJ;brak_rekordu_w_api;;;;;;6649919;8212945000062;282
2025;2025;;Białoruś;BY;kraj_lub_terytorium;27112100;27112100 - Gaz ziemny w stanie gazowym [TJ];;TJ;brak_rekordu_w_api;;;;;;6649919;8212898000062;282
2025;2025;;Boliwia;BO;kraj_lub_terytorium;27111100;27111100 - Gaz ziemny skroplony [TJ];;TJ;brak_rekordu_w_api;;;;;;6649780;8212945000062;282
2025;2025;;Boliwia;BO;kraj_lub_terytorium;27112100;27112100 - Gaz ziemny w stanie gazowym [TJ];;TJ;brak_rekordu_w_api;;;;;;6649780;8212898000062;282
2025;2025;;Bonaire, Sint Eustatius i Saba;BQ;kraj_lub_terytorium;27111100;27111100 - Gaz ziemny skroplony [TJ];;TJ;brak_rekordu_w_api;;;;;;6649769;8212945000062;282
2025;2025;;Bonaire, Sint Eustatius i Saba;BQ;kraj_lub_terytorium;27112100;27112100 - Gaz ziemny w stanie gazowym [TJ];;TJ;brak_rekordu_w_api;;;;;;6649769;8212898000062;282
2025;2025;;Botswana;BW;kraj_lub_terytorium;27111100;27111100 - Gaz ziemny skroplony [TJ];;TJ;brak_rekordu_w_api;;;;;;6649759;8212945000062;282
2025;2025;;Botswana;BW;kraj_lub_terytorium;27112100;27112100 - Gaz ziemny w stanie gazowym [TJ];;TJ;brak_rekordu_w_api;;;;;;6649759;8212898000062;282
2025;2025;;Bośnia i Hercegowina;BA;kraj_lub_terytorium;27111100;27111100 - Gaz ziemny skroplony [TJ];;TJ;brak_rekordu_w_api;;;;;;6649921;8212945000062;282
2025;2025;;Bośnia i Hercegowina;BA;kraj_lub_terytorium;27112100;27112100 - Gaz ziemny w stanie gazowym [TJ];;TJ;brak_rekordu_w_api;;;;;;6649921;8212898000062;282
2025;2025;;Brazylia;BR;kraj_lub_terytorium;27111100;27111100 - Gaz ziemny skroplony [TJ];;TJ;brak_rekordu_w_api;;;;;;6649779;8212945000062;282
2025;2025;;Brazylia;BR;kraj_lub_terytorium;27112100;27112100 - Gaz ziemny w stanie gazowym [TJ];;TJ;brak_rekordu_w_api;;;;;;6649779;8212898000062;282
2025;2025;;Brunei;BN;kraj_lub_terytorium;27111100;27111100 - Gaz ziemny skroplony [TJ];;TJ;brak_rekordu_w_api;;;;;;6649866;8212945000062;282
2025;2025;;Brunei;BN;kraj_lub_terytorium;27112100;27112100 - Gaz ziemny w stanie gazowym [TJ];;TJ;brak_rekordu_w_api;;;;;;6649866;8212898000062;282
2025;2025;;Brytyjskie Terytorium Oceanu Indyjskiego;IO;kraj_lub_terytorium;27111100;27111100 - Gaz ziemny skroplony [TJ];;TJ;brak_rekordu_w_api;;;;;;6649867;8212945000062;282
2025;2025;;Brytyjskie Terytorium Oceanu Indyjskiego;IO;kraj_lub_terytorium;27112100;27112100 - Gaz ziemny w stanie gazowym [TJ];;TJ;brak_rekordu_w_api;;;;;;6649867;8212898000062;282
2025;2025;;Brytyjskie Wyspy Dziewicze;VG;kraj_lub_terytorium;27111100;27111100 - Gaz ziemny skroplony [TJ];;TJ;brak_rekordu_w_api;;;;;;6649814;8212945000062;282
2025;2025;;Brytyjskie Wyspy Dziewicze;VG;kraj_lub_terytorium;27112100;27112100 - Gaz ziemny w stanie gazowym [TJ];;TJ;brak_rekordu_w_api;;;;;;6649814;8212898000062;282
2025;2025;;Burkina Faso;BF;kraj_lub_terytorium;27111100;27111100 - Gaz ziemny skroplony [TJ];;TJ;brak_rekordu_w_api;;;;;;6649702;8212945000062;282
2025;2025;;Burkina Faso;BF;kraj_lub_terytorium;27112100;27112100 - Gaz ziemny w stanie gazowym [TJ];;TJ;brak_rekordu_w_api;;;;;;6649702;8212898000062;282
2025;2025;;Burundi;BI;kraj_lub_terytorium;27111100;27111100 - Gaz ziemny skroplony [TJ];;TJ;brak_rekordu_w_api;;;;;;6649757;8212945000062;282
2025;2025;;Burundi;BI;kraj_lub_terytorium;27112100;27112100 - Gaz ziemny w stanie gazowym [TJ];;TJ;brak_rekordu_w_api;;;;;;6649757;8212898000062;282
2025;2025;;Bułgaria;BG;kraj_lub_terytorium;27111100;27111100 - Gaz ziemny skroplony [TJ];;TJ;brak_rekordu_w_api;;;;;;6649920;8212945000062;282
2025;2025;;Bułgaria;BG;kraj_lub_terytorium;27112100;27112100 - Gaz ziemny w stanie gazowym [TJ];;TJ;brak_rekordu_w_api;;;;;;6649920;8212898000062;282
2025;2025;;Ceuta;XC;kraj_lub_terytorium;27111100;27111100 - Gaz ziemny skroplony [TJ];;TJ;brak_rekordu_w_api;;;;;;6649762;8212945000062;282
2025;2025;;Ceuta;XC;kraj_lub_terytorium;27112100;27112100 - Gaz ziemny w stanie gazowym [TJ];;TJ;brak_rekordu_w_api;;;;;;6649762;8212898000062;282
2025;2025;;Chile;CL;kraj_lub_terytorium;27111100;27111100 - Gaz ziemny skroplony [TJ];;TJ;brak_rekordu_w_api;;;;;;6649778;8212945000062;282
2025;2025;;Chile;CL;kraj_lub_terytorium;27112100;27112100 - Gaz ziemny w stanie gazowym [TJ];;TJ;brak_rekordu_w_api;;;;;;6649778;8212898000062;282
2025;2025;;Chiny;CN;kraj_lub_terytorium;27111100;27111100 - Gaz ziemny skroplony [TJ];;TJ;brak_rekordu_w_api;;;;;;6649862;8212945000062;282
2025;2025;;Chiny;CN;kraj_lub_terytorium;27112100;27112100 - Gaz ziemny w stanie gazowym [TJ];;TJ;brak_rekordu_w_api;;;;;;6649862;8212898000062;282
2025;2025;;Chorwacja;HR;kraj_lub_terytorium;27111100;27111100 - Gaz ziemny skroplony [TJ];;TJ;brak_rekordu_w_api;;;;;;6649918;8212945000062;282
2025;2025;;Chorwacja;HR;kraj_lub_terytorium;27112100;27112100 - Gaz ziemny w stanie gazowym [TJ];;TJ;brak_rekordu_w_api;;;;;;6649918;8212898000062;282
2025;2025;;Curaçao;CW;kraj_lub_terytorium;27111100;27111100 - Gaz ziemny skroplony [TJ];;TJ;brak_rekordu_w_api;;;;;;7463815;8212945000062;282
2025;2025;;Curaçao;CW;kraj_lub_terytorium;27112100;27112100 - Gaz ziemny w stanie gazowym [TJ];;TJ;brak_rekordu_w_api;;;;;;7463815;8212898000062;282
2025;2025;;Cypr;CY;kraj_lub_terytorium;27111100;27111100 - Gaz ziemny skroplony [TJ];;TJ;brak_rekordu_w_api;;;;;;6649917;8212945000062;282
2025;2025;;Cypr;CY;kraj_lub_terytorium;27112100;27112100 - Gaz ziemny w stanie gazowym [TJ];;TJ;brak_rekordu_w_api;;;;;;6649917;8212898000062;282
2025;2025;;Czad;TD;kraj_lub_terytorium;27111100;27111100 - Gaz ziemny skroplony [TJ];;TJ;brak_rekordu_w_api;;;;;;6649753;8212945000062;282
2025;2025;;Czad;TD;kraj_lub_terytorium;27112100;27112100 - Gaz ziemny w stanie gazowym [TJ];;TJ;brak_rekordu_w_api;;;;;;6649753;8212898000062;282
2025;2025;;Czarnogóra;ME;kraj_lub_terytorium;27111100;27111100 - Gaz ziemny skroplony [TJ];;TJ;brak_rekordu_w_api;;;;;;6649895;8212945000062;282
2025;2025;;Czarnogóra;ME;kraj_lub_terytorium;27112100;27112100 - Gaz ziemny w stanie gazowym [TJ];;TJ;brak_rekordu_w_api;;;;;;6649895;8212898000062;282
2025;2025;;Czechy;CZ;kraj_lub_terytorium;27111100;27111100 - Gaz ziemny skroplony [TJ];105,0;TJ;wartosc_opublikowana;Dane ostateczne;Dane jawne;Nie dotyczy;;1;7439975;8212945000062;282
2025;2025;;Czechy;CZ;kraj_lub_terytorium;27112100;27112100 - Gaz ziemny w stanie gazowym [TJ];;TJ;brak_rekordu_w_api;;;;;;7439975;8212898000062;282
2025;2025;;Dania;DK;kraj_lub_terytorium;27111100;27111100 - Gaz ziemny skroplony [TJ];;TJ;brak_rekordu_w_api;;;;;;6649916;8212945000062;282
2025;2025;;Dania;DK;kraj_lub_terytorium;27112100;27112100 - Gaz ziemny w stanie gazowym [TJ];;TJ;brak_rekordu_w_api;;;;;;6649916;8212898000062;282
2025;2025;;Demokratyczna Republika Konga;CD;kraj_lub_terytorium;27111100;27111100 - Gaz ziemny skroplony [TJ];;TJ;brak_rekordu_w_api;;;;;;6649750;8212945000062;282
2025;2025;;Demokratyczna Republika Konga;CD;kraj_lub_terytorium;27112100;27112100 - Gaz ziemny w stanie gazowym [TJ];;TJ;brak_rekordu_w_api;;;;;;6649750;8212898000062;282
2025;2025;;Dominika;DM;kraj_lub_terytorium;27111100;27111100 - Gaz ziemny skroplony [TJ];;TJ;brak_rekordu_w_api;;;;;;6649809;8212945000062;282
2025;2025;;Dominika;DM;kraj_lub_terytorium;27112100;27112100 - Gaz ziemny w stanie gazowym [TJ];;TJ;brak_rekordu_w_api;;;;;;6649809;8212898000062;282
2025;2025;;Dominikana;DO;kraj_lub_terytorium;27111100;27111100 - Gaz ziemny skroplony [TJ];;TJ;brak_rekordu_w_api;;;;;;6649941;8212945000062;282
2025;2025;;Dominikana;DO;kraj_lub_terytorium;27112100;27112100 - Gaz ziemny w stanie gazowym [TJ];;TJ;brak_rekordu_w_api;;;;;;6649941;8212898000062;282
2025;2025;;Dżibuti;DJ;kraj_lub_terytorium;27111100;27111100 - Gaz ziemny skroplony [TJ];;TJ;brak_rekordu_w_api;;;;;;6649743;8212945000062;282
2025;2025;;Dżibuti;DJ;kraj_lub_terytorium;27112100;27112100 - Gaz ziemny w stanie gazowym [TJ];;TJ;brak_rekordu_w_api;;;;;;6649743;8212898000062;282
2025;2025;;Egipt;EG;kraj_lub_terytorium;27111100;27111100 - Gaz ziemny skroplony [TJ];;TJ;brak_rekordu_w_api;;;;;;6649704;8212945000062;282
2025;2025;;Egipt;EG;kraj_lub_terytorium;27112100;27112100 - Gaz ziemny w stanie gazowym [TJ];;TJ;brak_rekordu_w_api;;;;;;6649704;8212898000062;282
2025;2025;;Ekwador;EC;kraj_lub_terytorium;27111100;27111100 - Gaz ziemny skroplony [TJ];;TJ;brak_rekordu_w_api;;;;;;6649776;8212945000062;282
2025;2025;;Ekwador;EC;kraj_lub_terytorium;27112100;27112100 - Gaz ziemny w stanie gazowym [TJ];;TJ;brak_rekordu_w_api;;;;;;6649776;8212898000062;282
2025;2025;;Erytrea;ER;kraj_lub_terytorium;27111100;27111100 - Gaz ziemny skroplony [TJ];;TJ;brak_rekordu_w_api;;;;;;6649744;8212945000062;282
2025;2025;;Erytrea;ER;kraj_lub_terytorium;27112100;27112100 - Gaz ziemny w stanie gazowym [TJ];;TJ;brak_rekordu_w_api;;;;;;6649744;8212898000062;282
2025;2025;;Estonia;EE;kraj_lub_terytorium;27111100;27111100 - Gaz ziemny skroplony [TJ];;TJ;brak_rekordu_w_api;;;;;;6649915;8212945000062;282
2025;2025;;Estonia;EE;kraj_lub_terytorium;27112100;27112100 - Gaz ziemny w stanie gazowym [TJ];;TJ;brak_rekordu_w_api;;;;;;6649915;8212898000062;282
2025;2025;;Eswatini;SZ;kraj_lub_terytorium;27111100;27111100 - Gaz ziemny skroplony [TJ];;TJ;brak_rekordu_w_api;;;;;;7437348;8212945000062;282
2025;2025;;Eswatini;SZ;kraj_lub_terytorium;27112100;27112100 - Gaz ziemny w stanie gazowym [TJ];;TJ;brak_rekordu_w_api;;;;;;7437348;8212898000062;282
2025;2025;;Etiopia;ET;kraj_lub_terytorium;27111100;27111100 - Gaz ziemny skroplony [TJ];;TJ;brak_rekordu_w_api;;;;;;6649745;8212945000062;282
2025;2025;;Etiopia;ET;kraj_lub_terytorium;27112100;27112100 - Gaz ziemny w stanie gazowym [TJ];;TJ;brak_rekordu_w_api;;;;;;6649745;8212898000062;282
2025;2025;;Falklandy;FK;kraj_lub_terytorium;27111100;27111100 - Gaz ziemny skroplony [TJ];;TJ;brak_rekordu_w_api;;;;;;6649775;8212945000062;282
2025;2025;;Falklandy;FK;kraj_lub_terytorium;27112100;27112100 - Gaz ziemny w stanie gazowym [TJ];;TJ;brak_rekordu_w_api;;;;;;6649775;8212898000062;282
2025;2025;;Fidżi;FJ;kraj_lub_terytorium;27111100;27111100 - Gaz ziemny skroplony [TJ];;TJ;brak_rekordu_w_api;;;;;;6649696;8212945000062;282
2025;2025;;Fidżi;FJ;kraj_lub_terytorium;27112100;27112100 - Gaz ziemny w stanie gazowym [TJ];;TJ;brak_rekordu_w_api;;;;;;6649696;8212898000062;282
2025;2025;;Filipiny;PH;kraj_lub_terytorium;27111100;27111100 - Gaz ziemny skroplony [TJ];;TJ;brak_rekordu_w_api;;;;;;6649833;8212945000062;282
2025;2025;;Filipiny;PH;kraj_lub_terytorium;27112100;27112100 - Gaz ziemny w stanie gazowym [TJ];;TJ;brak_rekordu_w_api;;;;;;6649833;8212898000062;282
2025;2025;;Finlandia;FI;kraj_lub_terytorium;27111100;27111100 - Gaz ziemny skroplony [TJ];;TJ;brak_rekordu_w_api;;;;;;6649913;8212945000062;282
2025;2025;;Finlandia;FI;kraj_lub_terytorium;27112100;27112100 - Gaz ziemny w stanie gazowym [TJ];;TJ;brak_rekordu_w_api;;;;;;6649913;8212898000062;282
2025;2025;;Francja;FR;kraj_lub_terytorium;27111100;27111100 - Gaz ziemny skroplony [TJ];;TJ;brak_rekordu_w_api;;;;;;6649911;8212945000062;282
2025;2025;;Francja;FR;kraj_lub_terytorium;27112100;27112100 - Gaz ziemny w stanie gazowym [TJ];;TJ;brak_rekordu_w_api;;;;;;6649911;8212898000062;282
2025;2025;;Francuskie Terytoria Południowe;TF;kraj_lub_terytorium;27111100;27111100 - Gaz ziemny skroplony [TJ];;TJ;brak_rekordu_w_api;;;;;;7548413;8212945000062;282
2025;2025;;Francuskie Terytoria Południowe;TF;kraj_lub_terytorium;27112100;27112100 - Gaz ziemny w stanie gazowym [TJ];;TJ;brak_rekordu_w_api;;;;;;7548413;8212898000062;282
2025;2025;;Gabon;GA;kraj_lub_terytorium;27111100;27111100 - Gaz ziemny skroplony [TJ];;TJ;brak_rekordu_w_api;;;;;;6649742;8212945000062;282
2025;2025;;Gabon;GA;kraj_lub_terytorium;27112100;27112100 - Gaz ziemny w stanie gazowym [TJ];;TJ;brak_rekordu_w_api;;;;;;6649742;8212898000062;282
2025;2025;;Gambia;GM;kraj_lub_terytorium;27111100;27111100 - Gaz ziemny skroplony [TJ];;TJ;brak_rekordu_w_api;;;;;;7475101;8212945000062;282
2025;2025;;Gambia;GM;kraj_lub_terytorium;27112100;27112100 - Gaz ziemny w stanie gazowym [TJ];;TJ;brak_rekordu_w_api;;;;;;7475101;8212898000062;282
2025;2025;;Georgia Południowa i Sandwich Południowy;GS;kraj_lub_terytorium;27111100;27111100 - Gaz ziemny skroplony [TJ];;TJ;brak_rekordu_w_api;;;;;;6649774;8212945000062;282
2025;2025;;Georgia Południowa i Sandwich Południowy;GS;kraj_lub_terytorium;27112100;27112100 - Gaz ziemny w stanie gazowym [TJ];;TJ;brak_rekordu_w_api;;;;;;6649774;8212898000062;282
2025;2025;;Ghana;GH;kraj_lub_terytorium;27111100;27111100 - Gaz ziemny skroplony [TJ];;TJ;brak_rekordu_w_api;;;;;;6649740;8212945000062;282
2025;2025;;Ghana;GH;kraj_lub_terytorium;27112100;27112100 - Gaz ziemny w stanie gazowym [TJ];;TJ;brak_rekordu_w_api;;;;;;6649740;8212898000062;282
2025;2025;;Gibraltar;GI;kraj_lub_terytorium;27111100;27111100 - Gaz ziemny skroplony [TJ];;TJ;brak_rekordu_w_api;;;;;;6649909;8212945000062;282
2025;2025;;Gibraltar;GI;kraj_lub_terytorium;27112100;27112100 - Gaz ziemny w stanie gazowym [TJ];;TJ;brak_rekordu_w_api;;;;;;6649909;8212898000062;282
2025;2025;;Grecja;GR;kraj_lub_terytorium;27111100;27111100 - Gaz ziemny skroplony [TJ];;TJ;brak_rekordu_w_api;;;;;;6649908;8212945000062;282
2025;2025;;Grecja;GR;kraj_lub_terytorium;27112100;27112100 - Gaz ziemny w stanie gazowym [TJ];;TJ;brak_rekordu_w_api;;;;;;6649908;8212898000062;282
2025;2025;;Grenada;GD;kraj_lub_terytorium;27111100;27111100 - Gaz ziemny skroplony [TJ];;TJ;brak_rekordu_w_api;;;;;;6649806;8212945000062;282
2025;2025;;Grenada;GD;kraj_lub_terytorium;27112100;27112100 - Gaz ziemny w stanie gazowym [TJ];;TJ;brak_rekordu_w_api;;;;;;6649806;8212898000062;282
2025;2025;;Grenlandia;GL;kraj_lub_terytorium;27111100;27111100 - Gaz ziemny skroplony [TJ];;TJ;brak_rekordu_w_api;;;;;;6649807;8212945000062;282
2025;2025;;Grenlandia;GL;kraj_lub_terytorium;27112100;27112100 - Gaz ziemny w stanie gazowym [TJ];;TJ;brak_rekordu_w_api;;;;;;6649807;8212898000062;282
2025;2025;;Gruzja;GE;kraj_lub_terytorium;27111100;27111100 - Gaz ziemny skroplony [TJ];;TJ;brak_rekordu_w_api;;;;;;6649858;8212945000062;282
2025;2025;;Gruzja;GE;kraj_lub_terytorium;27112100;27112100 - Gaz ziemny w stanie gazowym [TJ];;TJ;brak_rekordu_w_api;;;;;;6649858;8212898000062;282
2025;2025;;Guam;GU;kraj_lub_terytorium;27111100;27111100 - Gaz ziemny skroplony [TJ];;TJ;brak_rekordu_w_api;;;;;;6649692;8212945000062;282
2025;2025;;Guam;GU;kraj_lub_terytorium;27112100;27112100 - Gaz ziemny w stanie gazowym [TJ];;TJ;brak_rekordu_w_api;;;;;;6649692;8212898000062;282
2025;2025;;Gujana;GY;kraj_lub_terytorium;27111100;27111100 - Gaz ziemny skroplony [TJ];;TJ;brak_rekordu_w_api;;;;;;6649772;8212945000062;282
2025;2025;;Gujana;GY;kraj_lub_terytorium;27112100;27112100 - Gaz ziemny w stanie gazowym [TJ];;TJ;brak_rekordu_w_api;;;;;;6649772;8212898000062;282
2025;2025;;Gwatemala;GT;kraj_lub_terytorium;27111100;27111100 - Gaz ziemny skroplony [TJ];;TJ;brak_rekordu_w_api;;;;;;6649804;8212945000062;282
2025;2025;;Gwatemala;GT;kraj_lub_terytorium;27112100;27112100 - Gaz ziemny w stanie gazowym [TJ];;TJ;brak_rekordu_w_api;;;;;;6649804;8212898000062;282
2025;2025;;Gwinea;GN;kraj_lub_terytorium;27111100;27111100 - Gaz ziemny skroplony [TJ];;TJ;brak_rekordu_w_api;;;;;;6649739;8212945000062;282
2025;2025;;Gwinea;GN;kraj_lub_terytorium;27112100;27112100 - Gaz ziemny w stanie gazowym [TJ];;TJ;brak_rekordu_w_api;;;;;;6649739;8212898000062;282
2025;2025;;Gwinea Bissau;GW;kraj_lub_terytorium;27111100;27111100 - Gaz ziemny skroplony [TJ];;TJ;brak_rekordu_w_api;;;;;;6649723;8212945000062;282
2025;2025;;Gwinea Bissau;GW;kraj_lub_terytorium;27112100;27112100 - Gaz ziemny w stanie gazowym [TJ];;TJ;brak_rekordu_w_api;;;;;;6649723;8212898000062;282
2025;2025;;Gwinea Równikowa;GQ;kraj_lub_terytorium;27111100;27111100 - Gaz ziemny skroplony [TJ];;TJ;brak_rekordu_w_api;;;;;;6649746;8212945000062;282
2025;2025;;Gwinea Równikowa;GQ;kraj_lub_terytorium;27112100;27112100 - Gaz ziemny w stanie gazowym [TJ];;TJ;brak_rekordu_w_api;;;;;;6649746;8212898000062;282
2025;2025;;Haiti;HT;kraj_lub_terytorium;27111100;27111100 - Gaz ziemny skroplony [TJ];;TJ;brak_rekordu_w_api;;;;;;6649803;8212945000062;282
2025;2025;;Haiti;HT;kraj_lub_terytorium;27112100;27112100 - Gaz ziemny w stanie gazowym [TJ];;TJ;brak_rekordu_w_api;;;;;;6649803;8212898000062;282
2025;2025;;Hiszpania;ES;kraj_lub_terytorium;27111100;27111100 - Gaz ziemny skroplony [TJ];;TJ;brak_rekordu_w_api;;;;;;6649884;8212945000062;282
2025;2025;;Hiszpania;ES;kraj_lub_terytorium;27112100;27112100 - Gaz ziemny w stanie gazowym [TJ];;TJ;brak_rekordu_w_api;;;;;;6649884;8212898000062;282
2025;2025;;Holandia;NL;kraj_lub_terytorium;27111100;27111100 - Gaz ziemny skroplony [TJ];;TJ;brak_rekordu_w_api;;;;;;6649894;8212945000062;282
2025;2025;;Holandia;NL;kraj_lub_terytorium;27112100;27112100 - Gaz ziemny w stanie gazowym [TJ];;TJ;brak_rekordu_w_api;;;;;;6649894;8212898000062;282
2025;2025;;Honduras;HN;kraj_lub_terytorium;27111100;27111100 - Gaz ziemny skroplony [TJ];;TJ;brak_rekordu_w_api;;;;;;6649802;8212945000062;282
2025;2025;;Honduras;HN;kraj_lub_terytorium;27112100;27112100 - Gaz ziemny w stanie gazowym [TJ];;TJ;brak_rekordu_w_api;;;;;;6649802;8212898000062;282
2025;2025;;Hongkong;HK;kraj_lub_terytorium;27111100;27111100 - Gaz ziemny skroplony [TJ];;TJ;brak_rekordu_w_api;;;;;;7475865;8212945000062;282
2025;2025;;Hongkong;HK;kraj_lub_terytorium;27112100;27112100 - Gaz ziemny w stanie gazowym [TJ];;TJ;brak_rekordu_w_api;;;;;;7475865;8212898000062;282
2025;2025;;Indie;IN;kraj_lub_terytorium;27111100;27111100 - Gaz ziemny skroplony [TJ];;TJ;brak_rekordu_w_api;;;;;;6649855;8212945000062;282
2025;2025;;Indie;IN;kraj_lub_terytorium;27112100;27112100 - Gaz ziemny w stanie gazowym [TJ];;TJ;brak_rekordu_w_api;;;;;;6649855;8212898000062;282
2025;2025;;Indonezja;ID;kraj_lub_terytorium;27111100;27111100 - Gaz ziemny skroplony [TJ];;TJ;brak_rekordu_w_api;;;;;;6649854;8212945000062;282
2025;2025;;Indonezja;ID;kraj_lub_terytorium;27112100;27112100 - Gaz ziemny w stanie gazowym [TJ];;TJ;brak_rekordu_w_api;;;;;;6649854;8212898000062;282
2025;2025;;Irak;IQ;kraj_lub_terytorium;27111100;27111100 - Gaz ziemny skroplony [TJ];;TJ;brak_rekordu_w_api;;;;;;6649852;8212945000062;282
2025;2025;;Irak;IQ;kraj_lub_terytorium;27112100;27112100 - Gaz ziemny w stanie gazowym [TJ];;TJ;brak_rekordu_w_api;;;;;;6649852;8212898000062;282
2025;2025;;Iran;IR;kraj_lub_terytorium;27111100;27111100 - Gaz ziemny skroplony [TJ];;TJ;brak_rekordu_w_api;;;;;;6649853;8212945000062;282
2025;2025;;Iran;IR;kraj_lub_terytorium;27112100;27112100 - Gaz ziemny w stanie gazowym [TJ];;TJ;brak_rekordu_w_api;;;;;;6649853;8212898000062;282
2025;2025;;Irlandia;IE;kraj_lub_terytorium;27111100;27111100 - Gaz ziemny skroplony [TJ];;TJ;brak_rekordu_w_api;;;;;;6649904;8212945000062;282
2025;2025;;Irlandia;IE;kraj_lub_terytorium;27112100;27112100 - Gaz ziemny w stanie gazowym [TJ];;TJ;brak_rekordu_w_api;;;;;;6649904;8212898000062;282
2025;2025;;Islandia;IS;kraj_lub_terytorium;27111100;27111100 - Gaz ziemny skroplony [TJ];;TJ;brak_rekordu_w_api;;;;;;6649905;8212945000062;282
2025;2025;;Islandia;IS;kraj_lub_terytorium;27112100;27112100 - Gaz ziemny w stanie gazowym [TJ];;TJ;brak_rekordu_w_api;;;;;;6649905;8212898000062;282
2025;2025;;Izrael;IL;kraj_lub_terytorium;27111100;27111100 - Gaz ziemny skroplony [TJ];;TJ;brak_rekordu_w_api;;;;;;6649851;8212945000062;282
2025;2025;;Izrael;IL;kraj_lub_terytorium;27112100;27112100 - Gaz ziemny w stanie gazowym [TJ];;TJ;brak_rekordu_w_api;;;;;;6649851;8212898000062;282
2025;2025;;Jamajka;JM;kraj_lub_terytorium;27111100;27111100 - Gaz ziemny skroplony [TJ];;TJ;brak_rekordu_w_api;;;;;;6649801;8212945000062;282
2025;2025;;Jamajka;JM;kraj_lub_terytorium;27112100;27112100 - Gaz ziemny w stanie gazowym [TJ];;TJ;brak_rekordu_w_api;;;;;;6649801;8212898000062;282
2025;2025;;Japonia;JP;kraj_lub_terytorium;27111100;27111100 - Gaz ziemny skroplony [TJ];;TJ;brak_rekordu_w_api;;;;;;6649850;8212945000062;282
2025;2025;;Japonia;JP;kraj_lub_terytorium;27112100;27112100 - Gaz ziemny w stanie gazowym [TJ];;TJ;brak_rekordu_w_api;;;;;;6649850;8212898000062;282
2025;2025;;Jemen;YE;kraj_lub_terytorium;27111100;27111100 - Gaz ziemny skroplony [TJ];;TJ;brak_rekordu_w_api;;;;;;6649819;8212945000062;282
2025;2025;;Jemen;YE;kraj_lub_terytorium;27112100;27112100 - Gaz ziemny w stanie gazowym [TJ];;TJ;brak_rekordu_w_api;;;;;;6649819;8212898000062;282
2025;2025;;Jordania;JO;kraj_lub_terytorium;27111100;27111100 - Gaz ziemny skroplony [TJ];;TJ;brak_rekordu_w_api;;;;;;6649848;8212945000062;282
2025;2025;;Jordania;JO;kraj_lub_terytorium;27112100;27112100 - Gaz ziemny w stanie gazowym [TJ];;TJ;brak_rekordu_w_api;;;;;;6649848;8212898000062;282
2025;2025;;Kajmany;KY;kraj_lub_terytorium;27111100;27111100 - Gaz ziemny skroplony [TJ];;TJ;brak_rekordu_w_api;;;;;;6649812;8212945000062;282
2025;2025;;Kajmany;KY;kraj_lub_terytorium;27112100;27112100 - Gaz ziemny w stanie gazowym [TJ];;TJ;brak_rekordu_w_api;;;;;;6649812;8212898000062;282
2025;2025;;Kambodża;KH;kraj_lub_terytorium;27111100;27111100 - Gaz ziemny skroplony [TJ];;TJ;brak_rekordu_w_api;;;;;;6649864;8212945000062;282
2025;2025;;Kambodża;KH;kraj_lub_terytorium;27112100;27112100 - Gaz ziemny w stanie gazowym [TJ];;TJ;brak_rekordu_w_api;;;;;;6649864;8212898000062;282
2025;2025;;Kamerun;CM;kraj_lub_terytorium;27111100;27111100 - Gaz ziemny skroplony [TJ];;TJ;brak_rekordu_w_api;;;;;;6649756;8212945000062;282
2025;2025;;Kamerun;CM;kraj_lub_terytorium;27112100;27112100 - Gaz ziemny w stanie gazowym [TJ];;TJ;brak_rekordu_w_api;;;;;;6649756;8212898000062;282
2025;2025;;Kanada;CA;kraj_lub_terytorium;27111100;27111100 - Gaz ziemny skroplony [TJ];;TJ;brak_rekordu_w_api;;;;;;6649813;8212945000062;282
2025;2025;;Kanada;CA;kraj_lub_terytorium;27112100;27112100 - Gaz ziemny w stanie gazowym [TJ];;TJ;brak_rekordu_w_api;;;;;;6649813;8212898000062;282
2025;2025;;Katar;QA;kraj_lub_terytorium;27111100;27111100 - Gaz ziemny skroplony [TJ];;TJ;brak_rekordu_w_api;;;;;;6649831;8212945000062;282
2025;2025;;Katar;QA;kraj_lub_terytorium;27112100;27112100 - Gaz ziemny w stanie gazowym [TJ];;TJ;brak_rekordu_w_api;;;;;;6649831;8212898000062;282
2025;2025;;Kazachstan;KZ;kraj_lub_terytorium;27111100;27111100 - Gaz ziemny skroplony [TJ];;TJ;brak_rekordu_w_api;;;;;;6649849;8212945000062;282
2025;2025;;Kazachstan;KZ;kraj_lub_terytorium;27112100;27112100 - Gaz ziemny w stanie gazowym [TJ];;TJ;brak_rekordu_w_api;;;;;;6649849;8212898000062;282
2025;2025;;Kenia;KE;kraj_lub_terytorium;27111100;27111100 - Gaz ziemny skroplony [TJ];;TJ;brak_rekordu_w_api;;;;;;6649737;8212945000062;282
2025;2025;;Kenia;KE;kraj_lub_terytorium;27112100;27112100 - Gaz ziemny w stanie gazowym [TJ];;TJ;brak_rekordu_w_api;;;;;;6649737;8212898000062;282
2025;2025;;Kirgistan;KG;kraj_lub_terytorium;27111100;27111100 - Gaz ziemny skroplony [TJ];;TJ;brak_rekordu_w_api;;;;;;6649844;8212945000062;282
2025;2025;;Kirgistan;KG;kraj_lub_terytorium;27112100;27112100 - Gaz ziemny w stanie gazowym [TJ];;TJ;brak_rekordu_w_api;;;;;;6649844;8212898000062;282
2025;2025;;Kiribati;KI;kraj_lub_terytorium;27111100;27111100 - Gaz ziemny skroplony [TJ];;TJ;brak_rekordu_w_api;;;;;;6649694;8212945000062;282
2025;2025;;Kiribati;KI;kraj_lub_terytorium;27112100;27112100 - Gaz ziemny w stanie gazowym [TJ];;TJ;brak_rekordu_w_api;;;;;;6649694;8212898000062;282
2025;2025;;Kolumbia;CO;kraj_lub_terytorium;27111100;27111100 - Gaz ziemny skroplony [TJ];;TJ;brak_rekordu_w_api;;;;;;6649777;8212945000062;282
2025;2025;;Kolumbia;CO;kraj_lub_terytorium;27112100;27112100 - Gaz ziemny w stanie gazowym [TJ];;TJ;brak_rekordu_w_api;;;;;;6649777;8212898000062;282
2025;2025;;Komory;KM;kraj_lub_terytorium;27111100;27111100 - Gaz ziemny skroplony [TJ];;TJ;brak_rekordu_w_api;;;;;;6649752;8212945000062;282
2025;2025;;Komory;KM;kraj_lub_terytorium;27112100;27112100 - Gaz ziemny w stanie gazowym [TJ];;TJ;brak_rekordu_w_api;;;;;;6649752;8212898000062;282
2025;2025;;Kongo;CG;kraj_lub_terytorium;27111100;27111100 - Gaz ziemny skroplony [TJ];;TJ;brak_rekordu_w_api;;;;;;6649749;8212945000062;282
2025;2025;;Kongo;CG;kraj_lub_terytorium;27112100;27112100 - Gaz ziemny w stanie gazowym [TJ];;TJ;brak_rekordu_w_api;;;;;;6649749;8212898000062;282
2025;2025;;Korea Południowa;KR;kraj_lub_terytorium;27111100;27111100 - Gaz ziemny skroplony [TJ];;TJ;brak_rekordu_w_api;;;;;;6649846;8212945000062;282
2025;2025;;Korea Południowa;KR;kraj_lub_terytorium;27112100;27112100 - Gaz ziemny w stanie gazowym [TJ];;TJ;brak_rekordu_w_api;;;;;;6649846;8212898000062;282
2025;2025;;Korea Północna;KP;kraj_lub_terytorium;27111100;27111100 - Gaz ziemny skroplony [TJ];;TJ;brak_rekordu_w_api;;;;;;6649847;8212945000062;282
2025;2025;;Korea Północna;KP;kraj_lub_terytorium;27112100;27112100 - Gaz ziemny w stanie gazowym [TJ];;TJ;brak_rekordu_w_api;;;;;;6649847;8212898000062;282
2025;2025;;Kosowo;XK;kraj_lub_terytorium;27111100;27111100 - Gaz ziemny skroplony [TJ];;TJ;brak_rekordu_w_api;;;;;;6649893;8212945000062;282
2025;2025;;Kosowo;XK;kraj_lub_terytorium;27112100;27112100 - Gaz ziemny w stanie gazowym [TJ];;TJ;brak_rekordu_w_api;;;;;;6649893;8212898000062;282
2025;2025;;Kostaryka;CR;kraj_lub_terytorium;27111100;27111100 - Gaz ziemny skroplony [TJ];;TJ;brak_rekordu_w_api;;;;;;6649811;8212945000062;282
2025;2025;;Kostaryka;CR;kraj_lub_terytorium;27112100;27112100 - Gaz ziemny w stanie gazowym [TJ];;TJ;brak_rekordu_w_api;;;;;;6649811;8212898000062;282
2025;2025;;Kuba;CU;kraj_lub_terytorium;27111100;27111100 - Gaz ziemny skroplony [TJ];;TJ;brak_rekordu_w_api;;;;;;6649810;8212945000062;282
2025;2025;;Kuba;CU;kraj_lub_terytorium;27112100;27112100 - Gaz ziemny w stanie gazowym [TJ];;TJ;brak_rekordu_w_api;;;;;;6649810;8212898000062;282
2025;2025;;Kuwejt;KW;kraj_lub_terytorium;27111100;27111100 - Gaz ziemny skroplony [TJ];;TJ;brak_rekordu_w_api;;;;;;6649845;8212945000062;282
2025;2025;;Kuwejt;KW;kraj_lub_terytorium;27112100;27112100 - Gaz ziemny w stanie gazowym [TJ];;TJ;brak_rekordu_w_api;;;;;;6649845;8212898000062;282
2025;2025;;Laos;LA;kraj_lub_terytorium;27111100;27111100 - Gaz ziemny skroplony [TJ];;TJ;brak_rekordu_w_api;;;;;;6649843;8212945000062;282
2025;2025;;Laos;LA;kraj_lub_terytorium;27112100;27112100 - Gaz ziemny w stanie gazowym [TJ];;TJ;brak_rekordu_w_api;;;;;;6649843;8212898000062;282
2025;2025;;Lesotho;LS;kraj_lub_terytorium;27111100;27111100 - Gaz ziemny skroplony [TJ];;TJ;brak_rekordu_w_api;;;;;;6649736;8212945000062;282
2025;2025;;Lesotho;LS;kraj_lub_terytorium;27112100;27112100 - Gaz ziemny w stanie gazowym [TJ];;TJ;brak_rekordu_w_api;;;;;;6649736;8212898000062;282
2025;2025;;Liban;LB;kraj_lub_terytorium;27111100;27111100 - Gaz ziemny skroplony [TJ];;TJ;brak_rekordu_w_api;;;;;;6649841;8212945000062;282
2025;2025;;Liban;LB;kraj_lub_terytorium;27112100;27112100 - Gaz ziemny w stanie gazowym [TJ];;TJ;brak_rekordu_w_api;;;;;;6649841;8212898000062;282
2025;2025;;Liberia;LR;kraj_lub_terytorium;27111100;27111100 - Gaz ziemny skroplony [TJ];;TJ;brak_rekordu_w_api;;;;;;6649735;8212945000062;282
2025;2025;;Liberia;LR;kraj_lub_terytorium;27112100;27112100 - Gaz ziemny w stanie gazowym [TJ];;TJ;brak_rekordu_w_api;;;;;;6649735;8212898000062;282
2025;2025;;Libia;LY;kraj_lub_terytorium;27111100;27111100 - Gaz ziemny skroplony [TJ];;TJ;brak_rekordu_w_api;;;;;;6649734;8212945000062;282
2025;2025;;Libia;LY;kraj_lub_terytorium;27112100;27112100 - Gaz ziemny w stanie gazowym [TJ];;TJ;brak_rekordu_w_api;;;;;;6649734;8212898000062;282
2025;2025;;Liechtenstein;LI;kraj_lub_terytorium;27111100;27111100 - Gaz ziemny skroplony [TJ];;TJ;brak_rekordu_w_api;;;;;;6649901;8212945000062;282
2025;2025;;Liechtenstein;LI;kraj_lub_terytorium;27112100;27112100 - Gaz ziemny w stanie gazowym [TJ];;TJ;brak_rekordu_w_api;;;;;;6649901;8212898000062;282
2025;2025;;Litwa;LT;kraj_lub_terytorium;27111100;27111100 - Gaz ziemny skroplony [TJ];;TJ;brak_rekordu_w_api;;;;;;6649900;8212945000062;282
2025;2025;;Litwa;LT;kraj_lub_terytorium;27112100;27112100 - Gaz ziemny w stanie gazowym [TJ];1156,0;TJ;wartosc_opublikowana;Dane ostateczne;Dane jawne;Nie dotyczy;;1;6649900;8212898000062;282
2025;2025;;Luksemburg;LU;kraj_lub_terytorium;27111100;27111100 - Gaz ziemny skroplony [TJ];;TJ;brak_rekordu_w_api;;;;;;6649899;8212945000062;282
2025;2025;;Luksemburg;LU;kraj_lub_terytorium;27112100;27112100 - Gaz ziemny w stanie gazowym [TJ];;TJ;brak_rekordu_w_api;;;;;;6649899;8212898000062;282
2025;2025;;Macedonia Północna;MK;kraj_lub_terytorium;27111100;27111100 - Gaz ziemny skroplony [TJ];;TJ;brak_rekordu_w_api;;;;;;7437335;8212945000062;282
2025;2025;;Macedonia Północna;MK;kraj_lub_terytorium;27112100;27112100 - Gaz ziemny w stanie gazowym [TJ];;TJ;brak_rekordu_w_api;;;;;;7437335;8212898000062;282
2025;2025;;Madagaskar;MG;kraj_lub_terytorium;27111100;27111100 - Gaz ziemny skroplony [TJ];;TJ;brak_rekordu_w_api;;;;;;6649733;8212945000062;282
2025;2025;;Madagaskar;MG;kraj_lub_terytorium;27112100;27112100 - Gaz ziemny w stanie gazowym [TJ];;TJ;brak_rekordu_w_api;;;;;;6649733;8212898000062;282
2025;2025;;Majotta;YT;kraj_lub_terytorium;27111100;27111100 - Gaz ziemny skroplony [TJ];;TJ;brak_rekordu_w_api;;;;;;6649751;8212945000062;282
2025;2025;;Majotta;YT;kraj_lub_terytorium;27112100;27112100 - Gaz ziemny w stanie gazowym [TJ];;TJ;brak_rekordu_w_api;;;;;;6649751;8212898000062;282
2025;2025;;Makau;MO;kraj_lub_terytorium;27111100;27111100 - Gaz ziemny skroplony [TJ];;TJ;brak_rekordu_w_api;;;;;;7548214;8212945000062;282
2025;2025;;Makau;MO;kraj_lub_terytorium;27112100;27112100 - Gaz ziemny w stanie gazowym [TJ];;TJ;brak_rekordu_w_api;;;;;;7548214;8212898000062;282
2025;2025;;Malawi;MW;kraj_lub_terytorium;27111100;27111100 - Gaz ziemny skroplony [TJ];;TJ;brak_rekordu_w_api;;;;;;6649732;8212945000062;282
2025;2025;;Malawi;MW;kraj_lub_terytorium;27112100;27112100 - Gaz ziemny w stanie gazowym [TJ];;TJ;brak_rekordu_w_api;;;;;;6649732;8212898000062;282
2025;2025;;Malediwy;MV;kraj_lub_terytorium;27111100;27111100 - Gaz ziemny skroplony [TJ];;TJ;brak_rekordu_w_api;;;;;;6649838;8212945000062;282
2025;2025;;Malediwy;MV;kraj_lub_terytorium;27112100;27112100 - Gaz ziemny w stanie gazowym [TJ];;TJ;brak_rekordu_w_api;;;;;;6649838;8212898000062;282
2025;2025;;Malezja;MY;kraj_lub_terytorium;27111100;27111100 - Gaz ziemny skroplony [TJ];;TJ;brak_rekordu_w_api;;;;;;6649839;8212945000062;282
2025;2025;;Malezja;MY;kraj_lub_terytorium;27112100;27112100 - Gaz ziemny w stanie gazowym [TJ];;TJ;brak_rekordu_w_api;;;;;;6649839;8212898000062;282
2025;2025;;Mali;ML;kraj_lub_terytorium;27111100;27111100 - Gaz ziemny skroplony [TJ];;TJ;brak_rekordu_w_api;;;;;;6649731;8212945000062;282
2025;2025;;Mali;ML;kraj_lub_terytorium;27112100;27112100 - Gaz ziemny w stanie gazowym [TJ];;TJ;brak_rekordu_w_api;;;;;;6649731;8212898000062;282
2025;2025;;Malta;MT;kraj_lub_terytorium;27111100;27111100 - Gaz ziemny skroplony [TJ];;TJ;brak_rekordu_w_api;;;;;;6649898;8212945000062;282
2025;2025;;Malta;MT;kraj_lub_terytorium;27112100;27112100 - Gaz ziemny w stanie gazowym [TJ];;TJ;brak_rekordu_w_api;;;;;;6649898;8212898000062;282
2025;2025;;Mariany Północne;MP;kraj_lub_terytorium;27111100;27111100 - Gaz ziemny skroplony [TJ];;TJ;brak_rekordu_w_api;;;;;;6649684;8212945000062;282
2025;2025;;Mariany Północne;MP;kraj_lub_terytorium;27112100;27112100 - Gaz ziemny w stanie gazowym [TJ];;TJ;brak_rekordu_w_api;;;;;;6649684;8212898000062;282
2025;2025;;Maroko;MA;kraj_lub_terytorium;27111100;27111100 - Gaz ziemny skroplony [TJ];;TJ;brak_rekordu_w_api;;;;;;6649728;8212945000062;282
2025;2025;;Maroko;MA;kraj_lub_terytorium;27112100;27112100 - Gaz ziemny w stanie gazowym [TJ];;TJ;brak_rekordu_w_api;;;;;;6649728;8212898000062;282
2025;2025;;Mauretania;MR;kraj_lub_terytorium;27111100;27111100 - Gaz ziemny skroplony [TJ];;TJ;brak_rekordu_w_api;;;;;;6649730;8212945000062;282
2025;2025;;Mauretania;MR;kraj_lub_terytorium;27112100;27112100 - Gaz ziemny w stanie gazowym [TJ];;TJ;brak_rekordu_w_api;;;;;;6649730;8212898000062;282
2025;2025;;Mauritius;MU;kraj_lub_terytorium;27111100;27111100 - Gaz ziemny skroplony [TJ];;TJ;brak_rekordu_w_api;;;;;;6649729;8212945000062;282
2025;2025;;Mauritius;MU;kraj_lub_terytorium;27112100;27112100 - Gaz ziemny w stanie gazowym [TJ];;TJ;brak_rekordu_w_api;;;;;;6649729;8212898000062;282
2025;2025;;Małe Oddalone Wyspy Stanów Zjednoczonych;UM;kraj_lub_terytorium;27111100;27111100 - Gaz ziemny skroplony [TJ];;TJ;brak_rekordu_w_api;;;;;;7548583;8212945000062;282
2025;2025;;Małe Oddalone Wyspy Stanów Zjednoczonych;UM;kraj_lub_terytorium;27112100;27112100 - Gaz ziemny w stanie gazowym [TJ];;TJ;brak_rekordu_w_api;;;;;;7548583;8212898000062;282
2025;2025;;Meksyk;MX;kraj_lub_terytorium;27111100;27111100 - Gaz ziemny skroplony [TJ];;TJ;brak_rekordu_w_api;;;;;;6649799;8212945000062;282
2025;2025;;Meksyk;MX;kraj_lub_terytorium;27112100;27112100 - Gaz ziemny w stanie gazowym [TJ];;TJ;brak_rekordu_w_api;;;;;;6649799;8212898000062;282
2025;2025;;Melilla;XL;kraj_lub_terytorium;27111100;27111100 - Gaz ziemny skroplony [TJ];;TJ;brak_rekordu_w_api;;;;;;6649761;8212945000062;282
2025;2025;;Melilla;XL;kraj_lub_terytorium;27112100;27112100 - Gaz ziemny w stanie gazowym [TJ];;TJ;brak_rekordu_w_api;;;;;;6649761;8212898000062;282
2025;2025;;Mikronezja;FM;kraj_lub_terytorium;27111100;27111100 - Gaz ziemny skroplony [TJ];;TJ;brak_rekordu_w_api;;;;;;6649682;8212945000062;282
2025;2025;;Mikronezja;FM;kraj_lub_terytorium;27112100;27112100 - Gaz ziemny w stanie gazowym [TJ];;TJ;brak_rekordu_w_api;;;;;;6649682;8212898000062;282
2025;2025;;Mjanma (Birma);MM;kraj_lub_terytorium;27111100;27111100 - Gaz ziemny skroplony [TJ];;TJ;brak_rekordu_w_api;;;;;;6649865;8212945000062;282
2025;2025;;Mjanma (Birma);MM;kraj_lub_terytorium;27112100;27112100 - Gaz ziemny w stanie gazowym [TJ];;TJ;brak_rekordu_w_api;;;;;;6649865;8212898000062;282
2025;2025;;Mongolia;MN;kraj_lub_terytorium;27111100;27111100 - Gaz ziemny skroplony [TJ];;TJ;brak_rekordu_w_api;;;;;;6649837;8212945000062;282
2025;2025;;Mongolia;MN;kraj_lub_terytorium;27112100;27112100 - Gaz ziemny w stanie gazowym [TJ];;TJ;brak_rekordu_w_api;;;;;;6649837;8212898000062;282
2025;2025;;Montserrat;MS;kraj_lub_terytorium;27111100;27111100 - Gaz ziemny skroplony [TJ];;TJ;brak_rekordu_w_api;;;;;;6649798;8212945000062;282
2025;2025;;Montserrat;MS;kraj_lub_terytorium;27112100;27112100 - Gaz ziemny w stanie gazowym [TJ];;TJ;brak_rekordu_w_api;;;;;;6649798;8212898000062;282
2025;2025;;Mozambik;MZ;kraj_lub_terytorium;27111100;27111100 - Gaz ziemny skroplony [TJ];;TJ;brak_rekordu_w_api;;;;;;6649727;8212945000062;282
2025;2025;;Mozambik;MZ;kraj_lub_terytorium;27112100;27112100 - Gaz ziemny w stanie gazowym [TJ];;TJ;brak_rekordu_w_api;;;;;;6649727;8212898000062;282
2025;2025;;Mołdawia;MD;kraj_lub_terytorium;27111100;27111100 - Gaz ziemny skroplony [TJ];;TJ;brak_rekordu_w_api;;;;;;6649896;8212945000062;282
2025;2025;;Mołdawia;MD;kraj_lub_terytorium;27112100;27112100 - Gaz ziemny w stanie gazowym [TJ];;TJ;brak_rekordu_w_api;;;;;;6649896;8212898000062;282
2025;2025;;Namibia;NA;kraj_lub_terytorium;27111100;27111100 - Gaz ziemny skroplony [TJ];;TJ;brak_rekordu_w_api;;;;;;6649726;8212945000062;282
2025;2025;;Namibia;NA;kraj_lub_terytorium;27112100;27112100 - Gaz ziemny w stanie gazowym [TJ];;TJ;brak_rekordu_w_api;;;;;;6649726;8212898000062;282
2025;2025;;Nauru;NR;kraj_lub_terytorium;27111100;27111100 - Gaz ziemny skroplony [TJ];;TJ;brak_rekordu_w_api;;;;;;6649690;8212945000062;282
2025;2025;;Nauru;NR;kraj_lub_terytorium;27112100;27112100 - Gaz ziemny w stanie gazowym [TJ];;TJ;brak_rekordu_w_api;;;;;;6649690;8212898000062;282
2025;2025;;Nepal;NP;kraj_lub_terytorium;27111100;27111100 - Gaz ziemny skroplony [TJ];;TJ;brak_rekordu_w_api;;;;;;6649835;8212945000062;282
2025;2025;;Nepal;NP;kraj_lub_terytorium;27112100;27112100 - Gaz ziemny w stanie gazowym [TJ];;TJ;brak_rekordu_w_api;;;;;;6649835;8212898000062;282
2025;2025;;Niemcy;DE;kraj_lub_terytorium;27111100;27111100 - Gaz ziemny skroplony [TJ];26,0;TJ;wartosc_opublikowana;Dane ostateczne;Dane jawne;Nie dotyczy;;1;6649910;8212945000062;282
2025;2025;;Niemcy;DE;kraj_lub_terytorium;27112100;27112100 - Gaz ziemny w stanie gazowym [TJ];181,0;TJ;wartosc_opublikowana;Dane ostateczne;Dane jawne;Nie dotyczy;;1;6649910;8212898000062;282
2025;2025;;Niew.kr.i teryt, p. handl.i mil;QX;kategoria_specjalna;27111100;27111100 - Gaz ziemny skroplony [TJ];;TJ;brak_rekordu_w_api;;;;;;7276956;8212945000062;282
2025;2025;;Niew.kr.i teryt, p. handl.i mil;QX;kategoria_specjalna;27112100;27112100 - Gaz ziemny w stanie gazowym [TJ];;TJ;brak_rekordu_w_api;;;;;;7276956;8212898000062;282
2025;2025;;Niewyszczególnione kr. i teryt.;QU;kategoria_specjalna;27111100;27111100 - Gaz ziemny skroplony [TJ];;TJ;brak_rekordu_w_api;;;;;;7276957;8212945000062;282
2025;2025;;Niewyszczególnione kr. i teryt.;QU;kategoria_specjalna;27112100;27112100 - Gaz ziemny w stanie gazowym [TJ];;TJ;brak_rekordu_w_api;;;;;;7276957;8212898000062;282
2025;2025;;Nieznany kraj;_no;kategoria_specjalna;27111100;27111100 - Gaz ziemny skroplony [TJ];;TJ;brak_rekordu_w_api;;;;;;7639645;8212945000062;282
2025;2025;;Nieznany kraj;_no;kategoria_specjalna;27112100;27112100 - Gaz ziemny w stanie gazowym [TJ];;TJ;brak_rekordu_w_api;;;;;;7639645;8212898000062;282
2025;2025;;Niger;NE;kraj_lub_terytorium;27111100;27111100 - Gaz ziemny skroplony [TJ];;TJ;brak_rekordu_w_api;;;;;;6649725;8212945000062;282
2025;2025;;Niger;NE;kraj_lub_terytorium;27112100;27112100 - Gaz ziemny w stanie gazowym [TJ];;TJ;brak_rekordu_w_api;;;;;;6649725;8212898000062;282
2025;2025;;Nigeria;NG;kraj_lub_terytorium;27111100;27111100 - Gaz ziemny skroplony [TJ];;TJ;brak_rekordu_w_api;;;;;;6649724;8212945000062;282
2025;2025;;Nigeria;NG;kraj_lub_terytorium;27112100;27112100 - Gaz ziemny w stanie gazowym [TJ];;TJ;brak_rekordu_w_api;;;;;;6649724;8212898000062;282
2025;2025;;Nikaragua;NI;kraj_lub_terytorium;27111100;27111100 - Gaz ziemny skroplony [TJ];;TJ;brak_rekordu_w_api;;;;;;6649795;8212945000062;282
2025;2025;;Nikaragua;NI;kraj_lub_terytorium;27112100;27112100 - Gaz ziemny w stanie gazowym [TJ];;TJ;brak_rekordu_w_api;;;;;;6649795;8212898000062;282
2025;2025;;Niue;NU;kraj_lub_terytorium;27111100;27111100 - Gaz ziemny skroplony [TJ];;TJ;brak_rekordu_w_api;;;;;;6649686;8212945000062;282
2025;2025;;Niue;NU;kraj_lub_terytorium;27112100;27112100 - Gaz ziemny w stanie gazowym [TJ];;TJ;brak_rekordu_w_api;;;;;;6649686;8212898000062;282
2025;2025;;Norfolk;NF;kraj_lub_terytorium;27111100;27111100 - Gaz ziemny skroplony [TJ];;TJ;brak_rekordu_w_api;;;;;;6649685;8212945000062;282
2025;2025;;Norfolk;NF;kraj_lub_terytorium;27112100;27112100 - Gaz ziemny w stanie gazowym [TJ];;TJ;brak_rekordu_w_api;;;;;;6649685;8212898000062;282
2025;2025;;Norwegia;NO;kraj_lub_terytorium;27111100;27111100 - Gaz ziemny skroplony [TJ];;TJ;brak_rekordu_w_api;;;;;;6649892;8212945000062;282
2025;2025;;Norwegia;NO;kraj_lub_terytorium;27112100;27112100 - Gaz ziemny w stanie gazowym [TJ];;TJ;brak_rekordu_w_api;;;;;;6649892;8212898000062;282
2025;2025;;Nowa Kaledonia;NC;kraj_lub_terytorium;27111100;27111100 - Gaz ziemny skroplony [TJ];;TJ;brak_rekordu_w_api;;;;;;6649689;8212945000062;282
2025;2025;;Nowa Kaledonia;NC;kraj_lub_terytorium;27112100;27112100 - Gaz ziemny w stanie gazowym [TJ];;TJ;brak_rekordu_w_api;;;;;;6649689;8212898000062;282
2025;2025;;Nowa Zelandia;NZ;kraj_lub_terytorium;27111100;27111100 - Gaz ziemny skroplony [TJ];;TJ;brak_rekordu_w_api;;;;;;6649687;8212945000062;282
2025;2025;;Nowa Zelandia;NZ;kraj_lub_terytorium;27112100;27112100 - Gaz ziemny w stanie gazowym [TJ];;TJ;brak_rekordu_w_api;;;;;;6649687;8212898000062;282
2025;2025;;Oman;OM;kraj_lub_terytorium;27111100;27111100 - Gaz ziemny skroplony [TJ];;TJ;brak_rekordu_w_api;;;;;;6649836;8212945000062;282
2025;2025;;Oman;OM;kraj_lub_terytorium;27112100;27112100 - Gaz ziemny w stanie gazowym [TJ];;TJ;brak_rekordu_w_api;;;;;;6649836;8212898000062;282
2025;2025;;Pakistan;PK;kraj_lub_terytorium;27111100;27111100 - Gaz ziemny skroplony [TJ];;TJ;brak_rekordu_w_api;;;;;;6649834;8212945000062;282
2025;2025;;Pakistan;PK;kraj_lub_terytorium;27112100;27112100 - Gaz ziemny w stanie gazowym [TJ];;TJ;brak_rekordu_w_api;;;;;;6649834;8212898000062;282
2025;2025;;Palau;PW;kraj_lub_terytorium;27111100;27111100 - Gaz ziemny skroplony [TJ];;TJ;brak_rekordu_w_api;;;;;;6649680;8212945000062;282
2025;2025;;Palau;PW;kraj_lub_terytorium;27112100;27112100 - Gaz ziemny w stanie gazowym [TJ];;TJ;brak_rekordu_w_api;;;;;;6649680;8212898000062;282
2025;2025;;Palestyna;PS;kraj_lub_terytorium;27111100;27111100 - Gaz ziemny skroplony [TJ];;TJ;brak_rekordu_w_api;;;;;;6649857;8212945000062;282
2025;2025;;Palestyna;PS;kraj_lub_terytorium;27112100;27112100 - Gaz ziemny w stanie gazowym [TJ];;TJ;brak_rekordu_w_api;;;;;;6649857;8212898000062;282
2025;2025;;Panama;PA;kraj_lub_terytorium;27111100;27111100 - Gaz ziemny skroplony [TJ];;TJ;brak_rekordu_w_api;;;;;;6649794;8212945000062;282
2025;2025;;Panama;PA;kraj_lub_terytorium;27112100;27112100 - Gaz ziemny w stanie gazowym [TJ];;TJ;brak_rekordu_w_api;;;;;;6649794;8212898000062;282
2025;2025;;Papua-Nowa Gwinea;PG;kraj_lub_terytorium;27111100;27111100 - Gaz ziemny skroplony [TJ];;TJ;brak_rekordu_w_api;;;;;;6649679;8212945000062;282
2025;2025;;Papua-Nowa Gwinea;PG;kraj_lub_terytorium;27112100;27112100 - Gaz ziemny w stanie gazowym [TJ];;TJ;brak_rekordu_w_api;;;;;;6649679;8212898000062;282
2025;2025;;Paragwaj;PY;kraj_lub_terytorium;27111100;27111100 - Gaz ziemny skroplony [TJ];;TJ;brak_rekordu_w_api;;;;;;6649768;8212945000062;282
2025;2025;;Paragwaj;PY;kraj_lub_terytorium;27112100;27112100 - Gaz ziemny w stanie gazowym [TJ];;TJ;brak_rekordu_w_api;;;;;;6649768;8212898000062;282
2025;2025;;Peru;PE;kraj_lub_terytorium;27111100;27111100 - Gaz ziemny skroplony [TJ];;TJ;brak_rekordu_w_api;;;;;;6649767;8212945000062;282
2025;2025;;Peru;PE;kraj_lub_terytorium;27112100;27112100 - Gaz ziemny w stanie gazowym [TJ];;TJ;brak_rekordu_w_api;;;;;;6649767;8212898000062;282
2025;2025;;Pełne morze;QP;kategoria_specjalna;27111100;27111100 - Gaz ziemny skroplony [TJ];;TJ;brak_rekordu_w_api;;;;;;7277327;8212945000062;282
2025;2025;;Pełne morze;QP;kategoria_specjalna;27112100;27112100 - Gaz ziemny w stanie gazowym [TJ];;TJ;brak_rekordu_w_api;;;;;;7277327;8212898000062;282
2025;2025;;Pitcairn;PN;kraj_lub_terytorium;27111100;27111100 - Gaz ziemny skroplony [TJ];;TJ;brak_rekordu_w_api;;;;;;6649678;8212945000062;282
2025;2025;;Pitcairn;PN;kraj_lub_terytorium;27112100;27112100 - Gaz ziemny w stanie gazowym [TJ];;TJ;brak_rekordu_w_api;;;;;;6649678;8212898000062;282
2025;2025;;Polinezja Francuska;PF;kraj_lub_terytorium;27111100;27111100 - Gaz ziemny skroplony [TJ];;TJ;brak_rekordu_w_api;;;;;;6649695;8212945000062;282
2025;2025;;Polinezja Francuska;PF;kraj_lub_terytorium;27112100;27112100 - Gaz ziemny w stanie gazowym [TJ];;TJ;brak_rekordu_w_api;;;;;;6649695;8212898000062;282
2025;2025;;Polska;PL;kraj_lub_terytorium;27111100;27111100 - Gaz ziemny skroplony [TJ];;TJ;brak_rekordu_w_api;;;;;;6649891;8212945000062;282
2025;2025;;Polska;PL;kraj_lub_terytorium;27112100;27112100 - Gaz ziemny w stanie gazowym [TJ];;TJ;brak_rekordu_w_api;;;;;;6649891;8212898000062;282
2025;2025;;Portugalia;PT;kraj_lub_terytorium;27111100;27111100 - Gaz ziemny skroplony [TJ];;TJ;brak_rekordu_w_api;;;;;;6649890;8212945000062;282
2025;2025;;Portugalia;PT;kraj_lub_terytorium;27112100;27112100 - Gaz ziemny w stanie gazowym [TJ];;TJ;brak_rekordu_w_api;;;;;;6649890;8212898000062;282
2025;2025;;Południowa Afryka;ZA;kraj_lub_terytorium;27111100;27111100 - Gaz ziemny skroplony [TJ];;TJ;brak_rekordu_w_api;;;;;;7548785;8212945000062;282
2025;2025;;Południowa Afryka;ZA;kraj_lub_terytorium;27112100;27112100 - Gaz ziemny w stanie gazowym [TJ];;TJ;brak_rekordu_w_api;;;;;;7548785;8212898000062;282
2025;2025;;QQ w ramach handlu z UE;QR;kategoria_specjalna;27111100;27111100 - Gaz ziemny skroplony [TJ];;TJ;brak_rekordu_w_api;;;;;;7277330;8212945000062;282
2025;2025;;QQ w ramach handlu z UE;QR;kategoria_specjalna;27112100;27112100 - Gaz ziemny w stanie gazowym [TJ];;TJ;brak_rekordu_w_api;;;;;;7277330;8212898000062;282
2025;2025;;QQ w ramach handlu z kr.trzecimi;QS;kategoria_specjalna;27111100;27111100 - Gaz ziemny skroplony [TJ];;TJ;brak_rekordu_w_api;;;;;;7277331;8212945000062;282
2025;2025;;QQ w ramach handlu z kr.trzecimi;QS;kategoria_specjalna;27112100;27112100 - Gaz ziemny w stanie gazowym [TJ];;TJ;brak_rekordu_w_api;;;;;;7277331;8212898000062;282
2025;2025;;QU w ramach handlu z UE;QV;kategoria_specjalna;27111100;27111100 - Gaz ziemny skroplony [TJ];;TJ;brak_rekordu_w_api;;;;;;7277396;8212945000062;282
2025;2025;;QU w ramach handlu z UE;QV;kategoria_specjalna;27112100;27112100 - Gaz ziemny w stanie gazowym [TJ];;TJ;brak_rekordu_w_api;;;;;;7277396;8212898000062;282
2025;2025;;QU w ramach handlu z kr.trzecimi;QW;kategoria_specjalna;27111100;27111100 - Gaz ziemny skroplony [TJ];;TJ;brak_rekordu_w_api;;;;;;7277333;8212945000062;282
2025;2025;;QU w ramach handlu z kr.trzecimi;QW;kategoria_specjalna;27112100;27112100 - Gaz ziemny w stanie gazowym [TJ];;TJ;brak_rekordu_w_api;;;;;;7277333;8212898000062;282
2025;2025;;QX w ramach handlu z UE;QY;kategoria_specjalna;27111100;27111100 - Gaz ziemny skroplony [TJ];;TJ;brak_rekordu_w_api;;;;;;7277399;8212945000062;282
2025;2025;;QX w ramach handlu z UE;QY;kategoria_specjalna;27112100;27112100 - Gaz ziemny w stanie gazowym [TJ];;TJ;brak_rekordu_w_api;;;;;;7277399;8212898000062;282
2025;2025;;QX w ramach handlu z kr.trzecimi;QZ;kategoria_specjalna;27111100;27111100 - Gaz ziemny skroplony [TJ];;TJ;brak_rekordu_w_api;;;;;;7277397;8212945000062;282
2025;2025;;QX w ramach handlu z kr.trzecimi;QZ;kategoria_specjalna;27112100;27112100 - Gaz ziemny w stanie gazowym [TJ];;TJ;brak_rekordu_w_api;;;;;;7277397;8212898000062;282
2025;2025;;Republika Zielonego Przylądka;CV;kraj_lub_terytorium;27111100;27111100 - Gaz ziemny skroplony [TJ];;TJ;brak_rekordu_w_api;;;;;;7473154;8212945000062;282
2025;2025;;Republika Zielonego Przylądka;CV;kraj_lub_terytorium;27112100;27112100 - Gaz ziemny w stanie gazowym [TJ];;TJ;brak_rekordu_w_api;;;;;;7473154;8212898000062;282
2025;2025;;Republika Środkowoafrykańska;CF;kraj_lub_terytorium;27111100;27111100 - Gaz ziemny skroplony [TJ];;TJ;brak_rekordu_w_api;;;;;;6649754;8212945000062;282
2025;2025;;Republika Środkowoafrykańska;CF;kraj_lub_terytorium;27112100;27112100 - Gaz ziemny w stanie gazowym [TJ];;TJ;brak_rekordu_w_api;;;;;;6649754;8212898000062;282
2025;2025;;Rosja;RU;kraj_lub_terytorium;27111100;27111100 - Gaz ziemny skroplony [TJ];;TJ;brak_rekordu_w_api;;;;;;6649888;8212945000062;282
2025;2025;;Rosja;RU;kraj_lub_terytorium;27112100;27112100 - Gaz ziemny w stanie gazowym [TJ];;TJ;brak_rekordu_w_api;;;;;;6649888;8212898000062;282
2025;2025;;Rumunia;RO;kraj_lub_terytorium;27111100;27111100 - Gaz ziemny skroplony [TJ];;TJ;brak_rekordu_w_api;;;;;;6649889;8212945000062;282
2025;2025;;Rumunia;RO;kraj_lub_terytorium;27112100;27112100 - Gaz ziemny w stanie gazowym [TJ];;TJ;brak_rekordu_w_api;;;;;;6649889;8212898000062;282
2025;2025;;Rwanda;RW;kraj_lub_terytorium;27111100;27111100 - Gaz ziemny skroplony [TJ];;TJ;brak_rekordu_w_api;;;;;;6649721;8212945000062;282
2025;2025;;Rwanda;RW;kraj_lub_terytorium;27112100;27112100 - Gaz ziemny w stanie gazowym [TJ];;TJ;brak_rekordu_w_api;;;;;;6649721;8212898000062;282
2025;2025;;Sahara Zachodnia;EH;kraj_lub_terytorium;27111100;27111100 - Gaz ziemny skroplony [TJ];;TJ;brak_rekordu_w_api;;;;;;6649711;8212945000062;282
2025;2025;;Sahara Zachodnia;EH;kraj_lub_terytorium;27112100;27112100 - Gaz ziemny w stanie gazowym [TJ];;TJ;brak_rekordu_w_api;;;;;;6649711;8212898000062;282
2025;2025;;Saint  Pierre i Miquelon;PM;kraj_lub_terytorium;27111100;27111100 - Gaz ziemny skroplony [TJ];;TJ;brak_rekordu_w_api;;;;;;6649787;8212945000062;282
2025;2025;;Saint  Pierre i Miquelon;PM;kraj_lub_terytorium;27112100;27112100 - Gaz ziemny w stanie gazowym [TJ];;TJ;brak_rekordu_w_api;;;;;;6649787;8212898000062;282
2025;2025;;Saint Kitts i Nevis;KN;kraj_lub_terytorium;27111100;27111100 - Gaz ziemny skroplony [TJ];;TJ;brak_rekordu_w_api;;;;;;6649791;8212945000062;282
2025;2025;;Saint Kitts i Nevis;KN;kraj_lub_terytorium;27112100;27112100 - Gaz ziemny w stanie gazowym [TJ];;TJ;brak_rekordu_w_api;;;;;;6649791;8212898000062;282
2025;2025;;Saint Lucia;LC;kraj_lub_terytorium;27111100;27111100 - Gaz ziemny skroplony [TJ];;TJ;brak_rekordu_w_api;;;;;;6649789;8212945000062;282
2025;2025;;Saint Lucia;LC;kraj_lub_terytorium;27112100;27112100 - Gaz ziemny w stanie gazowym [TJ];;TJ;brak_rekordu_w_api;;;;;;6649789;8212898000062;282
2025;2025;;Saint Vincent i Grenadyny;VC;kraj_lub_terytorium;27111100;27111100 - Gaz ziemny skroplony [TJ];;TJ;brak_rekordu_w_api;;;;;;6649786;8212945000062;282
2025;2025;;Saint Vincent i Grenadyny;VC;kraj_lub_terytorium;27112100;27112100 - Gaz ziemny w stanie gazowym [TJ];;TJ;brak_rekordu_w_api;;;;;;6649786;8212898000062;282
2025;2025;;Saint-Barthélemy;BL;kraj_lub_terytorium;27111100;27111100 - Gaz ziemny skroplony [TJ];;TJ;brak_rekordu_w_api;;;;;;7463787;8212945000062;282
2025;2025;;Saint-Barthélemy;BL;kraj_lub_terytorium;27112100;27112100 - Gaz ziemny w stanie gazowym [TJ];;TJ;brak_rekordu_w_api;;;;;;7463787;8212898000062;282
2025;2025;;Salwador;SV;kraj_lub_terytorium;27111100;27111100 - Gaz ziemny skroplony [TJ];;TJ;brak_rekordu_w_api;;;;;;6649808;8212945000062;282
2025;2025;;Salwador;SV;kraj_lub_terytorium;27112100;27112100 - Gaz ziemny w stanie gazowym [TJ];;TJ;brak_rekordu_w_api;;;;;;6649808;8212898000062;282
2025;2025;;Samoa;WS;kraj_lub_terytorium;27111100;27111100 - Gaz ziemny skroplony [TJ];;TJ;brak_rekordu_w_api;;;;;;6649672;8212945000062;282
2025;2025;;Samoa;WS;kraj_lub_terytorium;27112100;27112100 - Gaz ziemny w stanie gazowym [TJ];;TJ;brak_rekordu_w_api;;;;;;6649672;8212898000062;282
2025;2025;;Samoa Amerykańskie;AS;kraj_lub_terytorium;27111100;27111100 - Gaz ziemny skroplony [TJ];;TJ;brak_rekordu_w_api;;;;;;6649700;8212945000062;282
2025;2025;;Samoa Amerykańskie;AS;kraj_lub_terytorium;27112100;27112100 - Gaz ziemny w stanie gazowym [TJ];;TJ;brak_rekordu_w_api;;;;;;6649700;8212898000062;282
2025;2025;;San Marino;SM;kraj_lub_terytorium;27111100;27111100 - Gaz ziemny skroplony [TJ];;TJ;brak_rekordu_w_api;;;;;;6649887;8212945000062;282
2025;2025;;San Marino;SM;kraj_lub_terytorium;27112100;27112100 - Gaz ziemny w stanie gazowym [TJ];;TJ;brak_rekordu_w_api;;;;;;6649887;8212898000062;282
2025;2025;;Senegal;SN;kraj_lub_terytorium;27111100;27111100 - Gaz ziemny skroplony [TJ];;TJ;brak_rekordu_w_api;;;;;;6649717;8212945000062;282
2025;2025;;Senegal;SN;kraj_lub_terytorium;27112100;27112100 - Gaz ziemny w stanie gazowym [TJ];;TJ;brak_rekordu_w_api;;;;;;6649717;8212898000062;282
2025;2025;;Serbia;XS;kraj_lub_terytorium;27111100;27111100 - Gaz ziemny skroplony [TJ];;TJ;brak_rekordu_w_api;;;;;;6649951;8212945000062;282
2025;2025;;Serbia;XS;kraj_lub_terytorium;27112100;27112100 - Gaz ziemny w stanie gazowym [TJ];;TJ;brak_rekordu_w_api;;;;;;6649951;8212898000062;282
2025;2025;;Seszele;SC;kraj_lub_terytorium;27111100;27111100 - Gaz ziemny skroplony [TJ];;TJ;brak_rekordu_w_api;;;;;;6649716;8212945000062;282
2025;2025;;Seszele;SC;kraj_lub_terytorium;27112100;27112100 - Gaz ziemny w stanie gazowym [TJ];;TJ;brak_rekordu_w_api;;;;;;6649716;8212898000062;282
2025;2025;;Sierra Leone;SL;kraj_lub_terytorium;27111100;27111100 - Gaz ziemny skroplony [TJ];;TJ;brak_rekordu_w_api;;;;;;6649715;8212945000062;282
2025;2025;;Sierra Leone;SL;kraj_lub_terytorium;27112100;27112100 - Gaz ziemny w stanie gazowym [TJ];;TJ;brak_rekordu_w_api;;;;;;6649715;8212898000062;282
2025;2025;;Singapur;SG;kraj_lub_terytorium;27111100;27111100 - Gaz ziemny skroplony [TJ];;TJ;brak_rekordu_w_api;;;;;;6649829;8212945000062;282
2025;2025;;Singapur;SG;kraj_lub_terytorium;27112100;27112100 - Gaz ziemny w stanie gazowym [TJ];;TJ;brak_rekordu_w_api;;;;;;6649829;8212898000062;282
2025;2025;;Sint Maarten (część niderlandzka);SX;kraj_lub_terytorium;27111100;27111100 - Gaz ziemny skroplony [TJ];;TJ;brak_rekordu_w_api;;;;;;7548327;8212945000062;282
2025;2025;;Sint Maarten (część niderlandzka);SX;kraj_lub_terytorium;27112100;27112100 - Gaz ziemny w stanie gazowym [TJ];;TJ;brak_rekordu_w_api;;;;;;7548327;8212898000062;282
2025;2025;;Somalia;SO;kraj_lub_terytorium;27111100;27111100 - Gaz ziemny skroplony [TJ];;TJ;brak_rekordu_w_api;;;;;;6649714;8212945000062;282
2025;2025;;Somalia;SO;kraj_lub_terytorium;27112100;27112100 - Gaz ziemny w stanie gazowym [TJ];;TJ;brak_rekordu_w_api;;;;;;6649714;8212898000062;282
2025;2025;;Sri Lanka;LK;kraj_lub_terytorium;27111100;27111100 - Gaz ziemny skroplony [TJ];;TJ;brak_rekordu_w_api;;;;;;6649863;8212945000062;282
2025;2025;;Sri Lanka;LK;kraj_lub_terytorium;27112100;27112100 - Gaz ziemny w stanie gazowym [TJ];;TJ;brak_rekordu_w_api;;;;;;6649863;8212898000062;282
2025;2025;;Stany Zjednoczone;US;kraj_lub_terytorium;27111100;27111100 - Gaz ziemny skroplony [TJ];;TJ;brak_rekordu_w_api;;;;;;6649783;8212945000062;282
2025;2025;;Stany Zjednoczone;US;kraj_lub_terytorium;27112100;27112100 - Gaz ziemny w stanie gazowym [TJ];;TJ;brak_rekordu_w_api;;;;;;6649783;8212898000062;282
2025;2025;;Sudan;SD;kraj_lub_terytorium;27111100;27111100 - Gaz ziemny skroplony [TJ];;TJ;brak_rekordu_w_api;;;;;;6649710;8212945000062;282
2025;2025;;Sudan;SD;kraj_lub_terytorium;27112100;27112100 - Gaz ziemny w stanie gazowym [TJ];;TJ;brak_rekordu_w_api;;;;;;6649710;8212898000062;282
2025;2025;;Sudan Południowy;SS;kraj_lub_terytorium;27111100;27111100 - Gaz ziemny skroplony [TJ];;TJ;brak_rekordu_w_api;;;;;;6649709;8212945000062;282
2025;2025;;Sudan Południowy;SS;kraj_lub_terytorium;27112100;27112100 - Gaz ziemny w stanie gazowym [TJ];;TJ;brak_rekordu_w_api;;;;;;6649709;8212898000062;282
2025;2025;;Surinam;SR;kraj_lub_terytorium;27111100;27111100 - Gaz ziemny skroplony [TJ];;TJ;brak_rekordu_w_api;;;;;;6649766;8212945000062;282
2025;2025;;Surinam;SR;kraj_lub_terytorium;27112100;27112100 - Gaz ziemny w stanie gazowym [TJ];;TJ;brak_rekordu_w_api;;;;;;6649766;8212898000062;282
2025;2025;;Syria;SY;kraj_lub_terytorium;27111100;27111100 - Gaz ziemny skroplony [TJ];;TJ;brak_rekordu_w_api;;;;;;6649827;8212945000062;282
2025;2025;;Syria;SY;kraj_lub_terytorium;27112100;27112100 - Gaz ziemny w stanie gazowym [TJ];;TJ;brak_rekordu_w_api;;;;;;6649827;8212898000062;282
2025;2025;;Szwajcaria;CH;kraj_lub_terytorium;27111100;27111100 - Gaz ziemny skroplony [TJ];;TJ;brak_rekordu_w_api;;;;;;6649881;8212945000062;282
2025;2025;;Szwajcaria;CH;kraj_lub_terytorium;27112100;27112100 - Gaz ziemny w stanie gazowym [TJ];;TJ;brak_rekordu_w_api;;;;;;6649881;8212898000062;282
2025;2025;;Szwecja;SE;kraj_lub_terytorium;27111100;27111100 - Gaz ziemny skroplony [TJ];;TJ;brak_rekordu_w_api;;;;;;6649882;8212945000062;282
2025;2025;;Szwecja;SE;kraj_lub_terytorium;27112100;27112100 - Gaz ziemny w stanie gazowym [TJ];;TJ;brak_rekordu_w_api;;;;;;6649882;8212898000062;282
2025;2025;;Słowacja;SK;kraj_lub_terytorium;27111100;27111100 - Gaz ziemny skroplony [TJ];13,0;TJ;wartosc_opublikowana;Dane ostateczne;Dane jawne;Nie dotyczy;;1;6649886;8212945000062;282
2025;2025;;Słowacja;SK;kraj_lub_terytorium;27112100;27112100 - Gaz ziemny w stanie gazowym [TJ];9,0;TJ;wartosc_opublikowana;Dane ostateczne;Dane jawne;Nie dotyczy;;1;6649886;8212898000062;282
2025;2025;;Słowenia;SI;kraj_lub_terytorium;27111100;27111100 - Gaz ziemny skroplony [TJ];;TJ;brak_rekordu_w_api;;;;;;6649885;8212945000062;282
2025;2025;;Słowenia;SI;kraj_lub_terytorium;27112100;27112100 - Gaz ziemny w stanie gazowym [TJ];;TJ;brak_rekordu_w_api;;;;;;6649885;8212898000062;282
2025;2025;;Tadżykistan;TJ;kraj_lub_terytorium;27111100;27111100 - Gaz ziemny skroplony [TJ];;TJ;brak_rekordu_w_api;;;;;;6649826;8212945000062;282
2025;2025;;Tadżykistan;TJ;kraj_lub_terytorium;27112100;27112100 - Gaz ziemny w stanie gazowym [TJ];;TJ;brak_rekordu_w_api;;;;;;6649826;8212898000062;282
2025;2025;;Tajlandia;TH;kraj_lub_terytorium;27111100;27111100 - Gaz ziemny skroplony [TJ];;TJ;brak_rekordu_w_api;;;;;;6649824;8212945000062;282
2025;2025;;Tajlandia;TH;kraj_lub_terytorium;27112100;27112100 - Gaz ziemny w stanie gazowym [TJ];;TJ;brak_rekordu_w_api;;;;;;6649824;8212898000062;282
2025;2025;;Tajwan;TW;kraj_lub_terytorium;27111100;27111100 - Gaz ziemny skroplony [TJ];;TJ;brak_rekordu_w_api;;;;;;7548478;8212945000062;282
2025;2025;;Tajwan;TW;kraj_lub_terytorium;27112100;27112100 - Gaz ziemny w stanie gazowym [TJ];;TJ;brak_rekordu_w_api;;;;;;7548478;8212898000062;282
2025;2025;;Tanzania;TZ;kraj_lub_terytorium;27111100;27111100 - Gaz ziemny skroplony [TJ];;TJ;brak_rekordu_w_api;;;;;;6649703;8212945000062;282
2025;2025;;Tanzania;TZ;kraj_lub_terytorium;27112100;27112100 - Gaz ziemny w stanie gazowym [TJ];;TJ;brak_rekordu_w_api;;;;;;6649703;8212898000062;282
2025;2025;;Timor Wschodni;TL;kraj_lub_terytorium;27111100;27111100 - Gaz ziemny skroplony [TJ];;TJ;brak_rekordu_w_api;;;;;;6649832;8212945000062;282
2025;2025;;Timor Wschodni;TL;kraj_lub_terytorium;27112100;27112100 - Gaz ziemny w stanie gazowym [TJ];;TJ;brak_rekordu_w_api;;;;;;6649832;8212898000062;282
2025;2025;;Togo;TG;kraj_lub_terytorium;27111100;27111100 - Gaz ziemny skroplony [TJ];;TJ;brak_rekordu_w_api;;;;;;6649707;8212945000062;282
2025;2025;;Togo;TG;kraj_lub_terytorium;27112100;27112100 - Gaz ziemny w stanie gazowym [TJ];;TJ;brak_rekordu_w_api;;;;;;6649707;8212898000062;282
2025;2025;;Tokelau;TK;kraj_lub_terytorium;27111100;27111100 - Gaz ziemny skroplony [TJ];;TJ;brak_rekordu_w_api;;;;;;6649676;8212945000062;282
2025;2025;;Tokelau;TK;kraj_lub_terytorium;27112100;27112100 - Gaz ziemny w stanie gazowym [TJ];;TJ;brak_rekordu_w_api;;;;;;6649676;8212898000062;282
2025;2025;;Tonga;TO;kraj_lub_terytorium;27111100;27111100 - Gaz ziemny skroplony [TJ];;TJ;brak_rekordu_w_api;;;;;;6649675;8212945000062;282
2025;2025;;Tonga;TO;kraj_lub_terytorium;27112100;27112100 - Gaz ziemny w stanie gazowym [TJ];;TJ;brak_rekordu_w_api;;;;;;6649675;8212898000062;282
2025;2025;;Trynidad i Tobago;TT;kraj_lub_terytorium;27111100;27111100 - Gaz ziemny skroplony [TJ];;TJ;brak_rekordu_w_api;;;;;;6649785;8212945000062;282
2025;2025;;Trynidad i Tobago;TT;kraj_lub_terytorium;27112100;27112100 - Gaz ziemny w stanie gazowym [TJ];;TJ;brak_rekordu_w_api;;;;;;6649785;8212898000062;282
2025;2025;;Tunezja;TN;kraj_lub_terytorium;27111100;27111100 - Gaz ziemny skroplony [TJ];;TJ;brak_rekordu_w_api;;;;;;6649706;8212945000062;282
2025;2025;;Tunezja;TN;kraj_lub_terytorium;27112100;27112100 - Gaz ziemny w stanie gazowym [TJ];;TJ;brak_rekordu_w_api;;;;;;6649706;8212898000062;282
2025;2025;;Turcja;TR;kraj_lub_terytorium;27111100;27111100 - Gaz ziemny skroplony [TJ];;TJ;brak_rekordu_w_api;;;;;;6649880;8212945000062;282
2025;2025;;Turcja;TR;kraj_lub_terytorium;27112100;27112100 - Gaz ziemny w stanie gazowym [TJ];;TJ;brak_rekordu_w_api;;;;;;6649880;8212898000062;282
2025;2025;;Turkmenistan;TM;kraj_lub_terytorium;27111100;27111100 - Gaz ziemny skroplony [TJ];;TJ;brak_rekordu_w_api;;;;;;6649822;8212945000062;282
2025;2025;;Turkmenistan;TM;kraj_lub_terytorium;27112100;27112100 - Gaz ziemny w stanie gazowym [TJ];;TJ;brak_rekordu_w_api;;;;;;6649822;8212898000062;282
2025;2025;;Turks i Caicos;TC;kraj_lub_terytorium;27111100;27111100 - Gaz ziemny skroplony [TJ];;TJ;brak_rekordu_w_api;;;;;;6649939;8212945000062;282
2025;2025;;Turks i Caicos;TC;kraj_lub_terytorium;27112100;27112100 - Gaz ziemny w stanie gazowym [TJ];;TJ;brak_rekordu_w_api;;;;;;6649939;8212898000062;282
2025;2025;;Tuvalu;TV;kraj_lub_terytorium;27111100;27111100 - Gaz ziemny skroplony [TJ];;TJ;brak_rekordu_w_api;;;;;;6649674;8212945000062;282
2025;2025;;Tuvalu;TV;kraj_lub_terytorium;27112100;27112100 - Gaz ziemny w stanie gazowym [TJ];;TJ;brak_rekordu_w_api;;;;;;6649674;8212898000062;282
2025;2025;;Uganda;UG;kraj_lub_terytorium;27111100;27111100 - Gaz ziemny skroplony [TJ];;TJ;brak_rekordu_w_api;;;;;;6649705;8212945000062;282
2025;2025;;Uganda;UG;kraj_lub_terytorium;27112100;27112100 - Gaz ziemny w stanie gazowym [TJ];;TJ;brak_rekordu_w_api;;;;;;6649705;8212898000062;282
2025;2025;;Ukraina;UA;kraj_lub_terytorium;27111100;27111100 - Gaz ziemny skroplony [TJ];;TJ;brak_rekordu_w_api;;;;;;6649879;8212945000062;282
2025;2025;;Ukraina;UA;kraj_lub_terytorium;27112100;27112100 - Gaz ziemny w stanie gazowym [TJ];75789,0;TJ;wartosc_opublikowana;Dane ostateczne;Dane jawne;Nie dotyczy;;1;6649879;8212898000062;282
2025;2025;;Urugwaj;UY;kraj_lub_terytorium;27111100;27111100 - Gaz ziemny skroplony [TJ];;TJ;brak_rekordu_w_api;;;;;;6649765;8212945000062;282
2025;2025;;Urugwaj;UY;kraj_lub_terytorium;27112100;27112100 - Gaz ziemny w stanie gazowym [TJ];;TJ;brak_rekordu_w_api;;;;;;6649765;8212898000062;282
2025;2025;;Uzbekistan;UZ;kraj_lub_terytorium;27111100;27111100 - Gaz ziemny skroplony [TJ];;TJ;brak_rekordu_w_api;;;;;;6649820;8212945000062;282
2025;2025;;Uzbekistan;UZ;kraj_lub_terytorium;27112100;27112100 - Gaz ziemny w stanie gazowym [TJ];;TJ;brak_rekordu_w_api;;;;;;6649820;8212898000062;282
2025;2025;;Vanuatu;VU;kraj_lub_terytorium;27111100;27111100 - Gaz ziemny skroplony [TJ];;TJ;brak_rekordu_w_api;;;;;;6649688;8212945000062;282
2025;2025;;Vanuatu;VU;kraj_lub_terytorium;27112100;27112100 - Gaz ziemny w stanie gazowym [TJ];;TJ;brak_rekordu_w_api;;;;;;6649688;8212898000062;282
2025;2025;;Wallis i Futuna;WF;kraj_lub_terytorium;27111100;27111100 - Gaz ziemny skroplony [TJ];;TJ;brak_rekordu_w_api;;;;;;6649673;8212945000062;282
2025;2025;;Wallis i Futuna;WF;kraj_lub_terytorium;27112100;27112100 - Gaz ziemny w stanie gazowym [TJ];;TJ;brak_rekordu_w_api;;;;;;6649673;8212898000062;282
2025;2025;;Watykan;VA;kraj_lub_terytorium;27111100;27111100 - Gaz ziemny skroplony [TJ];;TJ;brak_rekordu_w_api;;;;;;6649907;8212945000062;282
2025;2025;;Watykan;VA;kraj_lub_terytorium;27112100;27112100 - Gaz ziemny w stanie gazowym [TJ];;TJ;brak_rekordu_w_api;;;;;;6649907;8212898000062;282
2025;2025;;Wenezuela;VE;kraj_lub_terytorium;27111100;27111100 - Gaz ziemny skroplony [TJ];;TJ;brak_rekordu_w_api;;;;;;6649764;8212945000062;282
2025;2025;;Wenezuela;VE;kraj_lub_terytorium;27112100;27112100 - Gaz ziemny w stanie gazowym [TJ];;TJ;brak_rekordu_w_api;;;;;;6649764;8212898000062;282
2025;2025;;Wielka Brytania;GB;kraj_lub_terytorium;27111100;27111100 - Gaz ziemny skroplony [TJ];;TJ;brak_rekordu_w_api;;;;;;6649877;8212945000062;282
2025;2025;;Wielka Brytania;GB;kraj_lub_terytorium;27112100;27112100 - Gaz ziemny w stanie gazowym [TJ];;TJ;brak_rekordu_w_api;;;;;;6649877;8212898000062;282
2025;2025;;Wietnam;VN;kraj_lub_terytorium;27111100;27111100 - Gaz ziemny skroplony [TJ];;TJ;brak_rekordu_w_api;;;;;;7548674;8212945000062;282
2025;2025;;Wietnam;VN;kraj_lub_terytorium;27112100;27112100 - Gaz ziemny w stanie gazowym [TJ];;TJ;brak_rekordu_w_api;;;;;;7548674;8212898000062;282
2025;2025;;Wybrzeże Kości Słoniowej;CI;kraj_lub_terytorium;27111100;27111100 - Gaz ziemny skroplony [TJ];;TJ;brak_rekordu_w_api;;;;;;6649738;8212945000062;282
2025;2025;;Wybrzeże Kości Słoniowej;CI;kraj_lub_terytorium;27112100;27112100 - Gaz ziemny w stanie gazowym [TJ];;TJ;brak_rekordu_w_api;;;;;;6649738;8212898000062;282
2025;2025;;Wyspa Bouveta;BV;kraj_lub_terytorium;27111100;27111100 - Gaz ziemny skroplony [TJ];;TJ;brak_rekordu_w_api;;;;;;6649758;8212945000062;282
2025;2025;;Wyspa Bouveta;BV;kraj_lub_terytorium;27112100;27112100 - Gaz ziemny w stanie gazowym [TJ];;TJ;brak_rekordu_w_api;;;;;;6649758;8212898000062;282
2025;2025;;Wyspa Bożego Narodzenia;CX;kraj_lub_terytorium;27111100;27111100 - Gaz ziemny skroplony [TJ];;TJ;brak_rekordu_w_api;;;;;;6649860;8212945000062;282
2025;2025;;Wyspa Bożego Narodzenia;CX;kraj_lub_terytorium;27112100;27112100 - Gaz ziemny w stanie gazowym [TJ];;TJ;brak_rekordu_w_api;;;;;;6649860;8212898000062;282
2025;2025;;Wyspa Świętej Heleny, Wyspa Wniebowstąpienia i Tristan da Cunha;SH;kraj_lub_terytorium;27111100;27111100 - Gaz ziemny skroplony [TJ];;TJ;brak_rekordu_w_api;;;;;;6649720;8212945000062;282
2025;2025;;Wyspa Świętej Heleny, Wyspa Wniebowstąpienia i Tristan da Cunha;SH;kraj_lub_terytorium;27112100;27112100 - Gaz ziemny w stanie gazowym [TJ];;TJ;brak_rekordu_w_api;;;;;;6649720;8212898000062;282
2025;2025;;Wyspy Cooka;CK;kraj_lub_terytorium;27111100;27111100 - Gaz ziemny skroplony [TJ];;TJ;brak_rekordu_w_api;;;;;;6649697;8212945000062;282
2025;2025;;Wyspy Cooka;CK;kraj_lub_terytorium;27112100;27112100 - Gaz ziemny w stanie gazowym [TJ];;TJ;brak_rekordu_w_api;;;;;;6649697;8212898000062;282
2025;2025;;Wyspy Dziewicze Stanów Zjednoczonych;VI;kraj_lub_terytorium;27111100;27111100 - Gaz ziemny skroplony [TJ];;TJ;brak_rekordu_w_api;;;;;;6649782;8212945000062;282
2025;2025;;Wyspy Dziewicze Stanów Zjednoczonych;VI;kraj_lub_terytorium;27112100;27112100 - Gaz ziemny w stanie gazowym [TJ];;TJ;brak_rekordu_w_api;;;;;;6649782;8212898000062;282
2025;2025;;Wyspy Heard i McDonalda;HM;kraj_lub_terytorium;27111100;27111100 - Gaz ziemny skroplony [TJ];;TJ;brak_rekordu_w_api;;;;;;6649691;8212945000062;282
2025;2025;;Wyspy Heard i McDonalda;HM;kraj_lub_terytorium;27112100;27112100 - Gaz ziemny w stanie gazowym [TJ];;TJ;brak_rekordu_w_api;;;;;;6649691;8212898000062;282
2025;2025;;Wyspy Kokosowe (inaczej Wyspy Keelinga);CC;kraj_lub_terytorium;27111100;27111100 - Gaz ziemny skroplony [TJ];;TJ;brak_rekordu_w_api;;;;;;7473122;8212945000062;282
2025;2025;;Wyspy Kokosowe (inaczej Wyspy Keelinga);CC;kraj_lub_terytorium;27112100;27112100 - Gaz ziemny w stanie gazowym [TJ];;TJ;brak_rekordu_w_api;;;;;;7473122;8212898000062;282
2025;2025;;Wyspy Marshalla;MH;kraj_lub_terytorium;27111100;27111100 - Gaz ziemny skroplony [TJ];;TJ;brak_rekordu_w_api;;;;;;6649681;8212945000062;282
2025;2025;;Wyspy Marshalla;MH;kraj_lub_terytorium;27112100;27112100 - Gaz ziemny w stanie gazowym [TJ];;TJ;brak_rekordu_w_api;;;;;;6649681;8212898000062;282
2025;2025;;Wyspy Owcze;FO;kraj_lub_terytorium;27111100;27111100 - Gaz ziemny skroplony [TJ];;TJ;brak_rekordu_w_api;;;;;;6649914;8212945000062;282
2025;2025;;Wyspy Owcze;FO;kraj_lub_terytorium;27112100;27112100 - Gaz ziemny w stanie gazowym [TJ];;TJ;brak_rekordu_w_api;;;;;;6649914;8212898000062;282
2025;2025;;Wyspy Salomona;SB;kraj_lub_terytorium;27111100;27111100 - Gaz ziemny skroplony [TJ];;TJ;brak_rekordu_w_api;;;;;;6649698;8212945000062;282
2025;2025;;Wyspy Salomona;SB;kraj_lub_terytorium;27112100;27112100 - Gaz ziemny w stanie gazowym [TJ];;TJ;brak_rekordu_w_api;;;;;;6649698;8212898000062;282
2025;2025;;Wyspy Świętego Tomasza i Książęca;ST;kraj_lub_terytorium;27111100;27111100 - Gaz ziemny skroplony [TJ];;TJ;brak_rekordu_w_api;;;;;;6649718;8212945000062;282
2025;2025;;Wyspy Świętego Tomasza i Książęca;ST;kraj_lub_terytorium;27112100;27112100 - Gaz ziemny w stanie gazowym [TJ];;TJ;brak_rekordu_w_api;;;;;;6649718;8212898000062;282
2025;2025;;Węgry;HU;kraj_lub_terytorium;27111100;27111100 - Gaz ziemny skroplony [TJ];;TJ;brak_rekordu_w_api;;;;;;6649906;8212945000062;282
2025;2025;;Węgry;HU;kraj_lub_terytorium;27112100;27112100 - Gaz ziemny w stanie gazowym [TJ];;TJ;brak_rekordu_w_api;;;;;;6649906;8212898000062;282
2025;2025;;Włochy;IT;kraj_lub_terytorium;27111100;27111100 - Gaz ziemny skroplony [TJ];;TJ;brak_rekordu_w_api;;;;;;6649903;8212945000062;282
2025;2025;;Włochy;IT;kraj_lub_terytorium;27112100;27112100 - Gaz ziemny w stanie gazowym [TJ];;TJ;brak_rekordu_w_api;;;;;;6649903;8212898000062;282
2025;2025;;Zambia;ZM;kraj_lub_terytorium;27111100;27111100 - Gaz ziemny skroplony [TJ];;TJ;brak_rekordu_w_api;;;;;;6649701;8212945000062;282
2025;2025;;Zambia;ZM;kraj_lub_terytorium;27112100;27112100 - Gaz ziemny w stanie gazowym [TJ];;TJ;brak_rekordu_w_api;;;;;;6649701;8212898000062;282
2025;2025;;Zap. i zaop. statków, niezn.arm.;QQ;kategoria_specjalna;27111100;27111100 - Gaz ziemny skroplony [TJ];;TJ;brak_rekordu_w_api;;;;;;7277329;8212945000062;282
2025;2025;;Zap. i zaop. statków, niezn.arm.;QQ;kategoria_specjalna;27112100;27112100 - Gaz ziemny w stanie gazowym [TJ];;TJ;brak_rekordu_w_api;;;;;;7277329;8212898000062;282
2025;2025;;Zimbabwe;ZW;kraj_lub_terytorium;27111100;27111100 - Gaz ziemny skroplony [TJ];;TJ;brak_rekordu_w_api;;;;;;6649712;8212945000062;282
2025;2025;;Zimbabwe;ZW;kraj_lub_terytorium;27112100;27112100 - Gaz ziemny w stanie gazowym [TJ];;TJ;brak_rekordu_w_api;;;;;;6649712;8212898000062;282
2025;2025;;Zjednoczone Emiraty Arabskie;AE;kraj_lub_terytorium;27111100;27111100 - Gaz ziemny skroplony [TJ];;TJ;brak_rekordu_w_api;;;;;;6649823;8212945000062;282
2025;2025;;Zjednoczone Emiraty Arabskie;AE;kraj_lub_terytorium;27112100;27112100 - Gaz ziemny w stanie gazowym [TJ];;TJ;brak_rekordu_w_api;;;;;;6649823;8212898000062;282
2025;2025;;Łotwa;LV;kraj_lub_terytorium;27111100;27111100 - Gaz ziemny skroplony [TJ];;TJ;brak_rekordu_w_api;;;;;;6649902;8212945000062;282
2025;2025;;Łotwa;LV;kraj_lub_terytorium;27112100;27112100 - Gaz ziemny w stanie gazowym [TJ];;TJ;brak_rekordu_w_api;;;;;;6649902;8212898000062;282
